
 /----------------------------------------------------------------------------\
 |  yosys -- Yosys Open SYnthesis Suite                                       |
 |  Copyright (C) 2012 - 2026  Claire Xenia Wolf <claire@yosyshq.com>         |
 |  Distributed under an ISC-like license, type "license" to see terms        |
 \----------------------------------------------------------------------------/
 Yosys 0.69+post (git sha1 143eb14f9cc55d6f8927e68523b0c9d2166ed02c, Release, AppleClang clang++ 21.0.0.21000101)

-- Executing script file `synth.tcl' --

1. Executing Verilog-2005 frontend: gpu_top.sv
Parsing SystemVerilog input from `gpu_top.sv' to AST representation.
Generating RTLIL representation for module `\data_mem'.
Generating RTLIL representation for module `\fetch_decode_unit'.
Generating RTLIL representation for module `\inst_mem'.
Generating RTLIL representation for module `\pc_update_unit'.
Generating RTLIL representation for module `\simt_execution_core'.
Generating RTLIL representation for module `\warp_scheduler'.
Warning: Replacing memory \pc_table with list of registers. See warp_scheduler.sv:22
Generating RTLIL representation for module `\gpu_top'.
Successfully finished Verilog frontend.

2. Executing HIERARCHY pass (managing design hierarchy).
Parameter \NUM_WARPS = 2
Parameter \NO_LANES = 4
Parameter \MEM_DEPTH = 32
Parameter \REGISTERS_PER_WARP = 8

3. Executing AST frontend in derive mode using pre-parsed AST for module `\gpu_top'.
Parameter \NUM_WARPS = 2
Parameter \NO_LANES = 4
Parameter \MEM_DEPTH = 32
Parameter \REGISTERS_PER_WARP = 8
Generating RTLIL representation for module `$paramod$97a892ab15a32c28f7f4862862616f313a548ef9\gpu_top'.

3.1. Analyzing design hierarchy..
Top module:  \gpu_top
Used module:     \data_mem
Used module:     \fetch_decode_unit
Used module:     \inst_mem
Used module:     \pc_update_unit
Used module:     \simt_execution_core
Used module:     \warp_scheduler
Parameter \DATA_WIDTH = 32
Parameter \MEM_DEPTH = 32
Parameter \NO_LANES = 4

3.2. Executing AST frontend in derive mode using pre-parsed AST for module `\data_mem'.
Parameter \DATA_WIDTH = 32
Parameter \MEM_DEPTH = 32
Parameter \NO_LANES = 4
Generating RTLIL representation for module `$paramod$b2a1694e054de7dfdcdbcd4b1356480af6859439\data_mem'.
Parameter \PC_WIDTH = 32
Parameter \INST_WIDTH = 32
Parameter \WARP_ID_WIDTH = 2

3.3. Executing AST frontend in derive mode using pre-parsed AST for module `\fetch_decode_unit'.
Parameter \PC_WIDTH = 32
Parameter \INST_WIDTH = 32
Parameter \WARP_ID_WIDTH = 2
Generating RTLIL representation for module `$paramod$20f9d1ebf2d220d6d149ed1f156499717425796a\fetch_decode_unit'.
Parameter \INST_WIDTH = 32
Parameter \PC_WIDTH = 32
Parameter \MEM_DEPTH = 32

3.4. Executing AST frontend in derive mode using pre-parsed AST for module `\inst_mem'.
Parameter \INST_WIDTH = 32
Parameter \PC_WIDTH = 32
Parameter \MEM_DEPTH = 32
Generating RTLIL representation for module `$paramod$bbdd970d5e9d5db000ca33c4cf0f699d1c916bbb\inst_mem'.
Parameter \PC_WIDTH = 32

3.5. Executing AST frontend in derive mode using pre-parsed AST for module `\pc_update_unit'.
Parameter \PC_WIDTH = 32
Generating RTLIL representation for module `$paramod\pc_update_unit\PC_WIDTH=s32'00000000000000000000000000100000'.
Parameter \NUM_WARPS = 2
Parameter \WARP_ID_WIDTH = 2
Parameter \NO_LANES = 4
Parameter \DATA_WIDTH = 32
Parameter \REG_ADDR_WIDTH = 5
Parameter \REGISTERS_PER_WARP = 8

3.6. Executing AST frontend in derive mode using pre-parsed AST for module `\simt_execution_core'.
Parameter \NUM_WARPS = 2
Parameter \WARP_ID_WIDTH = 2
Parameter \NO_LANES = 4
Parameter \DATA_WIDTH = 32
Parameter \REG_ADDR_WIDTH = 5
Parameter \REGISTERS_PER_WARP = 8
Generating RTLIL representation for module `$paramod$c340cd9ddb594af487b68a1f41f357874e13cce6\simt_execution_core'.
Parameter \NUM_WARPS = 2
Parameter \PC_WIDTH = 32

3.7. Executing AST frontend in derive mode using pre-parsed AST for module `\warp_scheduler'.
Parameter \NUM_WARPS = 2
Parameter \PC_WIDTH = 32
Generating RTLIL representation for module `$paramod$fd0170a58924e6d7b2131d4623b428d1d1232fac\warp_scheduler'.
Warning: Replacing memory \pc_table with list of registers. See warp_scheduler.sv:22

3.8. Analyzing design hierarchy..
Top module:  \gpu_top
Used module:     $paramod$b2a1694e054de7dfdcdbcd4b1356480af6859439\data_mem
Used module:     $paramod$20f9d1ebf2d220d6d149ed1f156499717425796a\fetch_decode_unit
Used module:     $paramod$bbdd970d5e9d5db000ca33c4cf0f699d1c916bbb\inst_mem
Used module:     $paramod\pc_update_unit\PC_WIDTH=s32'00000000000000000000000000100000
Used module:     $paramod$c340cd9ddb594af487b68a1f41f357874e13cce6\simt_execution_core
Used module:     $paramod$fd0170a58924e6d7b2131d4623b428d1d1232fac\warp_scheduler

3.9. Analyzing design hierarchy..
Top module:  \gpu_top
Used module:     $paramod$b2a1694e054de7dfdcdbcd4b1356480af6859439\data_mem
Used module:     $paramod$20f9d1ebf2d220d6d149ed1f156499717425796a\fetch_decode_unit
Used module:     $paramod$bbdd970d5e9d5db000ca33c4cf0f699d1c916bbb\inst_mem
Used module:     $paramod\pc_update_unit\PC_WIDTH=s32'00000000000000000000000000100000
Used module:     $paramod$c340cd9ddb594af487b68a1f41f357874e13cce6\simt_execution_core
Used module:     $paramod$fd0170a58924e6d7b2131d4623b428d1d1232fac\warp_scheduler
Removing unused module `$paramod$97a892ab15a32c28f7f4862862616f313a548ef9\gpu_top'.
Removing unused module `\warp_scheduler'.
Removing unused module `\simt_execution_core'.
Removing unused module `\pc_update_unit'.
Removing unused module `\inst_mem'.
Removing unused module `\fetch_decode_unit'.
Removing unused module `\data_mem'.
Removed 7 unused modules.

4. Executing SYNTH pass.

4.1. Executing HIERARCHY pass (managing design hierarchy).

4.1.1. Analyzing design hierarchy..
Top module:  \gpu_top
Used module:     $paramod$b2a1694e054de7dfdcdbcd4b1356480af6859439\data_mem
Used module:     $paramod$20f9d1ebf2d220d6d149ed1f156499717425796a\fetch_decode_unit
Used module:     $paramod$bbdd970d5e9d5db000ca33c4cf0f699d1c916bbb\inst_mem
Used module:     $paramod\pc_update_unit\PC_WIDTH=s32'00000000000000000000000000100000
Used module:     $paramod$c340cd9ddb594af487b68a1f41f357874e13cce6\simt_execution_core
Used module:     $paramod$fd0170a58924e6d7b2131d4623b428d1d1232fac\warp_scheduler

4.1.2. Analyzing design hierarchy..
Top module:  \gpu_top
Used module:     $paramod$b2a1694e054de7dfdcdbcd4b1356480af6859439\data_mem
Used module:     $paramod$20f9d1ebf2d220d6d149ed1f156499717425796a\fetch_decode_unit
Used module:     $paramod$bbdd970d5e9d5db000ca33c4cf0f699d1c916bbb\inst_mem
Used module:     $paramod\pc_update_unit\PC_WIDTH=s32'00000000000000000000000000100000
Used module:     $paramod$c340cd9ddb594af487b68a1f41f357874e13cce6\simt_execution_core
Used module:     $paramod$fd0170a58924e6d7b2131d4623b428d1d1232fac\warp_scheduler
Removed 0 unused modules.

4.2. Executing PROC pass (convert processes to netlists).

4.2.1. Executing PROC_CLEAN pass (remove empty switches from decision trees).
Cleaned up 0 empty switches.

4.2.2. Executing PROC_RMDEAD pass (remove dead branches from decision trees).
Removed 1 dead cases from process $proc$warp_scheduler.sv:38$1453 in module $paramod$fd0170a58924e6d7b2131d4623b428d1d1232fac\warp_scheduler.
Marked 1 switch rules as full_case in process $proc$warp_scheduler.sv:38$1453 in module $paramod$fd0170a58924e6d7b2131d4623b428d1d1232fac\warp_scheduler.
Marked 4 switch rules as full_case in process $proc$warp_scheduler.sv:19$1443 in module $paramod$fd0170a58924e6d7b2131d4623b428d1d1232fac\warp_scheduler.
Marked 1 switch rules as full_case in process $proc$simt_execution_core.sv:86$1433 in module $paramod$c340cd9ddb594af487b68a1f41f357874e13cce6\simt_execution_core.
Removed 1 dead cases from process $proc$simt_execution_core.sv:61$1413 in module $paramod$c340cd9ddb594af487b68a1f41f357874e13cce6\simt_execution_core.
Marked 1 switch rules as full_case in process $proc$simt_execution_core.sv:61$1413 in module $paramod$c340cd9ddb594af487b68a1f41f357874e13cce6\simt_execution_core.
Marked 1 switch rules as full_case in process $proc$simt_execution_core.sv:86$1396 in module $paramod$c340cd9ddb594af487b68a1f41f357874e13cce6\simt_execution_core.
Removed 1 dead cases from process $proc$simt_execution_core.sv:61$1376 in module $paramod$c340cd9ddb594af487b68a1f41f357874e13cce6\simt_execution_core.
Marked 1 switch rules as full_case in process $proc$simt_execution_core.sv:61$1376 in module $paramod$c340cd9ddb594af487b68a1f41f357874e13cce6\simt_execution_core.
Marked 1 switch rules as full_case in process $proc$simt_execution_core.sv:86$1359 in module $paramod$c340cd9ddb594af487b68a1f41f357874e13cce6\simt_execution_core.
Removed 1 dead cases from process $proc$simt_execution_core.sv:61$1339 in module $paramod$c340cd9ddb594af487b68a1f41f357874e13cce6\simt_execution_core.
Marked 1 switch rules as full_case in process $proc$simt_execution_core.sv:61$1339 in module $paramod$c340cd9ddb594af487b68a1f41f357874e13cce6\simt_execution_core.
Marked 1 switch rules as full_case in process $proc$simt_execution_core.sv:86$1322 in module $paramod$c340cd9ddb594af487b68a1f41f357874e13cce6\simt_execution_core.
Removed 1 dead cases from process $proc$simt_execution_core.sv:61$1302 in module $paramod$c340cd9ddb594af487b68a1f41f357874e13cce6\simt_execution_core.
Marked 1 switch rules as full_case in process $proc$simt_execution_core.sv:61$1302 in module $paramod$c340cd9ddb594af487b68a1f41f357874e13cce6\simt_execution_core.
Marked 1 switch rules as full_case in process $proc$inst_mem.sv:17$1286 in module $paramod$bbdd970d5e9d5db000ca33c4cf0f699d1c916bbb\inst_mem.
Marked 1 switch rules as full_case in process $proc$data_mem.sv:29$1277 in module $paramod$b2a1694e054de7dfdcdbcd4b1356480af6859439\data_mem.
Marked 1 switch rules as full_case in process $proc$data_mem.sv:29$1269 in module $paramod$b2a1694e054de7dfdcdbcd4b1356480af6859439\data_mem.
Marked 1 switch rules as full_case in process $proc$data_mem.sv:29$1261 in module $paramod$b2a1694e054de7dfdcdbcd4b1356480af6859439\data_mem.
Marked 1 switch rules as full_case in process $proc$data_mem.sv:29$1253 in module $paramod$b2a1694e054de7dfdcdbcd4b1356480af6859439\data_mem.
Removed a total of 5 dead cases.

4.2.3. Executing PROC_PRUNE pass (remove redundant assignments in processes).
Removed 1 redundant assignment.
Promoted 52 assignments to connections.

4.2.4. Executing PROC_INIT pass (extract init attributes).

4.2.5. Executing PROC_ARST pass (detect async resets in processes).
Found async reset \rstn in `$paramod$fd0170a58924e6d7b2131d4623b428d1d1232fac\warp_scheduler.$proc$warp_scheduler.sv:19$1443'.

4.2.6. Executing PROC_ROM pass (convert switches to ROMs).
Converted 1 switch.
<suppressed ~16 debug messages>

4.2.7. Executing PROC_MUX pass (convert decision trees to multiplexers).
Creating decoders for process `$paramod$fd0170a58924e6d7b2131d4623b428d1d1232fac\warp_scheduler.$proc$warp_scheduler.sv:38$1453'.
     1/1: $1$mem2reg_rd$\pc_table$warp_scheduler.sv:40$1442_DATA[31:0]$1456
Creating decoders for process `$paramod$fd0170a58924e6d7b2131d4623b428d1d1232fac\warp_scheduler.$proc$warp_scheduler.sv:19$1443'.
     1/8: $0\current_robin[1:0]
     2/8: $2$mem2reg_wr$\pc_table$warp_scheduler.sv:28$1441_ADDR[0:0]$1449
     3/8: $2$mem2reg_wr$\pc_table$warp_scheduler.sv:28$1441_DATA[31:0]$1450
     4/8: $1$mem2reg_wr$\pc_table$warp_scheduler.sv:28$1441_DATA[31:0]$1448
     5/8: $1$mem2reg_wr$\pc_table$warp_scheduler.sv:28$1441_ADDR[0:0]$1447
     6/8: $1\i[31:0]
     7/8: $0\pc_table[1][31:0]
     8/8: $0\pc_table[0][31:0]
Creating decoders for process `$paramod$c340cd9ddb594af487b68a1f41f357874e13cce6\simt_execution_core.$proc$simt_execution_core.sv:86$1433'.
     1/3: $1$memwr$\lane[3].reg_file$simt_execution_core.sv:88$1292_EN[31:0]$1440
     2/3: $1$memwr$\lane[3].reg_file$simt_execution_core.sv:88$1292_DATA[31:0]$1439
     3/3: $1$memwr$\lane[3].reg_file$simt_execution_core.sv:88$1292_ADDR[3:0]$1438
Creating decoders for process `$paramod$c340cd9ddb594af487b68a1f41f357874e13cce6\simt_execution_core.$proc$simt_execution_core.sv:61$1413'.
     1/1: $1\lane[3].alu_result[31:0]
Creating decoders for process `$paramod$c340cd9ddb594af487b68a1f41f357874e13cce6\simt_execution_core.$proc$simt_execution_core.sv:52$1410'.
Creating decoders for process `$paramod$c340cd9ddb594af487b68a1f41f357874e13cce6\simt_execution_core.$proc$simt_execution_core.sv:86$1396'.
     1/3: $1$memwr$\lane[2].reg_file$simt_execution_core.sv:88$1291_EN[31:0]$1403
     2/3: $1$memwr$\lane[2].reg_file$simt_execution_core.sv:88$1291_DATA[31:0]$1402
     3/3: $1$memwr$\lane[2].reg_file$simt_execution_core.sv:88$1291_ADDR[3:0]$1401
Creating decoders for process `$paramod$c340cd9ddb594af487b68a1f41f357874e13cce6\simt_execution_core.$proc$simt_execution_core.sv:61$1376'.
     1/1: $1\lane[2].alu_result[31:0]
Creating decoders for process `$paramod$c340cd9ddb594af487b68a1f41f357874e13cce6\simt_execution_core.$proc$simt_execution_core.sv:52$1373'.
Creating decoders for process `$paramod$c340cd9ddb594af487b68a1f41f357874e13cce6\simt_execution_core.$proc$simt_execution_core.sv:86$1359'.
     1/3: $1$memwr$\lane[1].reg_file$simt_execution_core.sv:88$1290_EN[31:0]$1366
     2/3: $1$memwr$\lane[1].reg_file$simt_execution_core.sv:88$1290_DATA[31:0]$1365
     3/3: $1$memwr$\lane[1].reg_file$simt_execution_core.sv:88$1290_ADDR[3:0]$1364
Creating decoders for process `$paramod$c340cd9ddb594af487b68a1f41f357874e13cce6\simt_execution_core.$proc$simt_execution_core.sv:61$1339'.
     1/1: $1\lane[1].alu_result[31:0]
Creating decoders for process `$paramod$c340cd9ddb594af487b68a1f41f357874e13cce6\simt_execution_core.$proc$simt_execution_core.sv:52$1336'.
Creating decoders for process `$paramod$c340cd9ddb594af487b68a1f41f357874e13cce6\simt_execution_core.$proc$simt_execution_core.sv:86$1322'.
     1/3: $1$memwr$\lane[0].reg_file$simt_execution_core.sv:88$1289_EN[31:0]$1329
     2/3: $1$memwr$\lane[0].reg_file$simt_execution_core.sv:88$1289_DATA[31:0]$1328
     3/3: $1$memwr$\lane[0].reg_file$simt_execution_core.sv:88$1289_ADDR[3:0]$1327
Creating decoders for process `$paramod$c340cd9ddb594af487b68a1f41f357874e13cce6\simt_execution_core.$proc$simt_execution_core.sv:61$1302'.
     1/1: $1\lane[0].alu_result[31:0]
Creating decoders for process `$paramod$c340cd9ddb594af487b68a1f41f357874e13cce6\simt_execution_core.$proc$simt_execution_core.sv:52$1299'.
Creating decoders for process `$paramod$bbdd970d5e9d5db000ca33c4cf0f699d1c916bbb\inst_mem.$proc$inst_mem.sv:17$1286'.
     1/1: $1\instruction[31:0]
Creating decoders for process `$paramod$20f9d1ebf2d220d6d149ed1f156499717425796a\fetch_decode_unit.$proc$fetch_decode_unit.sv:39$1285'.
Creating decoders for process `$paramod$b2a1694e054de7dfdcdbcd4b1356480af6859439\data_mem.$proc$data_mem.sv:29$1277'.
     1/4: $1$memwr$\mem_lanes[3].mem_file$data_mem.sv:31$1252_EN[31:0]$1283
     2/4: $1$memwr$\mem_lanes[3].mem_file$data_mem.sv:31$1252_DATA[31:0]$1282
     3/4: $1$memwr$\mem_lanes[3].mem_file$data_mem.sv:31$1252_ADDR[4:0]$1281
     4/4: $0\lane_load_data[127:96]
Creating decoders for process `$paramod$b2a1694e054de7dfdcdbcd4b1356480af6859439\data_mem.$proc$data_mem.sv:29$1269'.
     1/4: $1$memwr$\mem_lanes[2].mem_file$data_mem.sv:31$1251_EN[31:0]$1275
     2/4: $1$memwr$\mem_lanes[2].mem_file$data_mem.sv:31$1251_DATA[31:0]$1274
     3/4: $1$memwr$\mem_lanes[2].mem_file$data_mem.sv:31$1251_ADDR[4:0]$1273
     4/4: $0\lane_load_data[95:64]
Creating decoders for process `$paramod$b2a1694e054de7dfdcdbcd4b1356480af6859439\data_mem.$proc$data_mem.sv:29$1261'.
     1/4: $1$memwr$\mem_lanes[1].mem_file$data_mem.sv:31$1250_EN[31:0]$1267
     2/4: $1$memwr$\mem_lanes[1].mem_file$data_mem.sv:31$1250_DATA[31:0]$1266
     3/4: $1$memwr$\mem_lanes[1].mem_file$data_mem.sv:31$1250_ADDR[4:0]$1265
     4/4: $0\lane_load_data[63:32]
Creating decoders for process `$paramod$b2a1694e054de7dfdcdbcd4b1356480af6859439\data_mem.$proc$data_mem.sv:29$1253'.
     1/4: $1$memwr$\mem_lanes[0].mem_file$data_mem.sv:31$1249_EN[31:0]$1259
     2/4: $1$memwr$\mem_lanes[0].mem_file$data_mem.sv:31$1249_DATA[31:0]$1258
     3/4: $1$memwr$\mem_lanes[0].mem_file$data_mem.sv:31$1249_ADDR[4:0]$1257
     4/4: $0\lane_load_data[31:0]
Creating decoders for process `\gpu_top.$proc$gpu_top.sv:121$1248'.

4.2.8. Executing PROC_DLATCH pass (convert process syncs to latches).
No latch inferred for signal `$paramod$fd0170a58924e6d7b2131d4623b428d1d1232fac\warp_scheduler.\selected_pc' from process `$paramod$fd0170a58924e6d7b2131d4623b428d1d1232fac\warp_scheduler.$proc$warp_scheduler.sv:38$1453'.
No latch inferred for signal `$paramod$fd0170a58924e6d7b2131d4623b428d1d1232fac\warp_scheduler.\selected_warp_id' from process `$paramod$fd0170a58924e6d7b2131d4623b428d1d1232fac\warp_scheduler.$proc$warp_scheduler.sv:38$1453'.
No latch inferred for signal `$paramod$c340cd9ddb594af487b68a1f41f357874e13cce6\simt_execution_core.\lane[3].alu_result' from process `$paramod$c340cd9ddb594af487b68a1f41f357874e13cce6\simt_execution_core.$proc$simt_execution_core.sv:61$1413'.
No latch inferred for signal `$paramod$c340cd9ddb594af487b68a1f41f357874e13cce6\simt_execution_core.\lane[2].alu_result' from process `$paramod$c340cd9ddb594af487b68a1f41f357874e13cce6\simt_execution_core.$proc$simt_execution_core.sv:61$1376'.
No latch inferred for signal `$paramod$c340cd9ddb594af487b68a1f41f357874e13cce6\simt_execution_core.\lane[1].alu_result' from process `$paramod$c340cd9ddb594af487b68a1f41f357874e13cce6\simt_execution_core.$proc$simt_execution_core.sv:61$1339'.
No latch inferred for signal `$paramod$c340cd9ddb594af487b68a1f41f357874e13cce6\simt_execution_core.\lane[0].alu_result' from process `$paramod$c340cd9ddb594af487b68a1f41f357874e13cce6\simt_execution_core.$proc$simt_execution_core.sv:61$1302'.
No latch inferred for signal `$paramod$bbdd970d5e9d5db000ca33c4cf0f699d1c916bbb\inst_mem.\instruction' from process `$paramod$bbdd970d5e9d5db000ca33c4cf0f699d1c916bbb\inst_mem.$proc$inst_mem.sv:17$1286'.
No latch inferred for signal `$paramod$20f9d1ebf2d220d6d149ed1f156499717425796a\fetch_decode_unit.\alu_op_broadcast' from process `$paramod$20f9d1ebf2d220d6d149ed1f156499717425796a\fetch_decode_unit.$proc$fetch_decode_unit.sv:39$1285'.
No latch inferred for signal `$paramod$20f9d1ebf2d220d6d149ed1f156499717425796a\fetch_decode_unit.\rs1_addr_broadcast' from process `$paramod$20f9d1ebf2d220d6d149ed1f156499717425796a\fetch_decode_unit.$proc$fetch_decode_unit.sv:39$1285'.
No latch inferred for signal `$paramod$20f9d1ebf2d220d6d149ed1f156499717425796a\fetch_decode_unit.\rs2_addr_broadcast' from process `$paramod$20f9d1ebf2d220d6d149ed1f156499717425796a\fetch_decode_unit.$proc$fetch_decode_unit.sv:39$1285'.
No latch inferred for signal `$paramod$20f9d1ebf2d220d6d149ed1f156499717425796a\fetch_decode_unit.\rd_addr_broadcast' from process `$paramod$20f9d1ebf2d220d6d149ed1f156499717425796a\fetch_decode_unit.$proc$fetch_decode_unit.sv:39$1285'.
No latch inferred for signal `$paramod$20f9d1ebf2d220d6d149ed1f156499717425796a\fetch_decode_unit.\is_branch_broadcast' from process `$paramod$20f9d1ebf2d220d6d149ed1f156499717425796a\fetch_decode_unit.$proc$fetch_decode_unit.sv:39$1285'.
No latch inferred for signal `$paramod$20f9d1ebf2d220d6d149ed1f156499717425796a\fetch_decode_unit.\reg_write_enable_broadcast' from process `$paramod$20f9d1ebf2d220d6d149ed1f156499717425796a\fetch_decode_unit.$proc$fetch_decode_unit.sv:39$1285'.
No latch inferred for signal `$paramod$20f9d1ebf2d220d6d149ed1f156499717425796a\fetch_decode_unit.\warp_id_broadcast' from process `$paramod$20f9d1ebf2d220d6d149ed1f156499717425796a\fetch_decode_unit.$proc$fetch_decode_unit.sv:39$1285'.
No latch inferred for signal `\gpu_top.\default_mask' from process `\gpu_top.$proc$gpu_top.sv:121$1248'.

4.2.9. Executing PROC_DFF pass (convert process syncs to FFs).
Creating register for signal `$paramod$fd0170a58924e6d7b2131d4623b428d1d1232fac\warp_scheduler.\i' using process `$paramod$fd0170a58924e6d7b2131d4623b428d1d1232fac\warp_scheduler.$proc$warp_scheduler.sv:19$1443'.
  created $adff cell `$procdff$1643' with positive edge clock and positive level reset.
Creating register for signal `$paramod$fd0170a58924e6d7b2131d4623b428d1d1232fac\warp_scheduler.\current_robin' using process `$paramod$fd0170a58924e6d7b2131d4623b428d1d1232fac\warp_scheduler.$proc$warp_scheduler.sv:19$1443'.
  created $adff cell `$procdff$1648' with positive edge clock and positive level reset.
Creating register for signal `$paramod$fd0170a58924e6d7b2131d4623b428d1d1232fac\warp_scheduler.\pc_table[0]' using process `$paramod$fd0170a58924e6d7b2131d4623b428d1d1232fac\warp_scheduler.$proc$warp_scheduler.sv:19$1443'.
  created $adff cell `$procdff$1653' with positive edge clock and positive level reset.
Creating register for signal `$paramod$fd0170a58924e6d7b2131d4623b428d1d1232fac\warp_scheduler.\pc_table[1]' using process `$paramod$fd0170a58924e6d7b2131d4623b428d1d1232fac\warp_scheduler.$proc$warp_scheduler.sv:19$1443'.
  created $adff cell `$procdff$1658' with positive edge clock and positive level reset.
Creating register for signal `$paramod$fd0170a58924e6d7b2131d4623b428d1d1232fac\warp_scheduler.$mem2reg_wr$\pc_table$warp_scheduler.sv:28$1441_ADDR' using process `$paramod$fd0170a58924e6d7b2131d4623b428d1d1232fac\warp_scheduler.$proc$warp_scheduler.sv:19$1443'.
  created $adff cell `$procdff$1663' with positive edge clock and positive level reset.
Creating register for signal `$paramod$fd0170a58924e6d7b2131d4623b428d1d1232fac\warp_scheduler.$mem2reg_wr$\pc_table$warp_scheduler.sv:28$1441_DATA' using process `$paramod$fd0170a58924e6d7b2131d4623b428d1d1232fac\warp_scheduler.$proc$warp_scheduler.sv:19$1443'.
  created $adff cell `$procdff$1668' with positive edge clock and positive level reset.
Creating register for signal `$paramod$c340cd9ddb594af487b68a1f41f357874e13cce6\simt_execution_core.$memwr$\lane[3].reg_file$simt_execution_core.sv:88$1292_ADDR' using process `$paramod$c340cd9ddb594af487b68a1f41f357874e13cce6\simt_execution_core.$proc$simt_execution_core.sv:86$1433'.
  created $dff cell `$procdff$1669' with positive edge clock.
Creating register for signal `$paramod$c340cd9ddb594af487b68a1f41f357874e13cce6\simt_execution_core.$memwr$\lane[3].reg_file$simt_execution_core.sv:88$1292_DATA' using process `$paramod$c340cd9ddb594af487b68a1f41f357874e13cce6\simt_execution_core.$proc$simt_execution_core.sv:86$1433'.
  created $dff cell `$procdff$1670' with positive edge clock.
Creating register for signal `$paramod$c340cd9ddb594af487b68a1f41f357874e13cce6\simt_execution_core.$memwr$\lane[3].reg_file$simt_execution_core.sv:88$1292_EN' using process `$paramod$c340cd9ddb594af487b68a1f41f357874e13cce6\simt_execution_core.$proc$simt_execution_core.sv:86$1433'.
  created $dff cell `$procdff$1671' with positive edge clock.
Creating register for signal `$paramod$c340cd9ddb594af487b68a1f41f357874e13cce6\simt_execution_core.\lane[3].op1' using process `$paramod$c340cd9ddb594af487b68a1f41f357874e13cce6\simt_execution_core.$proc$simt_execution_core.sv:52$1410'.
  created $dff cell `$procdff$1672' with positive edge clock.
Creating register for signal `$paramod$c340cd9ddb594af487b68a1f41f357874e13cce6\simt_execution_core.\lane[3].op2' using process `$paramod$c340cd9ddb594af487b68a1f41f357874e13cce6\simt_execution_core.$proc$simt_execution_core.sv:52$1410'.
  created $dff cell `$procdff$1673' with positive edge clock.
Creating register for signal `$paramod$c340cd9ddb594af487b68a1f41f357874e13cce6\simt_execution_core.$memwr$\lane[2].reg_file$simt_execution_core.sv:88$1291_ADDR' using process `$paramod$c340cd9ddb594af487b68a1f41f357874e13cce6\simt_execution_core.$proc$simt_execution_core.sv:86$1396'.
  created $dff cell `$procdff$1674' with positive edge clock.
Creating register for signal `$paramod$c340cd9ddb594af487b68a1f41f357874e13cce6\simt_execution_core.$memwr$\lane[2].reg_file$simt_execution_core.sv:88$1291_DATA' using process `$paramod$c340cd9ddb594af487b68a1f41f357874e13cce6\simt_execution_core.$proc$simt_execution_core.sv:86$1396'.
  created $dff cell `$procdff$1675' with positive edge clock.
Creating register for signal `$paramod$c340cd9ddb594af487b68a1f41f357874e13cce6\simt_execution_core.$memwr$\lane[2].reg_file$simt_execution_core.sv:88$1291_EN' using process `$paramod$c340cd9ddb594af487b68a1f41f357874e13cce6\simt_execution_core.$proc$simt_execution_core.sv:86$1396'.
  created $dff cell `$procdff$1676' with positive edge clock.
Creating register for signal `$paramod$c340cd9ddb594af487b68a1f41f357874e13cce6\simt_execution_core.\lane[2].op1' using process `$paramod$c340cd9ddb594af487b68a1f41f357874e13cce6\simt_execution_core.$proc$simt_execution_core.sv:52$1373'.
  created $dff cell `$procdff$1677' with positive edge clock.
Creating register for signal `$paramod$c340cd9ddb594af487b68a1f41f357874e13cce6\simt_execution_core.\lane[2].op2' using process `$paramod$c340cd9ddb594af487b68a1f41f357874e13cce6\simt_execution_core.$proc$simt_execution_core.sv:52$1373'.
  created $dff cell `$procdff$1678' with positive edge clock.
Creating register for signal `$paramod$c340cd9ddb594af487b68a1f41f357874e13cce6\simt_execution_core.$memwr$\lane[1].reg_file$simt_execution_core.sv:88$1290_ADDR' using process `$paramod$c340cd9ddb594af487b68a1f41f357874e13cce6\simt_execution_core.$proc$simt_execution_core.sv:86$1359'.
  created $dff cell `$procdff$1679' with positive edge clock.
Creating register for signal `$paramod$c340cd9ddb594af487b68a1f41f357874e13cce6\simt_execution_core.$memwr$\lane[1].reg_file$simt_execution_core.sv:88$1290_DATA' using process `$paramod$c340cd9ddb594af487b68a1f41f357874e13cce6\simt_execution_core.$proc$simt_execution_core.sv:86$1359'.
  created $dff cell `$procdff$1680' with positive edge clock.
Creating register for signal `$paramod$c340cd9ddb594af487b68a1f41f357874e13cce6\simt_execution_core.$memwr$\lane[1].reg_file$simt_execution_core.sv:88$1290_EN' using process `$paramod$c340cd9ddb594af487b68a1f41f357874e13cce6\simt_execution_core.$proc$simt_execution_core.sv:86$1359'.
  created $dff cell `$procdff$1681' with positive edge clock.
Creating register for signal `$paramod$c340cd9ddb594af487b68a1f41f357874e13cce6\simt_execution_core.\lane[1].op1' using process `$paramod$c340cd9ddb594af487b68a1f41f357874e13cce6\simt_execution_core.$proc$simt_execution_core.sv:52$1336'.
  created $dff cell `$procdff$1682' with positive edge clock.
Creating register for signal `$paramod$c340cd9ddb594af487b68a1f41f357874e13cce6\simt_execution_core.\lane[1].op2' using process `$paramod$c340cd9ddb594af487b68a1f41f357874e13cce6\simt_execution_core.$proc$simt_execution_core.sv:52$1336'.
  created $dff cell `$procdff$1683' with positive edge clock.
Creating register for signal `$paramod$c340cd9ddb594af487b68a1f41f357874e13cce6\simt_execution_core.$memwr$\lane[0].reg_file$simt_execution_core.sv:88$1289_ADDR' using process `$paramod$c340cd9ddb594af487b68a1f41f357874e13cce6\simt_execution_core.$proc$simt_execution_core.sv:86$1322'.
  created $dff cell `$procdff$1684' with positive edge clock.
Creating register for signal `$paramod$c340cd9ddb594af487b68a1f41f357874e13cce6\simt_execution_core.$memwr$\lane[0].reg_file$simt_execution_core.sv:88$1289_DATA' using process `$paramod$c340cd9ddb594af487b68a1f41f357874e13cce6\simt_execution_core.$proc$simt_execution_core.sv:86$1322'.
  created $dff cell `$procdff$1685' with positive edge clock.
Creating register for signal `$paramod$c340cd9ddb594af487b68a1f41f357874e13cce6\simt_execution_core.$memwr$\lane[0].reg_file$simt_execution_core.sv:88$1289_EN' using process `$paramod$c340cd9ddb594af487b68a1f41f357874e13cce6\simt_execution_core.$proc$simt_execution_core.sv:86$1322'.
  created $dff cell `$procdff$1686' with positive edge clock.
Creating register for signal `$paramod$c340cd9ddb594af487b68a1f41f357874e13cce6\simt_execution_core.\lane[0].op1' using process `$paramod$c340cd9ddb594af487b68a1f41f357874e13cce6\simt_execution_core.$proc$simt_execution_core.sv:52$1299'.
  created $dff cell `$procdff$1687' with positive edge clock.
Creating register for signal `$paramod$c340cd9ddb594af487b68a1f41f357874e13cce6\simt_execution_core.\lane[0].op2' using process `$paramod$c340cd9ddb594af487b68a1f41f357874e13cce6\simt_execution_core.$proc$simt_execution_core.sv:52$1299'.
  created $dff cell `$procdff$1688' with positive edge clock.
Creating register for signal `$paramod$b2a1694e054de7dfdcdbcd4b1356480af6859439\data_mem.\lane_load_data [127:96]' using process `$paramod$b2a1694e054de7dfdcdbcd4b1356480af6859439\data_mem.$proc$data_mem.sv:29$1277'.
  created $dff cell `$procdff$1689' with positive edge clock.
Creating register for signal `$paramod$b2a1694e054de7dfdcdbcd4b1356480af6859439\data_mem.$memwr$\mem_lanes[3].mem_file$data_mem.sv:31$1252_ADDR' using process `$paramod$b2a1694e054de7dfdcdbcd4b1356480af6859439\data_mem.$proc$data_mem.sv:29$1277'.
  created $dff cell `$procdff$1690' with positive edge clock.
Creating register for signal `$paramod$b2a1694e054de7dfdcdbcd4b1356480af6859439\data_mem.$memwr$\mem_lanes[3].mem_file$data_mem.sv:31$1252_DATA' using process `$paramod$b2a1694e054de7dfdcdbcd4b1356480af6859439\data_mem.$proc$data_mem.sv:29$1277'.
  created $dff cell `$procdff$1691' with positive edge clock.
Creating register for signal `$paramod$b2a1694e054de7dfdcdbcd4b1356480af6859439\data_mem.$memwr$\mem_lanes[3].mem_file$data_mem.sv:31$1252_EN' using process `$paramod$b2a1694e054de7dfdcdbcd4b1356480af6859439\data_mem.$proc$data_mem.sv:29$1277'.
  created $dff cell `$procdff$1692' with positive edge clock.
Creating register for signal `$paramod$b2a1694e054de7dfdcdbcd4b1356480af6859439\data_mem.\lane_load_data [95:64]' using process `$paramod$b2a1694e054de7dfdcdbcd4b1356480af6859439\data_mem.$proc$data_mem.sv:29$1269'.
  created $dff cell `$procdff$1693' with positive edge clock.
Creating register for signal `$paramod$b2a1694e054de7dfdcdbcd4b1356480af6859439\data_mem.$memwr$\mem_lanes[2].mem_file$data_mem.sv:31$1251_ADDR' using process `$paramod$b2a1694e054de7dfdcdbcd4b1356480af6859439\data_mem.$proc$data_mem.sv:29$1269'.
  created $dff cell `$procdff$1694' with positive edge clock.
Creating register for signal `$paramod$b2a1694e054de7dfdcdbcd4b1356480af6859439\data_mem.$memwr$\mem_lanes[2].mem_file$data_mem.sv:31$1251_DATA' using process `$paramod$b2a1694e054de7dfdcdbcd4b1356480af6859439\data_mem.$proc$data_mem.sv:29$1269'.
  created $dff cell `$procdff$1695' with positive edge clock.
Creating register for signal `$paramod$b2a1694e054de7dfdcdbcd4b1356480af6859439\data_mem.$memwr$\mem_lanes[2].mem_file$data_mem.sv:31$1251_EN' using process `$paramod$b2a1694e054de7dfdcdbcd4b1356480af6859439\data_mem.$proc$data_mem.sv:29$1269'.
  created $dff cell `$procdff$1696' with positive edge clock.
Creating register for signal `$paramod$b2a1694e054de7dfdcdbcd4b1356480af6859439\data_mem.\lane_load_data [63:32]' using process `$paramod$b2a1694e054de7dfdcdbcd4b1356480af6859439\data_mem.$proc$data_mem.sv:29$1261'.
  created $dff cell `$procdff$1697' with positive edge clock.
Creating register for signal `$paramod$b2a1694e054de7dfdcdbcd4b1356480af6859439\data_mem.$memwr$\mem_lanes[1].mem_file$data_mem.sv:31$1250_ADDR' using process `$paramod$b2a1694e054de7dfdcdbcd4b1356480af6859439\data_mem.$proc$data_mem.sv:29$1261'.
  created $dff cell `$procdff$1698' with positive edge clock.
Creating register for signal `$paramod$b2a1694e054de7dfdcdbcd4b1356480af6859439\data_mem.$memwr$\mem_lanes[1].mem_file$data_mem.sv:31$1250_DATA' using process `$paramod$b2a1694e054de7dfdcdbcd4b1356480af6859439\data_mem.$proc$data_mem.sv:29$1261'.
  created $dff cell `$procdff$1699' with positive edge clock.
Creating register for signal `$paramod$b2a1694e054de7dfdcdbcd4b1356480af6859439\data_mem.$memwr$\mem_lanes[1].mem_file$data_mem.sv:31$1250_EN' using process `$paramod$b2a1694e054de7dfdcdbcd4b1356480af6859439\data_mem.$proc$data_mem.sv:29$1261'.
  created $dff cell `$procdff$1700' with positive edge clock.
Creating register for signal `$paramod$b2a1694e054de7dfdcdbcd4b1356480af6859439\data_mem.\lane_load_data [31:0]' using process `$paramod$b2a1694e054de7dfdcdbcd4b1356480af6859439\data_mem.$proc$data_mem.sv:29$1253'.
  created $dff cell `$procdff$1701' with positive edge clock.
Creating register for signal `$paramod$b2a1694e054de7dfdcdbcd4b1356480af6859439\data_mem.$memwr$\mem_lanes[0].mem_file$data_mem.sv:31$1249_ADDR' using process `$paramod$b2a1694e054de7dfdcdbcd4b1356480af6859439\data_mem.$proc$data_mem.sv:29$1253'.
  created $dff cell `$procdff$1702' with positive edge clock.
Creating register for signal `$paramod$b2a1694e054de7dfdcdbcd4b1356480af6859439\data_mem.$memwr$\mem_lanes[0].mem_file$data_mem.sv:31$1249_DATA' using process `$paramod$b2a1694e054de7dfdcdbcd4b1356480af6859439\data_mem.$proc$data_mem.sv:29$1253'.
  created $dff cell `$procdff$1703' with positive edge clock.
Creating register for signal `$paramod$b2a1694e054de7dfdcdbcd4b1356480af6859439\data_mem.$memwr$\mem_lanes[0].mem_file$data_mem.sv:31$1249_EN' using process `$paramod$b2a1694e054de7dfdcdbcd4b1356480af6859439\data_mem.$proc$data_mem.sv:29$1253'.
  created $dff cell `$procdff$1704' with positive edge clock.

4.2.10. Executing PROC_MEMWR pass (convert process memory writes to cells).

4.2.11. Executing PROC_CLEAN pass (remove empty switches from decision trees).
Found and cleaned up 1 empty switch in `$paramod$fd0170a58924e6d7b2131d4623b428d1d1232fac\warp_scheduler.$proc$warp_scheduler.sv:38$1453'.
Removing empty process `$paramod$fd0170a58924e6d7b2131d4623b428d1d1232fac\warp_scheduler.$proc$warp_scheduler.sv:38$1453'.
Found and cleaned up 3 empty switches in `$paramod$fd0170a58924e6d7b2131d4623b428d1d1232fac\warp_scheduler.$proc$warp_scheduler.sv:19$1443'.
Removing empty process `$paramod$fd0170a58924e6d7b2131d4623b428d1d1232fac\warp_scheduler.$proc$warp_scheduler.sv:19$1443'.
Found and cleaned up 1 empty switch in `$paramod$c340cd9ddb594af487b68a1f41f357874e13cce6\simt_execution_core.$proc$simt_execution_core.sv:86$1433'.
Removing empty process `$paramod$c340cd9ddb594af487b68a1f41f357874e13cce6\simt_execution_core.$proc$simt_execution_core.sv:86$1433'.
Found and cleaned up 1 empty switch in `$paramod$c340cd9ddb594af487b68a1f41f357874e13cce6\simt_execution_core.$proc$simt_execution_core.sv:61$1413'.
Removing empty process `$paramod$c340cd9ddb594af487b68a1f41f357874e13cce6\simt_execution_core.$proc$simt_execution_core.sv:61$1413'.
Removing empty process `$paramod$c340cd9ddb594af487b68a1f41f357874e13cce6\simt_execution_core.$proc$simt_execution_core.sv:52$1410'.
Found and cleaned up 1 empty switch in `$paramod$c340cd9ddb594af487b68a1f41f357874e13cce6\simt_execution_core.$proc$simt_execution_core.sv:86$1396'.
Removing empty process `$paramod$c340cd9ddb594af487b68a1f41f357874e13cce6\simt_execution_core.$proc$simt_execution_core.sv:86$1396'.
Found and cleaned up 1 empty switch in `$paramod$c340cd9ddb594af487b68a1f41f357874e13cce6\simt_execution_core.$proc$simt_execution_core.sv:61$1376'.
Removing empty process `$paramod$c340cd9ddb594af487b68a1f41f357874e13cce6\simt_execution_core.$proc$simt_execution_core.sv:61$1376'.
Removing empty process `$paramod$c340cd9ddb594af487b68a1f41f357874e13cce6\simt_execution_core.$proc$simt_execution_core.sv:52$1373'.
Found and cleaned up 1 empty switch in `$paramod$c340cd9ddb594af487b68a1f41f357874e13cce6\simt_execution_core.$proc$simt_execution_core.sv:86$1359'.
Removing empty process `$paramod$c340cd9ddb594af487b68a1f41f357874e13cce6\simt_execution_core.$proc$simt_execution_core.sv:86$1359'.
Found and cleaned up 1 empty switch in `$paramod$c340cd9ddb594af487b68a1f41f357874e13cce6\simt_execution_core.$proc$simt_execution_core.sv:61$1339'.
Removing empty process `$paramod$c340cd9ddb594af487b68a1f41f357874e13cce6\simt_execution_core.$proc$simt_execution_core.sv:61$1339'.
Removing empty process `$paramod$c340cd9ddb594af487b68a1f41f357874e13cce6\simt_execution_core.$proc$simt_execution_core.sv:52$1336'.
Found and cleaned up 1 empty switch in `$paramod$c340cd9ddb594af487b68a1f41f357874e13cce6\simt_execution_core.$proc$simt_execution_core.sv:86$1322'.
Removing empty process `$paramod$c340cd9ddb594af487b68a1f41f357874e13cce6\simt_execution_core.$proc$simt_execution_core.sv:86$1322'.
Found and cleaned up 1 empty switch in `$paramod$c340cd9ddb594af487b68a1f41f357874e13cce6\simt_execution_core.$proc$simt_execution_core.sv:61$1302'.
Removing empty process `$paramod$c340cd9ddb594af487b68a1f41f357874e13cce6\simt_execution_core.$proc$simt_execution_core.sv:61$1302'.
Removing empty process `$paramod$c340cd9ddb594af487b68a1f41f357874e13cce6\simt_execution_core.$proc$simt_execution_core.sv:52$1299'.
Found and cleaned up 1 empty switch in `$paramod$bbdd970d5e9d5db000ca33c4cf0f699d1c916bbb\inst_mem.$proc$inst_mem.sv:17$1286'.
Removing empty process `$paramod$bbdd970d5e9d5db000ca33c4cf0f699d1c916bbb\inst_mem.$proc$inst_mem.sv:17$1286'.
Removing empty process `$paramod$20f9d1ebf2d220d6d149ed1f156499717425796a\fetch_decode_unit.$proc$fetch_decode_unit.sv:39$1285'.
Found and cleaned up 1 empty switch in `$paramod$b2a1694e054de7dfdcdbcd4b1356480af6859439\data_mem.$proc$data_mem.sv:29$1277'.
Removing empty process `$paramod$b2a1694e054de7dfdcdbcd4b1356480af6859439\data_mem.$proc$data_mem.sv:29$1277'.
Found and cleaned up 1 empty switch in `$paramod$b2a1694e054de7dfdcdbcd4b1356480af6859439\data_mem.$proc$data_mem.sv:29$1269'.
Removing empty process `$paramod$b2a1694e054de7dfdcdbcd4b1356480af6859439\data_mem.$proc$data_mem.sv:29$1269'.
Found and cleaned up 1 empty switch in `$paramod$b2a1694e054de7dfdcdbcd4b1356480af6859439\data_mem.$proc$data_mem.sv:29$1261'.
Removing empty process `$paramod$b2a1694e054de7dfdcdbcd4b1356480af6859439\data_mem.$proc$data_mem.sv:29$1261'.
Found and cleaned up 1 empty switch in `$paramod$b2a1694e054de7dfdcdbcd4b1356480af6859439\data_mem.$proc$data_mem.sv:29$1253'.
Removing empty process `$paramod$b2a1694e054de7dfdcdbcd4b1356480af6859439\data_mem.$proc$data_mem.sv:29$1253'.
Removing empty process `gpu_top.$proc$gpu_top.sv:121$1248'.
Cleaned up 17 empty switches.

4.2.12. Executing OPT_EXPR pass (perform const folding).
Optimizing module $paramod$fd0170a58924e6d7b2131d4623b428d1d1232fac\warp_scheduler.
<suppressed ~15 debug messages>
Optimizing module $paramod$c340cd9ddb594af487b68a1f41f357874e13cce6\simt_execution_core.
<suppressed ~4 debug messages>
Optimizing module $paramod\pc_update_unit\PC_WIDTH=s32'00000000000000000000000000100000.
Optimizing module $paramod$bbdd970d5e9d5db000ca33c4cf0f699d1c916bbb\inst_mem.
<suppressed ~2 debug messages>
Optimizing module $paramod$20f9d1ebf2d220d6d149ed1f156499717425796a\fetch_decode_unit.
Optimizing module $paramod$b2a1694e054de7dfdcdbcd4b1356480af6859439\data_mem.
Optimizing module gpu_top.

4.3. Executing OPT_EXPR pass (perform const folding).
Optimizing module $paramod$fd0170a58924e6d7b2131d4623b428d1d1232fac\warp_scheduler.
Optimizing module $paramod$c340cd9ddb594af487b68a1f41f357874e13cce6\simt_execution_core.
<suppressed ~24 debug messages>
Optimizing module $paramod\pc_update_unit\PC_WIDTH=s32'00000000000000000000000000100000.
Optimizing module $paramod$bbdd970d5e9d5db000ca33c4cf0f699d1c916bbb\inst_mem.
Optimizing module $paramod$20f9d1ebf2d220d6d149ed1f156499717425796a\fetch_decode_unit.
Optimizing module $paramod$b2a1694e054de7dfdcdbcd4b1356480af6859439\data_mem.
Optimizing module gpu_top.

4.4. Executing OPT_CLEAN pass (remove unused cells and wires).
Finding unused cells or wires in module $paramod$fd0170a58924e6d7b2131d4623b428d1d1232fac\warp_scheduler..
Finding unused cells or wires in module $paramod$c340cd9ddb594af487b68a1f41f357874e13cce6\simt_execution_core..
Finding unused cells or wires in module $paramod\pc_update_unit\PC_WIDTH=s32'00000000000000000000000000100000..
Finding unused cells or wires in module $paramod$bbdd970d5e9d5db000ca33c4cf0f699d1c916bbb\inst_mem..
Finding unused cells or wires in module $paramod$20f9d1ebf2d220d6d149ed1f156499717425796a\fetch_decode_unit..
Finding unused cells or wires in module $paramod$b2a1694e054de7dfdcdbcd4b1356480af6859439\data_mem..
Finding unused cells or wires in module \gpu_top..
Removed 38 unused cells and 196 unused wires.
<suppressed ~47 debug messages>

4.5. Executing CHECK pass (checking for obvious problems).
Checking module $paramod$fd0170a58924e6d7b2131d4623b428d1d1232fac\warp_scheduler...
Checking module $paramod$c340cd9ddb594af487b68a1f41f357874e13cce6\simt_execution_core...
Checking module $paramod\pc_update_unit\PC_WIDTH=s32'00000000000000000000000000100000...
Checking module $paramod$bbdd970d5e9d5db000ca33c4cf0f699d1c916bbb\inst_mem...
Checking module $paramod$20f9d1ebf2d220d6d149ed1f156499717425796a\fetch_decode_unit...
Checking module $paramod$b2a1694e054de7dfdcdbcd4b1356480af6859439\data_mem...
Checking module gpu_top...
Found and reported 0 problems.

4.6. Executing OPT pass (performing simple optimizations).

4.6.1. Executing OPT_EXPR pass (perform const folding).
Optimizing module $paramod$fd0170a58924e6d7b2131d4623b428d1d1232fac\warp_scheduler.
Optimizing module $paramod$c340cd9ddb594af487b68a1f41f357874e13cce6\simt_execution_core.
Optimizing module $paramod\pc_update_unit\PC_WIDTH=s32'00000000000000000000000000100000.
Optimizing module $paramod$bbdd970d5e9d5db000ca33c4cf0f699d1c916bbb\inst_mem.
Optimizing module $paramod$20f9d1ebf2d220d6d149ed1f156499717425796a\fetch_decode_unit.
Optimizing module $paramod$b2a1694e054de7dfdcdbcd4b1356480af6859439\data_mem.
Optimizing module gpu_top.

4.6.2. Executing OPT_MERGE pass (detect identical cells).
Finding identical cells in module `$paramod$fd0170a58924e6d7b2131d4623b428d1d1232fac\warp_scheduler'.
Computing hashes of 12 cells of `$paramod$fd0170a58924e6d7b2131d4623b428d1d1232fac\warp_scheduler'.
Finding duplicate cells in `$paramod$fd0170a58924e6d7b2131d4623b428d1d1232fac\warp_scheduler'.
Finding identical cells in module `$paramod$c340cd9ddb594af487b68a1f41f357874e13cce6\simt_execution_core'.
Computing hashes of 192 cells of `$paramod$c340cd9ddb594af487b68a1f41f357874e13cce6\simt_execution_core'.
Finding duplicate cells in `$paramod$c340cd9ddb594af487b68a1f41f357874e13cce6\simt_execution_core'.
Computing hashes of 131 cells of `$paramod$c340cd9ddb594af487b68a1f41f357874e13cce6\simt_execution_core'.
Finding duplicate cells in `$paramod$c340cd9ddb594af487b68a1f41f357874e13cce6\simt_execution_core'.
<suppressed ~183 debug messages>
Finding identical cells in module `$paramod\pc_update_unit\PC_WIDTH=s32'00000000000000000000000000100000'.
Computing hashes of 2 cells of `$paramod\pc_update_unit\PC_WIDTH=s32'00000000000000000000000000100000'.
Finding duplicate cells in `$paramod\pc_update_unit\PC_WIDTH=s32'00000000000000000000000000100000'.
Finding identical cells in module `$paramod$bbdd970d5e9d5db000ca33c4cf0f699d1c916bbb\inst_mem'.
Computing hashes of 3 cells of `$paramod$bbdd970d5e9d5db000ca33c4cf0f699d1c916bbb\inst_mem'.
Finding duplicate cells in `$paramod$bbdd970d5e9d5db000ca33c4cf0f699d1c916bbb\inst_mem'.
Finding identical cells in module `$paramod$20f9d1ebf2d220d6d149ed1f156499717425796a\fetch_decode_unit'.
Computing hashes of 0 cells of `$paramod$20f9d1ebf2d220d6d149ed1f156499717425796a\fetch_decode_unit'.
Finding duplicate cells in `$paramod$20f9d1ebf2d220d6d149ed1f156499717425796a\fetch_decode_unit'.
Finding identical cells in module `$paramod$b2a1694e054de7dfdcdbcd4b1356480af6859439\data_mem'.
Computing hashes of 28 cells of `$paramod$b2a1694e054de7dfdcdbcd4b1356480af6859439\data_mem'.
Finding duplicate cells in `$paramod$b2a1694e054de7dfdcdbcd4b1356480af6859439\data_mem'.
Finding identical cells in module `\gpu_top'.
Computing hashes of 6 cells of `\gpu_top'.
Finding duplicate cells in `\gpu_top'.
Removed a total of 61 cells.

4.6.3. Executing OPT_MUXTREE pass (detect dead branches in mux trees).
Running muxtree optimizer on module $paramod$fd0170a58924e6d7b2131d4623b428d1d1232fac\warp_scheduler..
  Creating internal representation of mux trees.
  Evaluating internal representation of mux trees.
  Analyzing evaluation results.
Running muxtree optimizer on module $paramod$c340cd9ddb594af487b68a1f41f357874e13cce6\simt_execution_core..
  Creating internal representation of mux trees.
  Evaluating internal representation of mux trees.
  Analyzing evaluation results.
Running muxtree optimizer on module $paramod\pc_update_unit\PC_WIDTH=s32'00000000000000000000000000100000..
  Creating internal representation of mux trees.
  Evaluating internal representation of mux trees.
  Analyzing evaluation results.
Running muxtree optimizer on module $paramod$bbdd970d5e9d5db000ca33c4cf0f699d1c916bbb\inst_mem..
  Creating internal representation of mux trees.
  Evaluating internal representation of mux trees.
  Analyzing evaluation results.
Running muxtree optimizer on module $paramod$20f9d1ebf2d220d6d149ed1f156499717425796a\fetch_decode_unit..
  Creating internal representation of mux trees.
  No muxes found in this module.
Running muxtree optimizer on module $paramod$b2a1694e054de7dfdcdbcd4b1356480af6859439\data_mem..
  Creating internal representation of mux trees.
  Evaluating internal representation of mux trees.
  Analyzing evaluation results.
Running muxtree optimizer on module \gpu_top..
  Creating internal representation of mux trees.
  No muxes found in this module.
Removed 0 multiplexer ports.
<suppressed ~91 debug messages>

4.6.4. Executing OPT_REDUCE pass (consolidate $*mux and $reduce_* inputs).
  Optimizing cells in module $paramod$fd0170a58924e6d7b2131d4623b428d1d1232fac\warp_scheduler.
  Optimizing cells in module $paramod$c340cd9ddb594af487b68a1f41f357874e13cce6\simt_execution_core.
    Consolidated identical input bits for $mux cell $procmux$1537:
      Old ports: A=0, B=32'11111111111111111111111111111111, Y=$0$memwr$\lane[1].reg_file$simt_execution_core.sv:88$1290_EN[31:0]$1362
      New ports: A=1'0, B=1'1, Y=$0$memwr$\lane[1].reg_file$simt_execution_core.sv:88$1290_EN[31:0]$1362 [0]
      New connections: $0$memwr$\lane[1].reg_file$simt_execution_core.sv:88$1290_EN[31:0]$1362 [31:1] = { $0$memwr$\lane[1].reg_file$simt_execution_core.sv:88$1290_EN[31:0]$1362 [0] $0$memwr$\lane[1].reg_file$simt_execution_core.sv:88$1290_EN[31:0]$1362 [0] $0$memwr$\lane[1].reg_file$simt_execution_core.sv:88$1290_EN[31:0]$1362 [0] $0$memwr$\lane[1].reg_file$simt_execution_core.sv:88$1290_EN[31:0]$1362 [0] $0$memwr$\lane[1].reg_file$simt_execution_core.sv:88$1290_EN[31:0]$1362 [0] $0$memwr$\lane[1].reg_file$simt_execution_core.sv:88$1290_EN[31:0]$1362 [0] $0$memwr$\lane[1].reg_file$simt_execution_core.sv:88$1290_EN[31:0]$1362 [0] $0$memwr$\lane[1].reg_file$simt_execution_core.sv:88$1290_EN[31:0]$1362 [0] $0$memwr$\lane[1].reg_file$simt_execution_core.sv:88$1290_EN[31:0]$1362 [0] $0$memwr$\lane[1].reg_file$simt_execution_core.sv:88$1290_EN[31:0]$1362 [0] $0$memwr$\lane[1].reg_file$simt_execution_core.sv:88$1290_EN[31:0]$1362 [0] $0$memwr$\lane[1].reg_file$simt_execution_core.sv:88$1290_EN[31:0]$1362 [0] $0$memwr$\lane[1].reg_file$simt_execution_core.sv:88$1290_EN[31:0]$1362 [0] $0$memwr$\lane[1].reg_file$simt_execution_core.sv:88$1290_EN[31:0]$1362 [0] $0$memwr$\lane[1].reg_file$simt_execution_core.sv:88$1290_EN[31:0]$1362 [0] $0$memwr$\lane[1].reg_file$simt_execution_core.sv:88$1290_EN[31:0]$1362 [0] $0$memwr$\lane[1].reg_file$simt_execution_core.sv:88$1290_EN[31:0]$1362 [0] $0$memwr$\lane[1].reg_file$simt_execution_core.sv:88$1290_EN[31:0]$1362 [0] $0$memwr$\lane[1].reg_file$simt_execution_core.sv:88$1290_EN[31:0]$1362 [0] $0$memwr$\lane[1].reg_file$simt_execution_core.sv:88$1290_EN[31:0]$1362 [0] $0$memwr$\lane[1].reg_file$simt_execution_core.sv:88$1290_EN[31:0]$1362 [0] $0$memwr$\lane[1].reg_file$simt_execution_core.sv:88$1290_EN[31:0]$1362 [0] $0$memwr$\lane[1].reg_file$simt_execution_core.sv:88$1290_EN[31:0]$1362 [0] $0$memwr$\lane[1].reg_file$simt_execution_core.sv:88$1290_EN[31:0]$1362 [0] $0$memwr$\lane[1].reg_file$simt_execution_core.sv:88$1290_EN[31:0]$1362 [0] $0$memwr$\lane[1].reg_file$simt_execution_core.sv:88$1290_EN[31:0]$1362 [0] $0$memwr$\lane[1].reg_file$simt_execution_core.sv:88$1290_EN[31:0]$1362 [0] $0$memwr$\lane[1].reg_file$simt_execution_core.sv:88$1290_EN[31:0]$1362 [0] $0$memwr$\lane[1].reg_file$simt_execution_core.sv:88$1290_EN[31:0]$1362 [0] $0$memwr$\lane[1].reg_file$simt_execution_core.sv:88$1290_EN[31:0]$1362 [0] $0$memwr$\lane[1].reg_file$simt_execution_core.sv:88$1290_EN[31:0]$1362 [0] }
    Consolidated identical input bits for $mux cell $procmux$1563:
      Old ports: A=0, B=32'11111111111111111111111111111111, Y=$0$memwr$\lane[0].reg_file$simt_execution_core.sv:88$1289_EN[31:0]$1325
      New ports: A=1'0, B=1'1, Y=$0$memwr$\lane[0].reg_file$simt_execution_core.sv:88$1289_EN[31:0]$1325 [0]
      New connections: $0$memwr$\lane[0].reg_file$simt_execution_core.sv:88$1289_EN[31:0]$1325 [31:1] = { $0$memwr$\lane[0].reg_file$simt_execution_core.sv:88$1289_EN[31:0]$1325 [0] $0$memwr$\lane[0].reg_file$simt_execution_core.sv:88$1289_EN[31:0]$1325 [0] $0$memwr$\lane[0].reg_file$simt_execution_core.sv:88$1289_EN[31:0]$1325 [0] $0$memwr$\lane[0].reg_file$simt_execution_core.sv:88$1289_EN[31:0]$1325 [0] $0$memwr$\lane[0].reg_file$simt_execution_core.sv:88$1289_EN[31:0]$1325 [0] $0$memwr$\lane[0].reg_file$simt_execution_core.sv:88$1289_EN[31:0]$1325 [0] $0$memwr$\lane[0].reg_file$simt_execution_core.sv:88$1289_EN[31:0]$1325 [0] $0$memwr$\lane[0].reg_file$simt_execution_core.sv:88$1289_EN[31:0]$1325 [0] $0$memwr$\lane[0].reg_file$simt_execution_core.sv:88$1289_EN[31:0]$1325 [0] $0$memwr$\lane[0].reg_file$simt_execution_core.sv:88$1289_EN[31:0]$1325 [0] $0$memwr$\lane[0].reg_file$simt_execution_core.sv:88$1289_EN[31:0]$1325 [0] $0$memwr$\lane[0].reg_file$simt_execution_core.sv:88$1289_EN[31:0]$1325 [0] $0$memwr$\lane[0].reg_file$simt_execution_core.sv:88$1289_EN[31:0]$1325 [0] $0$memwr$\lane[0].reg_file$simt_execution_core.sv:88$1289_EN[31:0]$1325 [0] $0$memwr$\lane[0].reg_file$simt_execution_core.sv:88$1289_EN[31:0]$1325 [0] $0$memwr$\lane[0].reg_file$simt_execution_core.sv:88$1289_EN[31:0]$1325 [0] $0$memwr$\lane[0].reg_file$simt_execution_core.sv:88$1289_EN[31:0]$1325 [0] $0$memwr$\lane[0].reg_file$simt_execution_core.sv:88$1289_EN[31:0]$1325 [0] $0$memwr$\lane[0].reg_file$simt_execution_core.sv:88$1289_EN[31:0]$1325 [0] $0$memwr$\lane[0].reg_file$simt_execution_core.sv:88$1289_EN[31:0]$1325 [0] $0$memwr$\lane[0].reg_file$simt_execution_core.sv:88$1289_EN[31:0]$1325 [0] $0$memwr$\lane[0].reg_file$simt_execution_core.sv:88$1289_EN[31:0]$1325 [0] $0$memwr$\lane[0].reg_file$simt_execution_core.sv:88$1289_EN[31:0]$1325 [0] $0$memwr$\lane[0].reg_file$simt_execution_core.sv:88$1289_EN[31:0]$1325 [0] $0$memwr$\lane[0].reg_file$simt_execution_core.sv:88$1289_EN[31:0]$1325 [0] $0$memwr$\lane[0].reg_file$simt_execution_core.sv:88$1289_EN[31:0]$1325 [0] $0$memwr$\lane[0].reg_file$simt_execution_core.sv:88$1289_EN[31:0]$1325 [0] $0$memwr$\lane[0].reg_file$simt_execution_core.sv:88$1289_EN[31:0]$1325 [0] $0$memwr$\lane[0].reg_file$simt_execution_core.sv:88$1289_EN[31:0]$1325 [0] $0$memwr$\lane[0].reg_file$simt_execution_core.sv:88$1289_EN[31:0]$1325 [0] $0$memwr$\lane[0].reg_file$simt_execution_core.sv:88$1289_EN[31:0]$1325 [0] }
    Consolidated identical input bits for $mux cell $procmux$1485:
      Old ports: A=0, B=32'11111111111111111111111111111111, Y=$0$memwr$\lane[3].reg_file$simt_execution_core.sv:88$1292_EN[31:0]$1436
      New ports: A=1'0, B=1'1, Y=$0$memwr$\lane[3].reg_file$simt_execution_core.sv:88$1292_EN[31:0]$1436 [0]
      New connections: $0$memwr$\lane[3].reg_file$simt_execution_core.sv:88$1292_EN[31:0]$1436 [31:1] = { $0$memwr$\lane[3].reg_file$simt_execution_core.sv:88$1292_EN[31:0]$1436 [0] $0$memwr$\lane[3].reg_file$simt_execution_core.sv:88$1292_EN[31:0]$1436 [0] $0$memwr$\lane[3].reg_file$simt_execution_core.sv:88$1292_EN[31:0]$1436 [0] $0$memwr$\lane[3].reg_file$simt_execution_core.sv:88$1292_EN[31:0]$1436 [0] $0$memwr$\lane[3].reg_file$simt_execution_core.sv:88$1292_EN[31:0]$1436 [0] $0$memwr$\lane[3].reg_file$simt_execution_core.sv:88$1292_EN[31:0]$1436 [0] $0$memwr$\lane[3].reg_file$simt_execution_core.sv:88$1292_EN[31:0]$1436 [0] $0$memwr$\lane[3].reg_file$simt_execution_core.sv:88$1292_EN[31:0]$1436 [0] $0$memwr$\lane[3].reg_file$simt_execution_core.sv:88$1292_EN[31:0]$1436 [0] $0$memwr$\lane[3].reg_file$simt_execution_core.sv:88$1292_EN[31:0]$1436 [0] $0$memwr$\lane[3].reg_file$simt_execution_core.sv:88$1292_EN[31:0]$1436 [0] $0$memwr$\lane[3].reg_file$simt_execution_core.sv:88$1292_EN[31:0]$1436 [0] $0$memwr$\lane[3].reg_file$simt_execution_core.sv:88$1292_EN[31:0]$1436 [0] $0$memwr$\lane[3].reg_file$simt_execution_core.sv:88$1292_EN[31:0]$1436 [0] $0$memwr$\lane[3].reg_file$simt_execution_core.sv:88$1292_EN[31:0]$1436 [0] $0$memwr$\lane[3].reg_file$simt_execution_core.sv:88$1292_EN[31:0]$1436 [0] $0$memwr$\lane[3].reg_file$simt_execution_core.sv:88$1292_EN[31:0]$1436 [0] $0$memwr$\lane[3].reg_file$simt_execution_core.sv:88$1292_EN[31:0]$1436 [0] $0$memwr$\lane[3].reg_file$simt_execution_core.sv:88$1292_EN[31:0]$1436 [0] $0$memwr$\lane[3].reg_file$simt_execution_core.sv:88$1292_EN[31:0]$1436 [0] $0$memwr$\lane[3].reg_file$simt_execution_core.sv:88$1292_EN[31:0]$1436 [0] $0$memwr$\lane[3].reg_file$simt_execution_core.sv:88$1292_EN[31:0]$1436 [0] $0$memwr$\lane[3].reg_file$simt_execution_core.sv:88$1292_EN[31:0]$1436 [0] $0$memwr$\lane[3].reg_file$simt_execution_core.sv:88$1292_EN[31:0]$1436 [0] $0$memwr$\lane[3].reg_file$simt_execution_core.sv:88$1292_EN[31:0]$1436 [0] $0$memwr$\lane[3].reg_file$simt_execution_core.sv:88$1292_EN[31:0]$1436 [0] $0$memwr$\lane[3].reg_file$simt_execution_core.sv:88$1292_EN[31:0]$1436 [0] $0$memwr$\lane[3].reg_file$simt_execution_core.sv:88$1292_EN[31:0]$1436 [0] $0$memwr$\lane[3].reg_file$simt_execution_core.sv:88$1292_EN[31:0]$1436 [0] $0$memwr$\lane[3].reg_file$simt_execution_core.sv:88$1292_EN[31:0]$1436 [0] $0$memwr$\lane[3].reg_file$simt_execution_core.sv:88$1292_EN[31:0]$1436 [0] }
    Consolidated identical input bits for $mux cell $procmux$1511:
      Old ports: A=0, B=32'11111111111111111111111111111111, Y=$0$memwr$\lane[2].reg_file$simt_execution_core.sv:88$1291_EN[31:0]$1399
      New ports: A=1'0, B=1'1, Y=$0$memwr$\lane[2].reg_file$simt_execution_core.sv:88$1291_EN[31:0]$1399 [0]
      New connections: $0$memwr$\lane[2].reg_file$simt_execution_core.sv:88$1291_EN[31:0]$1399 [31:1] = { $0$memwr$\lane[2].reg_file$simt_execution_core.sv:88$1291_EN[31:0]$1399 [0] $0$memwr$\lane[2].reg_file$simt_execution_core.sv:88$1291_EN[31:0]$1399 [0] $0$memwr$\lane[2].reg_file$simt_execution_core.sv:88$1291_EN[31:0]$1399 [0] $0$memwr$\lane[2].reg_file$simt_execution_core.sv:88$1291_EN[31:0]$1399 [0] $0$memwr$\lane[2].reg_file$simt_execution_core.sv:88$1291_EN[31:0]$1399 [0] $0$memwr$\lane[2].reg_file$simt_execution_core.sv:88$1291_EN[31:0]$1399 [0] $0$memwr$\lane[2].reg_file$simt_execution_core.sv:88$1291_EN[31:0]$1399 [0] $0$memwr$\lane[2].reg_file$simt_execution_core.sv:88$1291_EN[31:0]$1399 [0] $0$memwr$\lane[2].reg_file$simt_execution_core.sv:88$1291_EN[31:0]$1399 [0] $0$memwr$\lane[2].reg_file$simt_execution_core.sv:88$1291_EN[31:0]$1399 [0] $0$memwr$\lane[2].reg_file$simt_execution_core.sv:88$1291_EN[31:0]$1399 [0] $0$memwr$\lane[2].reg_file$simt_execution_core.sv:88$1291_EN[31:0]$1399 [0] $0$memwr$\lane[2].reg_file$simt_execution_core.sv:88$1291_EN[31:0]$1399 [0] $0$memwr$\lane[2].reg_file$simt_execution_core.sv:88$1291_EN[31:0]$1399 [0] $0$memwr$\lane[2].reg_file$simt_execution_core.sv:88$1291_EN[31:0]$1399 [0] $0$memwr$\lane[2].reg_file$simt_execution_core.sv:88$1291_EN[31:0]$1399 [0] $0$memwr$\lane[2].reg_file$simt_execution_core.sv:88$1291_EN[31:0]$1399 [0] $0$memwr$\lane[2].reg_file$simt_execution_core.sv:88$1291_EN[31:0]$1399 [0] $0$memwr$\lane[2].reg_file$simt_execution_core.sv:88$1291_EN[31:0]$1399 [0] $0$memwr$\lane[2].reg_file$simt_execution_core.sv:88$1291_EN[31:0]$1399 [0] $0$memwr$\lane[2].reg_file$simt_execution_core.sv:88$1291_EN[31:0]$1399 [0] $0$memwr$\lane[2].reg_file$simt_execution_core.sv:88$1291_EN[31:0]$1399 [0] $0$memwr$\lane[2].reg_file$simt_execution_core.sv:88$1291_EN[31:0]$1399 [0] $0$memwr$\lane[2].reg_file$simt_execution_core.sv:88$1291_EN[31:0]$1399 [0] $0$memwr$\lane[2].reg_file$simt_execution_core.sv:88$1291_EN[31:0]$1399 [0] $0$memwr$\lane[2].reg_file$simt_execution_core.sv:88$1291_EN[31:0]$1399 [0] $0$memwr$\lane[2].reg_file$simt_execution_core.sv:88$1291_EN[31:0]$1399 [0] $0$memwr$\lane[2].reg_file$simt_execution_core.sv:88$1291_EN[31:0]$1399 [0] $0$memwr$\lane[2].reg_file$simt_execution_core.sv:88$1291_EN[31:0]$1399 [0] $0$memwr$\lane[2].reg_file$simt_execution_core.sv:88$1291_EN[31:0]$1399 [0] $0$memwr$\lane[2].reg_file$simt_execution_core.sv:88$1291_EN[31:0]$1399 [0] }
  Optimizing cells in module $paramod$c340cd9ddb594af487b68a1f41f357874e13cce6\simt_execution_core.
  Optimizing cells in module $paramod\pc_update_unit\PC_WIDTH=s32'00000000000000000000000000100000.
  Optimizing cells in module $paramod$bbdd970d5e9d5db000ca33c4cf0f699d1c916bbb\inst_mem.
  Optimizing cells in module $paramod$20f9d1ebf2d220d6d149ed1f156499717425796a\fetch_decode_unit.
  Optimizing cells in module $paramod$b2a1694e054de7dfdcdbcd4b1356480af6859439\data_mem.
    Consolidated identical input bits for $mux cell $procmux$1628:
      Old ports: A=0, B=32'11111111111111111111111111111111, Y=$0$memwr$\mem_lanes[0].mem_file$data_mem.sv:31$1249_EN[31:0]$1256
      New ports: A=1'0, B=1'1, Y=$0$memwr$\mem_lanes[0].mem_file$data_mem.sv:31$1249_EN[31:0]$1256 [0]
      New connections: $0$memwr$\mem_lanes[0].mem_file$data_mem.sv:31$1249_EN[31:0]$1256 [31:1] = { $0$memwr$\mem_lanes[0].mem_file$data_mem.sv:31$1249_EN[31:0]$1256 [0] $0$memwr$\mem_lanes[0].mem_file$data_mem.sv:31$1249_EN[31:0]$1256 [0] $0$memwr$\mem_lanes[0].mem_file$data_mem.sv:31$1249_EN[31:0]$1256 [0] $0$memwr$\mem_lanes[0].mem_file$data_mem.sv:31$1249_EN[31:0]$1256 [0] $0$memwr$\mem_lanes[0].mem_file$data_mem.sv:31$1249_EN[31:0]$1256 [0] $0$memwr$\mem_lanes[0].mem_file$data_mem.sv:31$1249_EN[31:0]$1256 [0] $0$memwr$\mem_lanes[0].mem_file$data_mem.sv:31$1249_EN[31:0]$1256 [0] $0$memwr$\mem_lanes[0].mem_file$data_mem.sv:31$1249_EN[31:0]$1256 [0] $0$memwr$\mem_lanes[0].mem_file$data_mem.sv:31$1249_EN[31:0]$1256 [0] $0$memwr$\mem_lanes[0].mem_file$data_mem.sv:31$1249_EN[31:0]$1256 [0] $0$memwr$\mem_lanes[0].mem_file$data_mem.sv:31$1249_EN[31:0]$1256 [0] $0$memwr$\mem_lanes[0].mem_file$data_mem.sv:31$1249_EN[31:0]$1256 [0] $0$memwr$\mem_lanes[0].mem_file$data_mem.sv:31$1249_EN[31:0]$1256 [0] $0$memwr$\mem_lanes[0].mem_file$data_mem.sv:31$1249_EN[31:0]$1256 [0] $0$memwr$\mem_lanes[0].mem_file$data_mem.sv:31$1249_EN[31:0]$1256 [0] $0$memwr$\mem_lanes[0].mem_file$data_mem.sv:31$1249_EN[31:0]$1256 [0] $0$memwr$\mem_lanes[0].mem_file$data_mem.sv:31$1249_EN[31:0]$1256 [0] $0$memwr$\mem_lanes[0].mem_file$data_mem.sv:31$1249_EN[31:0]$1256 [0] $0$memwr$\mem_lanes[0].mem_file$data_mem.sv:31$1249_EN[31:0]$1256 [0] $0$memwr$\mem_lanes[0].mem_file$data_mem.sv:31$1249_EN[31:0]$1256 [0] $0$memwr$\mem_lanes[0].mem_file$data_mem.sv:31$1249_EN[31:0]$1256 [0] $0$memwr$\mem_lanes[0].mem_file$data_mem.sv:31$1249_EN[31:0]$1256 [0] $0$memwr$\mem_lanes[0].mem_file$data_mem.sv:31$1249_EN[31:0]$1256 [0] $0$memwr$\mem_lanes[0].mem_file$data_mem.sv:31$1249_EN[31:0]$1256 [0] $0$memwr$\mem_lanes[0].mem_file$data_mem.sv:31$1249_EN[31:0]$1256 [0] $0$memwr$\mem_lanes[0].mem_file$data_mem.sv:31$1249_EN[31:0]$1256 [0] $0$memwr$\mem_lanes[0].mem_file$data_mem.sv:31$1249_EN[31:0]$1256 [0] $0$memwr$\mem_lanes[0].mem_file$data_mem.sv:31$1249_EN[31:0]$1256 [0] $0$memwr$\mem_lanes[0].mem_file$data_mem.sv:31$1249_EN[31:0]$1256 [0] $0$memwr$\mem_lanes[0].mem_file$data_mem.sv:31$1249_EN[31:0]$1256 [0] $0$memwr$\mem_lanes[0].mem_file$data_mem.sv:31$1249_EN[31:0]$1256 [0] }
    Consolidated identical input bits for $mux cell $procmux$1616:
      Old ports: A=0, B=32'11111111111111111111111111111111, Y=$0$memwr$\mem_lanes[1].mem_file$data_mem.sv:31$1250_EN[31:0]$1264
      New ports: A=1'0, B=1'1, Y=$0$memwr$\mem_lanes[1].mem_file$data_mem.sv:31$1250_EN[31:0]$1264 [0]
      New connections: $0$memwr$\mem_lanes[1].mem_file$data_mem.sv:31$1250_EN[31:0]$1264 [31:1] = { $0$memwr$\mem_lanes[1].mem_file$data_mem.sv:31$1250_EN[31:0]$1264 [0] $0$memwr$\mem_lanes[1].mem_file$data_mem.sv:31$1250_EN[31:0]$1264 [0] $0$memwr$\mem_lanes[1].mem_file$data_mem.sv:31$1250_EN[31:0]$1264 [0] $0$memwr$\mem_lanes[1].mem_file$data_mem.sv:31$1250_EN[31:0]$1264 [0] $0$memwr$\mem_lanes[1].mem_file$data_mem.sv:31$1250_EN[31:0]$1264 [0] $0$memwr$\mem_lanes[1].mem_file$data_mem.sv:31$1250_EN[31:0]$1264 [0] $0$memwr$\mem_lanes[1].mem_file$data_mem.sv:31$1250_EN[31:0]$1264 [0] $0$memwr$\mem_lanes[1].mem_file$data_mem.sv:31$1250_EN[31:0]$1264 [0] $0$memwr$\mem_lanes[1].mem_file$data_mem.sv:31$1250_EN[31:0]$1264 [0] $0$memwr$\mem_lanes[1].mem_file$data_mem.sv:31$1250_EN[31:0]$1264 [0] $0$memwr$\mem_lanes[1].mem_file$data_mem.sv:31$1250_EN[31:0]$1264 [0] $0$memwr$\mem_lanes[1].mem_file$data_mem.sv:31$1250_EN[31:0]$1264 [0] $0$memwr$\mem_lanes[1].mem_file$data_mem.sv:31$1250_EN[31:0]$1264 [0] $0$memwr$\mem_lanes[1].mem_file$data_mem.sv:31$1250_EN[31:0]$1264 [0] $0$memwr$\mem_lanes[1].mem_file$data_mem.sv:31$1250_EN[31:0]$1264 [0] $0$memwr$\mem_lanes[1].mem_file$data_mem.sv:31$1250_EN[31:0]$1264 [0] $0$memwr$\mem_lanes[1].mem_file$data_mem.sv:31$1250_EN[31:0]$1264 [0] $0$memwr$\mem_lanes[1].mem_file$data_mem.sv:31$1250_EN[31:0]$1264 [0] $0$memwr$\mem_lanes[1].mem_file$data_mem.sv:31$1250_EN[31:0]$1264 [0] $0$memwr$\mem_lanes[1].mem_file$data_mem.sv:31$1250_EN[31:0]$1264 [0] $0$memwr$\mem_lanes[1].mem_file$data_mem.sv:31$1250_EN[31:0]$1264 [0] $0$memwr$\mem_lanes[1].mem_file$data_mem.sv:31$1250_EN[31:0]$1264 [0] $0$memwr$\mem_lanes[1].mem_file$data_mem.sv:31$1250_EN[31:0]$1264 [0] $0$memwr$\mem_lanes[1].mem_file$data_mem.sv:31$1250_EN[31:0]$1264 [0] $0$memwr$\mem_lanes[1].mem_file$data_mem.sv:31$1250_EN[31:0]$1264 [0] $0$memwr$\mem_lanes[1].mem_file$data_mem.sv:31$1250_EN[31:0]$1264 [0] $0$memwr$\mem_lanes[1].mem_file$data_mem.sv:31$1250_EN[31:0]$1264 [0] $0$memwr$\mem_lanes[1].mem_file$data_mem.sv:31$1250_EN[31:0]$1264 [0] $0$memwr$\mem_lanes[1].mem_file$data_mem.sv:31$1250_EN[31:0]$1264 [0] $0$memwr$\mem_lanes[1].mem_file$data_mem.sv:31$1250_EN[31:0]$1264 [0] $0$memwr$\mem_lanes[1].mem_file$data_mem.sv:31$1250_EN[31:0]$1264 [0] }
    Consolidated identical input bits for $mux cell $procmux$1604:
      Old ports: A=0, B=32'11111111111111111111111111111111, Y=$0$memwr$\mem_lanes[2].mem_file$data_mem.sv:31$1251_EN[31:0]$1272
      New ports: A=1'0, B=1'1, Y=$0$memwr$\mem_lanes[2].mem_file$data_mem.sv:31$1251_EN[31:0]$1272 [0]
      New connections: $0$memwr$\mem_lanes[2].mem_file$data_mem.sv:31$1251_EN[31:0]$1272 [31:1] = { $0$memwr$\mem_lanes[2].mem_file$data_mem.sv:31$1251_EN[31:0]$1272 [0] $0$memwr$\mem_lanes[2].mem_file$data_mem.sv:31$1251_EN[31:0]$1272 [0] $0$memwr$\mem_lanes[2].mem_file$data_mem.sv:31$1251_EN[31:0]$1272 [0] $0$memwr$\mem_lanes[2].mem_file$data_mem.sv:31$1251_EN[31:0]$1272 [0] $0$memwr$\mem_lanes[2].mem_file$data_mem.sv:31$1251_EN[31:0]$1272 [0] $0$memwr$\mem_lanes[2].mem_file$data_mem.sv:31$1251_EN[31:0]$1272 [0] $0$memwr$\mem_lanes[2].mem_file$data_mem.sv:31$1251_EN[31:0]$1272 [0] $0$memwr$\mem_lanes[2].mem_file$data_mem.sv:31$1251_EN[31:0]$1272 [0] $0$memwr$\mem_lanes[2].mem_file$data_mem.sv:31$1251_EN[31:0]$1272 [0] $0$memwr$\mem_lanes[2].mem_file$data_mem.sv:31$1251_EN[31:0]$1272 [0] $0$memwr$\mem_lanes[2].mem_file$data_mem.sv:31$1251_EN[31:0]$1272 [0] $0$memwr$\mem_lanes[2].mem_file$data_mem.sv:31$1251_EN[31:0]$1272 [0] $0$memwr$\mem_lanes[2].mem_file$data_mem.sv:31$1251_EN[31:0]$1272 [0] $0$memwr$\mem_lanes[2].mem_file$data_mem.sv:31$1251_EN[31:0]$1272 [0] $0$memwr$\mem_lanes[2].mem_file$data_mem.sv:31$1251_EN[31:0]$1272 [0] $0$memwr$\mem_lanes[2].mem_file$data_mem.sv:31$1251_EN[31:0]$1272 [0] $0$memwr$\mem_lanes[2].mem_file$data_mem.sv:31$1251_EN[31:0]$1272 [0] $0$memwr$\mem_lanes[2].mem_file$data_mem.sv:31$1251_EN[31:0]$1272 [0] $0$memwr$\mem_lanes[2].mem_file$data_mem.sv:31$1251_EN[31:0]$1272 [0] $0$memwr$\mem_lanes[2].mem_file$data_mem.sv:31$1251_EN[31:0]$1272 [0] $0$memwr$\mem_lanes[2].mem_file$data_mem.sv:31$1251_EN[31:0]$1272 [0] $0$memwr$\mem_lanes[2].mem_file$data_mem.sv:31$1251_EN[31:0]$1272 [0] $0$memwr$\mem_lanes[2].mem_file$data_mem.sv:31$1251_EN[31:0]$1272 [0] $0$memwr$\mem_lanes[2].mem_file$data_mem.sv:31$1251_EN[31:0]$1272 [0] $0$memwr$\mem_lanes[2].mem_file$data_mem.sv:31$1251_EN[31:0]$1272 [0] $0$memwr$\mem_lanes[2].mem_file$data_mem.sv:31$1251_EN[31:0]$1272 [0] $0$memwr$\mem_lanes[2].mem_file$data_mem.sv:31$1251_EN[31:0]$1272 [0] $0$memwr$\mem_lanes[2].mem_file$data_mem.sv:31$1251_EN[31:0]$1272 [0] $0$memwr$\mem_lanes[2].mem_file$data_mem.sv:31$1251_EN[31:0]$1272 [0] $0$memwr$\mem_lanes[2].mem_file$data_mem.sv:31$1251_EN[31:0]$1272 [0] $0$memwr$\mem_lanes[2].mem_file$data_mem.sv:31$1251_EN[31:0]$1272 [0] }
    Consolidated identical input bits for $mux cell $procmux$1592:
      Old ports: A=0, B=32'11111111111111111111111111111111, Y=$0$memwr$\mem_lanes[3].mem_file$data_mem.sv:31$1252_EN[31:0]$1280
      New ports: A=1'0, B=1'1, Y=$0$memwr$\mem_lanes[3].mem_file$data_mem.sv:31$1252_EN[31:0]$1280 [0]
      New connections: $0$memwr$\mem_lanes[3].mem_file$data_mem.sv:31$1252_EN[31:0]$1280 [31:1] = { $0$memwr$\mem_lanes[3].mem_file$data_mem.sv:31$1252_EN[31:0]$1280 [0] $0$memwr$\mem_lanes[3].mem_file$data_mem.sv:31$1252_EN[31:0]$1280 [0] $0$memwr$\mem_lanes[3].mem_file$data_mem.sv:31$1252_EN[31:0]$1280 [0] $0$memwr$\mem_lanes[3].mem_file$data_mem.sv:31$1252_EN[31:0]$1280 [0] $0$memwr$\mem_lanes[3].mem_file$data_mem.sv:31$1252_EN[31:0]$1280 [0] $0$memwr$\mem_lanes[3].mem_file$data_mem.sv:31$1252_EN[31:0]$1280 [0] $0$memwr$\mem_lanes[3].mem_file$data_mem.sv:31$1252_EN[31:0]$1280 [0] $0$memwr$\mem_lanes[3].mem_file$data_mem.sv:31$1252_EN[31:0]$1280 [0] $0$memwr$\mem_lanes[3].mem_file$data_mem.sv:31$1252_EN[31:0]$1280 [0] $0$memwr$\mem_lanes[3].mem_file$data_mem.sv:31$1252_EN[31:0]$1280 [0] $0$memwr$\mem_lanes[3].mem_file$data_mem.sv:31$1252_EN[31:0]$1280 [0] $0$memwr$\mem_lanes[3].mem_file$data_mem.sv:31$1252_EN[31:0]$1280 [0] $0$memwr$\mem_lanes[3].mem_file$data_mem.sv:31$1252_EN[31:0]$1280 [0] $0$memwr$\mem_lanes[3].mem_file$data_mem.sv:31$1252_EN[31:0]$1280 [0] $0$memwr$\mem_lanes[3].mem_file$data_mem.sv:31$1252_EN[31:0]$1280 [0] $0$memwr$\mem_lanes[3].mem_file$data_mem.sv:31$1252_EN[31:0]$1280 [0] $0$memwr$\mem_lanes[3].mem_file$data_mem.sv:31$1252_EN[31:0]$1280 [0] $0$memwr$\mem_lanes[3].mem_file$data_mem.sv:31$1252_EN[31:0]$1280 [0] $0$memwr$\mem_lanes[3].mem_file$data_mem.sv:31$1252_EN[31:0]$1280 [0] $0$memwr$\mem_lanes[3].mem_file$data_mem.sv:31$1252_EN[31:0]$1280 [0] $0$memwr$\mem_lanes[3].mem_file$data_mem.sv:31$1252_EN[31:0]$1280 [0] $0$memwr$\mem_lanes[3].mem_file$data_mem.sv:31$1252_EN[31:0]$1280 [0] $0$memwr$\mem_lanes[3].mem_file$data_mem.sv:31$1252_EN[31:0]$1280 [0] $0$memwr$\mem_lanes[3].mem_file$data_mem.sv:31$1252_EN[31:0]$1280 [0] $0$memwr$\mem_lanes[3].mem_file$data_mem.sv:31$1252_EN[31:0]$1280 [0] $0$memwr$\mem_lanes[3].mem_file$data_mem.sv:31$1252_EN[31:0]$1280 [0] $0$memwr$\mem_lanes[3].mem_file$data_mem.sv:31$1252_EN[31:0]$1280 [0] $0$memwr$\mem_lanes[3].mem_file$data_mem.sv:31$1252_EN[31:0]$1280 [0] $0$memwr$\mem_lanes[3].mem_file$data_mem.sv:31$1252_EN[31:0]$1280 [0] $0$memwr$\mem_lanes[3].mem_file$data_mem.sv:31$1252_EN[31:0]$1280 [0] $0$memwr$\mem_lanes[3].mem_file$data_mem.sv:31$1252_EN[31:0]$1280 [0] }
  Optimizing cells in module $paramod$b2a1694e054de7dfdcdbcd4b1356480af6859439\data_mem.
  Optimizing cells in module \gpu_top.
Performed a total of 8 changes.

4.6.5. Executing OPT_MERGE pass (detect identical cells).
Finding identical cells in module `$paramod$fd0170a58924e6d7b2131d4623b428d1d1232fac\warp_scheduler'.
Computing hashes of 12 cells of `$paramod$fd0170a58924e6d7b2131d4623b428d1d1232fac\warp_scheduler'.
Finding duplicate cells in `$paramod$fd0170a58924e6d7b2131d4623b428d1d1232fac\warp_scheduler'.
Finding identical cells in module `$paramod$c340cd9ddb594af487b68a1f41f357874e13cce6\simt_execution_core'.
Computing hashes of 131 cells of `$paramod$c340cd9ddb594af487b68a1f41f357874e13cce6\simt_execution_core'.
Finding duplicate cells in `$paramod$c340cd9ddb594af487b68a1f41f357874e13cce6\simt_execution_core'.
Finding identical cells in module `$paramod\pc_update_unit\PC_WIDTH=s32'00000000000000000000000000100000'.
Computing hashes of 2 cells of `$paramod\pc_update_unit\PC_WIDTH=s32'00000000000000000000000000100000'.
Finding duplicate cells in `$paramod\pc_update_unit\PC_WIDTH=s32'00000000000000000000000000100000'.
Finding identical cells in module `$paramod$bbdd970d5e9d5db000ca33c4cf0f699d1c916bbb\inst_mem'.
Computing hashes of 3 cells of `$paramod$bbdd970d5e9d5db000ca33c4cf0f699d1c916bbb\inst_mem'.
Finding duplicate cells in `$paramod$bbdd970d5e9d5db000ca33c4cf0f699d1c916bbb\inst_mem'.
Finding identical cells in module `$paramod$20f9d1ebf2d220d6d149ed1f156499717425796a\fetch_decode_unit'.
Computing hashes of 0 cells of `$paramod$20f9d1ebf2d220d6d149ed1f156499717425796a\fetch_decode_unit'.
Finding duplicate cells in `$paramod$20f9d1ebf2d220d6d149ed1f156499717425796a\fetch_decode_unit'.
Finding identical cells in module `$paramod$b2a1694e054de7dfdcdbcd4b1356480af6859439\data_mem'.
Computing hashes of 28 cells of `$paramod$b2a1694e054de7dfdcdbcd4b1356480af6859439\data_mem'.
Finding duplicate cells in `$paramod$b2a1694e054de7dfdcdbcd4b1356480af6859439\data_mem'.
Computing hashes of 25 cells of `$paramod$b2a1694e054de7dfdcdbcd4b1356480af6859439\data_mem'.
Finding duplicate cells in `$paramod$b2a1694e054de7dfdcdbcd4b1356480af6859439\data_mem'.
<suppressed ~9 debug messages>
Finding identical cells in module `\gpu_top'.
Computing hashes of 6 cells of `\gpu_top'.
Finding duplicate cells in `\gpu_top'.
Removed a total of 3 cells.

4.6.6. Executing OPT_DFF pass (perform DFF optimizations).

4.6.7. Executing OPT_CLEAN pass (remove unused cells and wires).
Finding unused cells or wires in module $paramod$fd0170a58924e6d7b2131d4623b428d1d1232fac\warp_scheduler..
Finding unused cells or wires in module $paramod$c340cd9ddb594af487b68a1f41f357874e13cce6\simt_execution_core..
Finding unused cells or wires in module $paramod\pc_update_unit\PC_WIDTH=s32'00000000000000000000000000100000..
Finding unused cells or wires in module $paramod$bbdd970d5e9d5db000ca33c4cf0f699d1c916bbb\inst_mem..
Finding unused cells or wires in module $paramod$20f9d1ebf2d220d6d149ed1f156499717425796a\fetch_decode_unit..
Finding unused cells or wires in module $paramod$b2a1694e054de7dfdcdbcd4b1356480af6859439\data_mem..
Finding unused cells or wires in module \gpu_top..
Removed 0 unused cells and 64 unused wires.
<suppressed ~2 debug messages>

4.6.8. Executing OPT_EXPR pass (perform const folding).
Optimizing module $paramod$fd0170a58924e6d7b2131d4623b428d1d1232fac\warp_scheduler.
Optimizing module $paramod$c340cd9ddb594af487b68a1f41f357874e13cce6\simt_execution_core.
Optimizing module $paramod\pc_update_unit\PC_WIDTH=s32'00000000000000000000000000100000.
Optimizing module $paramod$bbdd970d5e9d5db000ca33c4cf0f699d1c916bbb\inst_mem.
Optimizing module $paramod$20f9d1ebf2d220d6d149ed1f156499717425796a\fetch_decode_unit.
Optimizing module $paramod$b2a1694e054de7dfdcdbcd4b1356480af6859439\data_mem.
Optimizing module gpu_top.

4.6.9. Rerunning OPT passes. (Maybe there is more to do..)

4.6.10. Executing OPT_MUXTREE pass (detect dead branches in mux trees).
Running muxtree optimizer on module $paramod$fd0170a58924e6d7b2131d4623b428d1d1232fac\warp_scheduler..
  Creating internal representation of mux trees.
  Evaluating internal representation of mux trees.
  Analyzing evaluation results.
Running muxtree optimizer on module $paramod$c340cd9ddb594af487b68a1f41f357874e13cce6\simt_execution_core..
  Creating internal representation of mux trees.
  Evaluating internal representation of mux trees.
  Analyzing evaluation results.
Running muxtree optimizer on module $paramod\pc_update_unit\PC_WIDTH=s32'00000000000000000000000000100000..
  Creating internal representation of mux trees.
  Evaluating internal representation of mux trees.
  Analyzing evaluation results.
Running muxtree optimizer on module $paramod$bbdd970d5e9d5db000ca33c4cf0f699d1c916bbb\inst_mem..
  Creating internal representation of mux trees.
  Evaluating internal representation of mux trees.
  Analyzing evaluation results.
Running muxtree optimizer on module $paramod$20f9d1ebf2d220d6d149ed1f156499717425796a\fetch_decode_unit..
  Creating internal representation of mux trees.
  No muxes found in this module.
Running muxtree optimizer on module $paramod$b2a1694e054de7dfdcdbcd4b1356480af6859439\data_mem..
  Creating internal representation of mux trees.
  Evaluating internal representation of mux trees.
  Analyzing evaluation results.
Running muxtree optimizer on module \gpu_top..
  Creating internal representation of mux trees.
  No muxes found in this module.
Removed 0 multiplexer ports.
<suppressed ~85 debug messages>

4.6.11. Executing OPT_REDUCE pass (consolidate $*mux and $reduce_* inputs).
  Optimizing cells in module $paramod$fd0170a58924e6d7b2131d4623b428d1d1232fac\warp_scheduler.
  Optimizing cells in module $paramod$c340cd9ddb594af487b68a1f41f357874e13cce6\simt_execution_core.
  Optimizing cells in module $paramod\pc_update_unit\PC_WIDTH=s32'00000000000000000000000000100000.
  Optimizing cells in module $paramod$bbdd970d5e9d5db000ca33c4cf0f699d1c916bbb\inst_mem.
  Optimizing cells in module $paramod$20f9d1ebf2d220d6d149ed1f156499717425796a\fetch_decode_unit.
  Optimizing cells in module $paramod$b2a1694e054de7dfdcdbcd4b1356480af6859439\data_mem.
  Optimizing cells in module \gpu_top.
Performed a total of 0 changes.

4.6.12. Executing OPT_MERGE pass (detect identical cells).
Finding identical cells in module `$paramod$fd0170a58924e6d7b2131d4623b428d1d1232fac\warp_scheduler'.
Computing hashes of 12 cells of `$paramod$fd0170a58924e6d7b2131d4623b428d1d1232fac\warp_scheduler'.
Finding duplicate cells in `$paramod$fd0170a58924e6d7b2131d4623b428d1d1232fac\warp_scheduler'.
Finding identical cells in module `$paramod$c340cd9ddb594af487b68a1f41f357874e13cce6\simt_execution_core'.
Computing hashes of 131 cells of `$paramod$c340cd9ddb594af487b68a1f41f357874e13cce6\simt_execution_core'.
Finding duplicate cells in `$paramod$c340cd9ddb594af487b68a1f41f357874e13cce6\simt_execution_core'.
Finding identical cells in module `$paramod\pc_update_unit\PC_WIDTH=s32'00000000000000000000000000100000'.
Computing hashes of 2 cells of `$paramod\pc_update_unit\PC_WIDTH=s32'00000000000000000000000000100000'.
Finding duplicate cells in `$paramod\pc_update_unit\PC_WIDTH=s32'00000000000000000000000000100000'.
Finding identical cells in module `$paramod$bbdd970d5e9d5db000ca33c4cf0f699d1c916bbb\inst_mem'.
Computing hashes of 3 cells of `$paramod$bbdd970d5e9d5db000ca33c4cf0f699d1c916bbb\inst_mem'.
Finding duplicate cells in `$paramod$bbdd970d5e9d5db000ca33c4cf0f699d1c916bbb\inst_mem'.
Finding identical cells in module `$paramod$20f9d1ebf2d220d6d149ed1f156499717425796a\fetch_decode_unit'.
Computing hashes of 0 cells of `$paramod$20f9d1ebf2d220d6d149ed1f156499717425796a\fetch_decode_unit'.
Finding duplicate cells in `$paramod$20f9d1ebf2d220d6d149ed1f156499717425796a\fetch_decode_unit'.
Finding identical cells in module `$paramod$b2a1694e054de7dfdcdbcd4b1356480af6859439\data_mem'.
Computing hashes of 25 cells of `$paramod$b2a1694e054de7dfdcdbcd4b1356480af6859439\data_mem'.
Finding duplicate cells in `$paramod$b2a1694e054de7dfdcdbcd4b1356480af6859439\data_mem'.
Finding identical cells in module `\gpu_top'.
Computing hashes of 6 cells of `\gpu_top'.
Finding duplicate cells in `\gpu_top'.
Removed a total of 0 cells.

4.6.13. Executing OPT_DFF pass (perform DFF optimizations).

4.6.14. Executing OPT_CLEAN pass (remove unused cells and wires).
Finding unused cells or wires in module $paramod$fd0170a58924e6d7b2131d4623b428d1d1232fac\warp_scheduler..
Finding unused cells or wires in module $paramod$c340cd9ddb594af487b68a1f41f357874e13cce6\simt_execution_core..
Finding unused cells or wires in module $paramod\pc_update_unit\PC_WIDTH=s32'00000000000000000000000000100000..
Finding unused cells or wires in module $paramod$bbdd970d5e9d5db000ca33c4cf0f699d1c916bbb\inst_mem..
Finding unused cells or wires in module $paramod$20f9d1ebf2d220d6d149ed1f156499717425796a\fetch_decode_unit..
Finding unused cells or wires in module $paramod$b2a1694e054de7dfdcdbcd4b1356480af6859439\data_mem..
Finding unused cells or wires in module \gpu_top..

4.6.15. Executing OPT_EXPR pass (perform const folding).
Optimizing module $paramod$fd0170a58924e6d7b2131d4623b428d1d1232fac\warp_scheduler.
Optimizing module $paramod$c340cd9ddb594af487b68a1f41f357874e13cce6\simt_execution_core.
Optimizing module $paramod\pc_update_unit\PC_WIDTH=s32'00000000000000000000000000100000.
Optimizing module $paramod$bbdd970d5e9d5db000ca33c4cf0f699d1c916bbb\inst_mem.
Optimizing module $paramod$20f9d1ebf2d220d6d149ed1f156499717425796a\fetch_decode_unit.
Optimizing module $paramod$b2a1694e054de7dfdcdbcd4b1356480af6859439\data_mem.
Optimizing module gpu_top.

4.6.16. Finished fast OPT passes. (There is nothing left to do.)

4.7. Executing FSM pass (extract and optimize FSM).

4.7.1. Executing FSM_DETECT pass (finding FSMs in design).

4.7.2. Executing FSM_EXTRACT pass (extracting FSM from design).

4.7.3. Executing FSM_OPT pass (simple optimizations of FSMs).

4.7.4. Executing OPT_CLEAN pass (remove unused cells and wires).
Finding unused cells or wires in module $paramod$fd0170a58924e6d7b2131d4623b428d1d1232fac\warp_scheduler..
Finding unused cells or wires in module $paramod$c340cd9ddb594af487b68a1f41f357874e13cce6\simt_execution_core..
Finding unused cells or wires in module $paramod\pc_update_unit\PC_WIDTH=s32'00000000000000000000000000100000..
Finding unused cells or wires in module $paramod$bbdd970d5e9d5db000ca33c4cf0f699d1c916bbb\inst_mem..
Finding unused cells or wires in module $paramod$20f9d1ebf2d220d6d149ed1f156499717425796a\fetch_decode_unit..
Finding unused cells or wires in module $paramod$b2a1694e054de7dfdcdbcd4b1356480af6859439\data_mem..
Finding unused cells or wires in module \gpu_top..

4.7.5. Executing FSM_OPT pass (simple optimizations of FSMs).

4.7.6. Executing FSM_RECODE pass (re-assigning FSM state encoding).

4.7.7. Executing FSM_INFO pass (dumping all available information on FSM cells).

4.7.8. Executing FSM_MAP pass (mapping FSMs to basic logic).

4.8. Executing OPT pass (performing simple optimizations).

4.8.1. Executing OPT_EXPR pass (perform const folding).
Optimizing module $paramod$fd0170a58924e6d7b2131d4623b428d1d1232fac\warp_scheduler.
Optimizing module $paramod$c340cd9ddb594af487b68a1f41f357874e13cce6\simt_execution_core.
Optimizing module $paramod\pc_update_unit\PC_WIDTH=s32'00000000000000000000000000100000.
Optimizing module $paramod$bbdd970d5e9d5db000ca33c4cf0f699d1c916bbb\inst_mem.
Optimizing module $paramod$20f9d1ebf2d220d6d149ed1f156499717425796a\fetch_decode_unit.
Optimizing module $paramod$b2a1694e054de7dfdcdbcd4b1356480af6859439\data_mem.
Optimizing module gpu_top.

4.8.2. Executing OPT_MERGE pass (detect identical cells).
Finding identical cells in module `$paramod$fd0170a58924e6d7b2131d4623b428d1d1232fac\warp_scheduler'.
Computing hashes of 12 cells of `$paramod$fd0170a58924e6d7b2131d4623b428d1d1232fac\warp_scheduler'.
Finding duplicate cells in `$paramod$fd0170a58924e6d7b2131d4623b428d1d1232fac\warp_scheduler'.
Finding identical cells in module `$paramod$c340cd9ddb594af487b68a1f41f357874e13cce6\simt_execution_core'.
Computing hashes of 131 cells of `$paramod$c340cd9ddb594af487b68a1f41f357874e13cce6\simt_execution_core'.
Finding duplicate cells in `$paramod$c340cd9ddb594af487b68a1f41f357874e13cce6\simt_execution_core'.
Finding identical cells in module `$paramod\pc_update_unit\PC_WIDTH=s32'00000000000000000000000000100000'.
Computing hashes of 2 cells of `$paramod\pc_update_unit\PC_WIDTH=s32'00000000000000000000000000100000'.
Finding duplicate cells in `$paramod\pc_update_unit\PC_WIDTH=s32'00000000000000000000000000100000'.
Finding identical cells in module `$paramod$bbdd970d5e9d5db000ca33c4cf0f699d1c916bbb\inst_mem'.
Computing hashes of 3 cells of `$paramod$bbdd970d5e9d5db000ca33c4cf0f699d1c916bbb\inst_mem'.
Finding duplicate cells in `$paramod$bbdd970d5e9d5db000ca33c4cf0f699d1c916bbb\inst_mem'.
Finding identical cells in module `$paramod$20f9d1ebf2d220d6d149ed1f156499717425796a\fetch_decode_unit'.
Computing hashes of 0 cells of `$paramod$20f9d1ebf2d220d6d149ed1f156499717425796a\fetch_decode_unit'.
Finding duplicate cells in `$paramod$20f9d1ebf2d220d6d149ed1f156499717425796a\fetch_decode_unit'.
Finding identical cells in module `$paramod$b2a1694e054de7dfdcdbcd4b1356480af6859439\data_mem'.
Computing hashes of 25 cells of `$paramod$b2a1694e054de7dfdcdbcd4b1356480af6859439\data_mem'.
Finding duplicate cells in `$paramod$b2a1694e054de7dfdcdbcd4b1356480af6859439\data_mem'.
Finding identical cells in module `\gpu_top'.
Computing hashes of 6 cells of `\gpu_top'.
Finding duplicate cells in `\gpu_top'.
Removed a total of 0 cells.

4.8.3. Executing OPT_MUXTREE pass (detect dead branches in mux trees).
Running muxtree optimizer on module $paramod$fd0170a58924e6d7b2131d4623b428d1d1232fac\warp_scheduler..
  Creating internal representation of mux trees.
  Evaluating internal representation of mux trees.
  Analyzing evaluation results.
Running muxtree optimizer on module $paramod$c340cd9ddb594af487b68a1f41f357874e13cce6\simt_execution_core..
  Creating internal representation of mux trees.
  Evaluating internal representation of mux trees.
  Analyzing evaluation results.
Running muxtree optimizer on module $paramod\pc_update_unit\PC_WIDTH=s32'00000000000000000000000000100000..
  Creating internal representation of mux trees.
  Evaluating internal representation of mux trees.
  Analyzing evaluation results.
Running muxtree optimizer on module $paramod$bbdd970d5e9d5db000ca33c4cf0f699d1c916bbb\inst_mem..
  Creating internal representation of mux trees.
  Evaluating internal representation of mux trees.
  Analyzing evaluation results.
Running muxtree optimizer on module $paramod$20f9d1ebf2d220d6d149ed1f156499717425796a\fetch_decode_unit..
  Creating internal representation of mux trees.
  No muxes found in this module.
Running muxtree optimizer on module $paramod$b2a1694e054de7dfdcdbcd4b1356480af6859439\data_mem..
  Creating internal representation of mux trees.
  Evaluating internal representation of mux trees.
  Analyzing evaluation results.
Running muxtree optimizer on module \gpu_top..
  Creating internal representation of mux trees.
  No muxes found in this module.
Removed 0 multiplexer ports.
<suppressed ~85 debug messages>

4.8.4. Executing OPT_REDUCE pass (consolidate $*mux and $reduce_* inputs).
  Optimizing cells in module $paramod$fd0170a58924e6d7b2131d4623b428d1d1232fac\warp_scheduler.
  Optimizing cells in module $paramod$c340cd9ddb594af487b68a1f41f357874e13cce6\simt_execution_core.
  Optimizing cells in module $paramod\pc_update_unit\PC_WIDTH=s32'00000000000000000000000000100000.
  Optimizing cells in module $paramod$bbdd970d5e9d5db000ca33c4cf0f699d1c916bbb\inst_mem.
  Optimizing cells in module $paramod$20f9d1ebf2d220d6d149ed1f156499717425796a\fetch_decode_unit.
  Optimizing cells in module $paramod$b2a1694e054de7dfdcdbcd4b1356480af6859439\data_mem.
  Optimizing cells in module \gpu_top.
Performed a total of 0 changes.

4.8.5. Executing OPT_MERGE pass (detect identical cells).
Finding identical cells in module `$paramod$fd0170a58924e6d7b2131d4623b428d1d1232fac\warp_scheduler'.
Computing hashes of 12 cells of `$paramod$fd0170a58924e6d7b2131d4623b428d1d1232fac\warp_scheduler'.
Finding duplicate cells in `$paramod$fd0170a58924e6d7b2131d4623b428d1d1232fac\warp_scheduler'.
Finding identical cells in module `$paramod$c340cd9ddb594af487b68a1f41f357874e13cce6\simt_execution_core'.
Computing hashes of 131 cells of `$paramod$c340cd9ddb594af487b68a1f41f357874e13cce6\simt_execution_core'.
Finding duplicate cells in `$paramod$c340cd9ddb594af487b68a1f41f357874e13cce6\simt_execution_core'.
Finding identical cells in module `$paramod\pc_update_unit\PC_WIDTH=s32'00000000000000000000000000100000'.
Computing hashes of 2 cells of `$paramod\pc_update_unit\PC_WIDTH=s32'00000000000000000000000000100000'.
Finding duplicate cells in `$paramod\pc_update_unit\PC_WIDTH=s32'00000000000000000000000000100000'.
Finding identical cells in module `$paramod$bbdd970d5e9d5db000ca33c4cf0f699d1c916bbb\inst_mem'.
Computing hashes of 3 cells of `$paramod$bbdd970d5e9d5db000ca33c4cf0f699d1c916bbb\inst_mem'.
Finding duplicate cells in `$paramod$bbdd970d5e9d5db000ca33c4cf0f699d1c916bbb\inst_mem'.
Finding identical cells in module `$paramod$20f9d1ebf2d220d6d149ed1f156499717425796a\fetch_decode_unit'.
Computing hashes of 0 cells of `$paramod$20f9d1ebf2d220d6d149ed1f156499717425796a\fetch_decode_unit'.
Finding duplicate cells in `$paramod$20f9d1ebf2d220d6d149ed1f156499717425796a\fetch_decode_unit'.
Finding identical cells in module `$paramod$b2a1694e054de7dfdcdbcd4b1356480af6859439\data_mem'.
Computing hashes of 25 cells of `$paramod$b2a1694e054de7dfdcdbcd4b1356480af6859439\data_mem'.
Finding duplicate cells in `$paramod$b2a1694e054de7dfdcdbcd4b1356480af6859439\data_mem'.
Finding identical cells in module `\gpu_top'.
Computing hashes of 6 cells of `\gpu_top'.
Finding duplicate cells in `\gpu_top'.
Removed a total of 0 cells.

4.8.6. Executing OPT_DFF pass (perform DFF optimizations).
Adding EN signal on $procdff$1653 ($adff) from module $paramod$fd0170a58924e6d7b2131d4623b428d1d1232fac\warp_scheduler (D = \new_pc_in, Q = \pc_table[0]).
Adding EN signal on $procdff$1658 ($adff) from module $paramod$fd0170a58924e6d7b2131d4623b428d1d1232fac\warp_scheduler (D = \new_pc_in, Q = \pc_table[1]).
Adding EN signal on $procdff$1697 ($dff) from module $paramod$b2a1694e054de7dfdcdbcd4b1356480af6859439\data_mem (D = $memrd$\mem_lanes[1].mem_file$data_mem.sv:33$1268_DATA, Q = \lane_load_data [63:32]).
Adding EN signal on $procdff$1701 ($dff) from module $paramod$b2a1694e054de7dfdcdbcd4b1356480af6859439\data_mem (D = $memrd$\mem_lanes[0].mem_file$data_mem.sv:33$1260_DATA, Q = \lane_load_data [31:0]).
Adding EN signal on $procdff$1689 ($dff) from module $paramod$b2a1694e054de7dfdcdbcd4b1356480af6859439\data_mem (D = $memrd$\mem_lanes[3].mem_file$data_mem.sv:33$1284_DATA, Q = \lane_load_data [127:96]).
Adding EN signal on $procdff$1693 ($dff) from module $paramod$b2a1694e054de7dfdcdbcd4b1356480af6859439\data_mem (D = $memrd$\mem_lanes[2].mem_file$data_mem.sv:33$1276_DATA, Q = \lane_load_data [95:64]).

4.8.7. Executing OPT_CLEAN pass (remove unused cells and wires).
Finding unused cells or wires in module $paramod$fd0170a58924e6d7b2131d4623b428d1d1232fac\warp_scheduler..
Finding unused cells or wires in module $paramod$c340cd9ddb594af487b68a1f41f357874e13cce6\simt_execution_core..
Finding unused cells or wires in module $paramod\pc_update_unit\PC_WIDTH=s32'00000000000000000000000000100000..
Finding unused cells or wires in module $paramod$bbdd970d5e9d5db000ca33c4cf0f699d1c916bbb\inst_mem..
Finding unused cells or wires in module $paramod$20f9d1ebf2d220d6d149ed1f156499717425796a\fetch_decode_unit..
Finding unused cells or wires in module $paramod$b2a1694e054de7dfdcdbcd4b1356480af6859439\data_mem..
Finding unused cells or wires in module \gpu_top..
Removed 8 unused cells and 8 unused wires.
<suppressed ~10 debug messages>

4.8.8. Executing OPT_EXPR pass (perform const folding).
Optimizing module $paramod$fd0170a58924e6d7b2131d4623b428d1d1232fac\warp_scheduler.
Optimizing module $paramod$c340cd9ddb594af487b68a1f41f357874e13cce6\simt_execution_core.
Optimizing module $paramod\pc_update_unit\PC_WIDTH=s32'00000000000000000000000000100000.
Optimizing module $paramod$bbdd970d5e9d5db000ca33c4cf0f699d1c916bbb\inst_mem.
Optimizing module $paramod$20f9d1ebf2d220d6d149ed1f156499717425796a\fetch_decode_unit.
Optimizing module $paramod$b2a1694e054de7dfdcdbcd4b1356480af6859439\data_mem.
Optimizing module gpu_top.

4.8.9. Rerunning OPT passes. (Maybe there is more to do..)

4.8.10. Executing OPT_MUXTREE pass (detect dead branches in mux trees).
Running muxtree optimizer on module $paramod$fd0170a58924e6d7b2131d4623b428d1d1232fac\warp_scheduler..
  Creating internal representation of mux trees.
  Evaluating internal representation of mux trees.
  Analyzing evaluation results.
Running muxtree optimizer on module $paramod$c340cd9ddb594af487b68a1f41f357874e13cce6\simt_execution_core..
  Creating internal representation of mux trees.
  Evaluating internal representation of mux trees.
  Analyzing evaluation results.
Running muxtree optimizer on module $paramod\pc_update_unit\PC_WIDTH=s32'00000000000000000000000000100000..
  Creating internal representation of mux trees.
  Evaluating internal representation of mux trees.
  Analyzing evaluation results.
Running muxtree optimizer on module $paramod$bbdd970d5e9d5db000ca33c4cf0f699d1c916bbb\inst_mem..
  Creating internal representation of mux trees.
  Evaluating internal representation of mux trees.
  Analyzing evaluation results.
Running muxtree optimizer on module $paramod$20f9d1ebf2d220d6d149ed1f156499717425796a\fetch_decode_unit..
  Creating internal representation of mux trees.
  No muxes found in this module.
Running muxtree optimizer on module $paramod$b2a1694e054de7dfdcdbcd4b1356480af6859439\data_mem..
  Creating internal representation of mux trees.
  Evaluating internal representation of mux trees.
  Analyzing evaluation results.
Running muxtree optimizer on module \gpu_top..
  Creating internal representation of mux trees.
  No muxes found in this module.
Removed 0 multiplexer ports.
<suppressed ~71 debug messages>

4.8.11. Executing OPT_REDUCE pass (consolidate $*mux and $reduce_* inputs).
  Optimizing cells in module $paramod$fd0170a58924e6d7b2131d4623b428d1d1232fac\warp_scheduler.
  Optimizing cells in module $paramod$c340cd9ddb594af487b68a1f41f357874e13cce6\simt_execution_core.
  Optimizing cells in module $paramod\pc_update_unit\PC_WIDTH=s32'00000000000000000000000000100000.
  Optimizing cells in module $paramod$bbdd970d5e9d5db000ca33c4cf0f699d1c916bbb\inst_mem.
  Optimizing cells in module $paramod$20f9d1ebf2d220d6d149ed1f156499717425796a\fetch_decode_unit.
  Optimizing cells in module $paramod$b2a1694e054de7dfdcdbcd4b1356480af6859439\data_mem.
  Optimizing cells in module \gpu_top.
Performed a total of 0 changes.

4.8.12. Executing OPT_MERGE pass (detect identical cells).
Finding identical cells in module `$paramod$fd0170a58924e6d7b2131d4623b428d1d1232fac\warp_scheduler'.
Computing hashes of 11 cells of `$paramod$fd0170a58924e6d7b2131d4623b428d1d1232fac\warp_scheduler'.
Finding duplicate cells in `$paramod$fd0170a58924e6d7b2131d4623b428d1d1232fac\warp_scheduler'.
Finding identical cells in module `$paramod$c340cd9ddb594af487b68a1f41f357874e13cce6\simt_execution_core'.
Computing hashes of 131 cells of `$paramod$c340cd9ddb594af487b68a1f41f357874e13cce6\simt_execution_core'.
Finding duplicate cells in `$paramod$c340cd9ddb594af487b68a1f41f357874e13cce6\simt_execution_core'.
Finding identical cells in module `$paramod\pc_update_unit\PC_WIDTH=s32'00000000000000000000000000100000'.
Computing hashes of 2 cells of `$paramod\pc_update_unit\PC_WIDTH=s32'00000000000000000000000000100000'.
Finding duplicate cells in `$paramod\pc_update_unit\PC_WIDTH=s32'00000000000000000000000000100000'.
Finding identical cells in module `$paramod$bbdd970d5e9d5db000ca33c4cf0f699d1c916bbb\inst_mem'.
Computing hashes of 3 cells of `$paramod$bbdd970d5e9d5db000ca33c4cf0f699d1c916bbb\inst_mem'.
Finding duplicate cells in `$paramod$bbdd970d5e9d5db000ca33c4cf0f699d1c916bbb\inst_mem'.
Finding identical cells in module `$paramod$20f9d1ebf2d220d6d149ed1f156499717425796a\fetch_decode_unit'.
Computing hashes of 0 cells of `$paramod$20f9d1ebf2d220d6d149ed1f156499717425796a\fetch_decode_unit'.
Finding duplicate cells in `$paramod$20f9d1ebf2d220d6d149ed1f156499717425796a\fetch_decode_unit'.
Finding identical cells in module `$paramod$b2a1694e054de7dfdcdbcd4b1356480af6859439\data_mem'.
Computing hashes of 21 cells of `$paramod$b2a1694e054de7dfdcdbcd4b1356480af6859439\data_mem'.
Finding duplicate cells in `$paramod$b2a1694e054de7dfdcdbcd4b1356480af6859439\data_mem'.
Finding identical cells in module `\gpu_top'.
Computing hashes of 6 cells of `\gpu_top'.
Finding duplicate cells in `\gpu_top'.
Removed a total of 0 cells.

4.8.13. Executing OPT_DFF pass (perform DFF optimizations).

4.8.14. Executing OPT_CLEAN pass (remove unused cells and wires).
Finding unused cells or wires in module $paramod$fd0170a58924e6d7b2131d4623b428d1d1232fac\warp_scheduler..
Finding unused cells or wires in module $paramod$c340cd9ddb594af487b68a1f41f357874e13cce6\simt_execution_core..
Finding unused cells or wires in module $paramod\pc_update_unit\PC_WIDTH=s32'00000000000000000000000000100000..
Finding unused cells or wires in module $paramod$bbdd970d5e9d5db000ca33c4cf0f699d1c916bbb\inst_mem..
Finding unused cells or wires in module $paramod$20f9d1ebf2d220d6d149ed1f156499717425796a\fetch_decode_unit..
Finding unused cells or wires in module $paramod$b2a1694e054de7dfdcdbcd4b1356480af6859439\data_mem..
Finding unused cells or wires in module \gpu_top..

4.8.15. Executing OPT_EXPR pass (perform const folding).
Optimizing module $paramod$fd0170a58924e6d7b2131d4623b428d1d1232fac\warp_scheduler.
Optimizing module $paramod$c340cd9ddb594af487b68a1f41f357874e13cce6\simt_execution_core.
Optimizing module $paramod\pc_update_unit\PC_WIDTH=s32'00000000000000000000000000100000.
Optimizing module $paramod$bbdd970d5e9d5db000ca33c4cf0f699d1c916bbb\inst_mem.
Optimizing module $paramod$20f9d1ebf2d220d6d149ed1f156499717425796a\fetch_decode_unit.
Optimizing module $paramod$b2a1694e054de7dfdcdbcd4b1356480af6859439\data_mem.
Optimizing module gpu_top.

4.8.16. Finished fast OPT passes. (There is nothing left to do.)

4.9. Executing WREDUCE pass (reducing word size of cells).
Removed top 1 bits (of 2) from port B of cell $paramod$fd0170a58924e6d7b2131d4623b428d1d1232fac\warp_scheduler.$eq$warp_scheduler.sv:31$1451 ($eq).
Removed top 31 bits (of 32) from mux cell $paramod$c340cd9ddb594af487b68a1f41f357874e13cce6\simt_execution_core.$ternary$simt_execution_core.sv:65$1306 ($mux).
Removed top 31 bits (of 32) from mux cell $paramod$c340cd9ddb594af487b68a1f41f357874e13cce6\simt_execution_core.$ternary$simt_execution_core.sv:66$1308 ($mux).
Removed top 31 bits (of 32) from mux cell $paramod$c340cd9ddb594af487b68a1f41f357874e13cce6\simt_execution_core.$ternary$simt_execution_core.sv:74$1318 ($mux).
Removed top 31 bits (of 32) from mux cell $paramod$c340cd9ddb594af487b68a1f41f357874e13cce6\simt_execution_core.$ternary$simt_execution_core.sv:75$1320 ($mux).
Removed top 31 bits (of 32) from mux cell $paramod$c340cd9ddb594af487b68a1f41f357874e13cce6\simt_execution_core.$ternary$simt_execution_core.sv:65$1343 ($mux).
Removed top 31 bits (of 32) from mux cell $paramod$c340cd9ddb594af487b68a1f41f357874e13cce6\simt_execution_core.$ternary$simt_execution_core.sv:66$1345 ($mux).
Removed top 31 bits (of 32) from mux cell $paramod$c340cd9ddb594af487b68a1f41f357874e13cce6\simt_execution_core.$ternary$simt_execution_core.sv:74$1355 ($mux).
Removed top 31 bits (of 32) from mux cell $paramod$c340cd9ddb594af487b68a1f41f357874e13cce6\simt_execution_core.$ternary$simt_execution_core.sv:75$1357 ($mux).
Removed top 31 bits (of 32) from mux cell $paramod$c340cd9ddb594af487b68a1f41f357874e13cce6\simt_execution_core.$ternary$simt_execution_core.sv:65$1380 ($mux).
Removed top 31 bits (of 32) from mux cell $paramod$c340cd9ddb594af487b68a1f41f357874e13cce6\simt_execution_core.$ternary$simt_execution_core.sv:66$1382 ($mux).
Removed top 31 bits (of 32) from mux cell $paramod$c340cd9ddb594af487b68a1f41f357874e13cce6\simt_execution_core.$ternary$simt_execution_core.sv:74$1392 ($mux).
Removed top 31 bits (of 32) from mux cell $paramod$c340cd9ddb594af487b68a1f41f357874e13cce6\simt_execution_core.$ternary$simt_execution_core.sv:75$1394 ($mux).
Removed top 27 bits (of 32) from port A of cell $paramod$c340cd9ddb594af487b68a1f41f357874e13cce6\simt_execution_core.$add$simt_execution_core.sv:44$1405 ($add).
Removed top 28 bits (of 32) from port Y of cell $paramod$c340cd9ddb594af487b68a1f41f357874e13cce6\simt_execution_core.$add$simt_execution_core.sv:44$1405 ($add).
Removed top 1 bits (of 5) from port A of cell $paramod$c340cd9ddb594af487b68a1f41f357874e13cce6\simt_execution_core.$add$simt_execution_core.sv:44$1405 ($add).
Removed top 1 bits (of 5) from port B of cell $paramod$c340cd9ddb594af487b68a1f41f357874e13cce6\simt_execution_core.$add$simt_execution_core.sv:44$1405 ($add).
Removed top 27 bits (of 32) from port A of cell $paramod$c340cd9ddb594af487b68a1f41f357874e13cce6\simt_execution_core.$add$simt_execution_core.sv:45$1407 ($add).
Removed top 28 bits (of 32) from port Y of cell $paramod$c340cd9ddb594af487b68a1f41f357874e13cce6\simt_execution_core.$add$simt_execution_core.sv:45$1407 ($add).
Removed top 1 bits (of 5) from port A of cell $paramod$c340cd9ddb594af487b68a1f41f357874e13cce6\simt_execution_core.$add$simt_execution_core.sv:45$1407 ($add).
Removed top 1 bits (of 5) from port B of cell $paramod$c340cd9ddb594af487b68a1f41f357874e13cce6\simt_execution_core.$add$simt_execution_core.sv:45$1407 ($add).
Removed top 27 bits (of 32) from port A of cell $paramod$c340cd9ddb594af487b68a1f41f357874e13cce6\simt_execution_core.$add$simt_execution_core.sv:46$1409 ($add).
Removed top 28 bits (of 32) from port Y of cell $paramod$c340cd9ddb594af487b68a1f41f357874e13cce6\simt_execution_core.$add$simt_execution_core.sv:46$1409 ($add).
Removed top 1 bits (of 5) from port A of cell $paramod$c340cd9ddb594af487b68a1f41f357874e13cce6\simt_execution_core.$add$simt_execution_core.sv:46$1409 ($add).
Removed top 1 bits (of 5) from port B of cell $paramod$c340cd9ddb594af487b68a1f41f357874e13cce6\simt_execution_core.$add$simt_execution_core.sv:46$1409 ($add).
Removed top 31 bits (of 32) from mux cell $paramod$c340cd9ddb594af487b68a1f41f357874e13cce6\simt_execution_core.$ternary$simt_execution_core.sv:65$1417 ($mux).
Removed top 31 bits (of 32) from mux cell $paramod$c340cd9ddb594af487b68a1f41f357874e13cce6\simt_execution_core.$ternary$simt_execution_core.sv:66$1419 ($mux).
Removed top 31 bits (of 32) from mux cell $paramod$c340cd9ddb594af487b68a1f41f357874e13cce6\simt_execution_core.$ternary$simt_execution_core.sv:74$1429 ($mux).
Removed top 31 bits (of 32) from mux cell $paramod$c340cd9ddb594af487b68a1f41f357874e13cce6\simt_execution_core.$ternary$simt_execution_core.sv:75$1431 ($mux).
Removed top 1 bits (of 4) from port B of cell $paramod$c340cd9ddb594af487b68a1f41f357874e13cce6\simt_execution_core.$procmux$1580_CMP0 ($eq).
Removed top 1 bits (of 4) from port B of cell $paramod$c340cd9ddb594af487b68a1f41f357874e13cce6\simt_execution_core.$procmux$1581_CMP0 ($eq).
Removed top 1 bits (of 4) from port B of cell $paramod$c340cd9ddb594af487b68a1f41f357874e13cce6\simt_execution_core.$procmux$1582_CMP0 ($eq).
Removed top 1 bits (of 4) from port B of cell $paramod$c340cd9ddb594af487b68a1f41f357874e13cce6\simt_execution_core.$procmux$1583_CMP0 ($eq).
Removed top 2 bits (of 4) from port B of cell $paramod$c340cd9ddb594af487b68a1f41f357874e13cce6\simt_execution_core.$procmux$1584_CMP0 ($eq).
Removed top 2 bits (of 4) from port B of cell $paramod$c340cd9ddb594af487b68a1f41f357874e13cce6\simt_execution_core.$procmux$1585_CMP0 ($eq).
Removed top 3 bits (of 4) from port B of cell $paramod$c340cd9ddb594af487b68a1f41f357874e13cce6\simt_execution_core.$procmux$1586_CMP0 ($eq).
Removed top 31 bits (of 32) from wire $paramod$c340cd9ddb594af487b68a1f41f357874e13cce6\simt_execution_core.$ternary$simt_execution_core.sv:66$1382_Y.
Removed top 31 bits (of 32) from wire $paramod$c340cd9ddb594af487b68a1f41f357874e13cce6\simt_execution_core.$ternary$simt_execution_core.sv:65$1380_Y.
Removed top 31 bits (of 32) from wire $paramod$c340cd9ddb594af487b68a1f41f357874e13cce6\simt_execution_core.$ternary$simt_execution_core.sv:65$1417_Y.
Removed top 31 bits (of 32) from wire $paramod$c340cd9ddb594af487b68a1f41f357874e13cce6\simt_execution_core.$ternary$simt_execution_core.sv:66$1419_Y.
Removed top 31 bits (of 32) from wire $paramod$c340cd9ddb594af487b68a1f41f357874e13cce6\simt_execution_core.$ternary$simt_execution_core.sv:75$1357_Y.
Removed top 31 bits (of 32) from wire $paramod$c340cd9ddb594af487b68a1f41f357874e13cce6\simt_execution_core.$ternary$simt_execution_core.sv:74$1355_Y.
Removed top 31 bits (of 32) from wire $paramod$c340cd9ddb594af487b68a1f41f357874e13cce6\simt_execution_core.$ternary$simt_execution_core.sv:66$1345_Y.
Removed top 31 bits (of 32) from wire $paramod$c340cd9ddb594af487b68a1f41f357874e13cce6\simt_execution_core.$ternary$simt_execution_core.sv:65$1343_Y.
Removed top 31 bits (of 32) from wire $paramod$c340cd9ddb594af487b68a1f41f357874e13cce6\simt_execution_core.$ternary$simt_execution_core.sv:74$1429_Y.
Removed top 31 bits (of 32) from wire $paramod$c340cd9ddb594af487b68a1f41f357874e13cce6\simt_execution_core.$ternary$simt_execution_core.sv:75$1431_Y.
Removed top 31 bits (of 32) from wire $paramod$c340cd9ddb594af487b68a1f41f357874e13cce6\simt_execution_core.$ternary$simt_execution_core.sv:75$1320_Y.
Removed top 31 bits (of 32) from wire $paramod$c340cd9ddb594af487b68a1f41f357874e13cce6\simt_execution_core.$ternary$simt_execution_core.sv:74$1318_Y.
Removed top 31 bits (of 32) from wire $paramod$c340cd9ddb594af487b68a1f41f357874e13cce6\simt_execution_core.$ternary$simt_execution_core.sv:66$1308_Y.
Removed top 31 bits (of 32) from wire $paramod$c340cd9ddb594af487b68a1f41f357874e13cce6\simt_execution_core.$ternary$simt_execution_core.sv:65$1306_Y.
Removed top 31 bits (of 32) from wire $paramod$c340cd9ddb594af487b68a1f41f357874e13cce6\simt_execution_core.$ternary$simt_execution_core.sv:75$1394_Y.
Removed top 31 bits (of 32) from wire $paramod$c340cd9ddb594af487b68a1f41f357874e13cce6\simt_execution_core.$ternary$simt_execution_core.sv:74$1392_Y.
Removed top 29 bits (of 32) from port B of cell $paramod\pc_update_unit\PC_WIDTH=s32'00000000000000000000000000100000.$add$pc_update_unit.sv:14$1287 ($add).
Removed top 28 address bits (of 32) from memory init port $paramod$bbdd970d5e9d5db000ca33c4cf0f699d1c916bbb\inst_mem.$auto$mem.cc:351:emit$1460 ($auto$proc_rom.cc:155:do_switch$1458).

4.10. Executing PEEPOPT pass (run peephole optimizers).

4.11. Executing OPT_CLEAN pass (remove unused cells and wires).
Finding unused cells or wires in module $paramod$fd0170a58924e6d7b2131d4623b428d1d1232fac\warp_scheduler..
Finding unused cells or wires in module $paramod$c340cd9ddb594af487b68a1f41f357874e13cce6\simt_execution_core..
Finding unused cells or wires in module $paramod\pc_update_unit\PC_WIDTH=s32'00000000000000000000000000100000..
Finding unused cells or wires in module $paramod$bbdd970d5e9d5db000ca33c4cf0f699d1c916bbb\inst_mem..
Finding unused cells or wires in module $paramod$20f9d1ebf2d220d6d149ed1f156499717425796a\fetch_decode_unit..
Finding unused cells or wires in module $paramod$b2a1694e054de7dfdcdbcd4b1356480af6859439\data_mem..
Finding unused cells or wires in module \gpu_top..
Removed 0 unused cells and 19 unused wires.
<suppressed ~1 debug messages>

4.12. Executing ALUMACC pass (create $alu and $macc cells).
Extracting $alu and $macc cells in module $paramod$fd0170a58924e6d7b2131d4623b428d1d1232fac\warp_scheduler:
  creating $macc model for $add$warp_scheduler.sv:34$1452 ($add).
  creating $alu model for $macc $add$warp_scheduler.sv:34$1452.
  creating $alu cell for $add$warp_scheduler.sv:34$1452: $auto$alumacc.cc:548:replace_alu$1741
  created 1 $alu and 0 $macc cells.
Extracting $alu and $macc cells in module $paramod$c340cd9ddb594af487b68a1f41f357874e13cce6\simt_execution_core:
  creating $macc model for $sub$simt_execution_core.sv:64$1415 ($sub).
  creating $macc model for $add$simt_execution_core.sv:63$1414 ($add).
  creating $macc model for $add$simt_execution_core.sv:46$1409 ($add).
  creating $macc model for $add$simt_execution_core.sv:45$1407 ($add).
  creating $macc model for $add$simt_execution_core.sv:44$1405 ($add).
  creating $macc model for $sub$simt_execution_core.sv:64$1378 ($sub).
  creating $macc model for $add$simt_execution_core.sv:63$1377 ($add).
  creating $macc model for $sub$simt_execution_core.sv:64$1341 ($sub).
  creating $macc model for $add$simt_execution_core.sv:63$1340 ($add).
  creating $macc model for $sub$simt_execution_core.sv:64$1304 ($sub).
  creating $macc model for $add$simt_execution_core.sv:63$1303 ($add).
  creating $alu model for $macc $add$simt_execution_core.sv:63$1303.
  creating $alu model for $macc $sub$simt_execution_core.sv:64$1304.
  creating $alu model for $macc $add$simt_execution_core.sv:63$1340.
  creating $alu model for $macc $sub$simt_execution_core.sv:64$1341.
  creating $alu model for $macc $add$simt_execution_core.sv:63$1377.
  creating $alu model for $macc $sub$simt_execution_core.sv:64$1378.
  creating $alu model for $macc $add$simt_execution_core.sv:44$1405.
  creating $alu model for $macc $add$simt_execution_core.sv:45$1407.
  creating $alu model for $macc $add$simt_execution_core.sv:46$1409.
  creating $alu model for $macc $add$simt_execution_core.sv:63$1414.
  creating $alu model for $macc $sub$simt_execution_core.sv:64$1415.
  creating $alu model for $lt$simt_execution_core.sv:66$1418 ($lt): merged with $sub$simt_execution_core.sv:64$1415.
  creating $alu model for $lt$simt_execution_core.sv:65$1416 ($lt): merged with $sub$simt_execution_core.sv:64$1415.
  creating $alu model for $lt$simt_execution_core.sv:66$1381 ($lt): merged with $sub$simt_execution_core.sv:64$1378.
  creating $alu model for $lt$simt_execution_core.sv:65$1379 ($lt): merged with $sub$simt_execution_core.sv:64$1378.
  creating $alu model for $lt$simt_execution_core.sv:66$1344 ($lt): merged with $sub$simt_execution_core.sv:64$1341.
  creating $alu model for $lt$simt_execution_core.sv:65$1342 ($lt): merged with $sub$simt_execution_core.sv:64$1341.
  creating $alu model for $lt$simt_execution_core.sv:66$1307 ($lt): merged with $sub$simt_execution_core.sv:64$1304.
  creating $alu model for $lt$simt_execution_core.sv:65$1305 ($lt): merged with $sub$simt_execution_core.sv:64$1304.
  creating $alu model for $ne$simt_execution_core.sv:75$1430 ($ne): merged with $sub$simt_execution_core.sv:64$1415.
  creating $alu model for $eq$simt_execution_core.sv:74$1428 ($eq): merged with $sub$simt_execution_core.sv:64$1415.
  creating $alu model for $ne$simt_execution_core.sv:75$1393 ($ne): merged with $sub$simt_execution_core.sv:64$1378.
  creating $alu model for $eq$simt_execution_core.sv:74$1391 ($eq): merged with $sub$simt_execution_core.sv:64$1378.
  creating $alu model for $ne$simt_execution_core.sv:75$1356 ($ne): merged with $sub$simt_execution_core.sv:64$1341.
  creating $alu model for $eq$simt_execution_core.sv:74$1354 ($eq): merged with $sub$simt_execution_core.sv:64$1341.
  creating $alu model for $ne$simt_execution_core.sv:75$1319 ($ne): merged with $sub$simt_execution_core.sv:64$1304.
  creating $alu model for $eq$simt_execution_core.sv:74$1317 ($eq): merged with $sub$simt_execution_core.sv:64$1304.
  creating $alu cell for $sub$simt_execution_core.sv:64$1415, $lt$simt_execution_core.sv:66$1418, $lt$simt_execution_core.sv:65$1416, $ne$simt_execution_core.sv:75$1430, $eq$simt_execution_core.sv:74$1428: $auto$alumacc.cc:548:replace_alu$1744
  creating $alu cell for $add$simt_execution_core.sv:63$1414: $auto$alumacc.cc:548:replace_alu$1757
  creating $alu cell for $add$simt_execution_core.sv:46$1409: $auto$alumacc.cc:548:replace_alu$1760
  creating $alu cell for $add$simt_execution_core.sv:45$1407: $auto$alumacc.cc:548:replace_alu$1763
  creating $alu cell for $add$simt_execution_core.sv:44$1405: $auto$alumacc.cc:548:replace_alu$1766
  creating $alu cell for $sub$simt_execution_core.sv:64$1378, $lt$simt_execution_core.sv:66$1381, $lt$simt_execution_core.sv:65$1379, $ne$simt_execution_core.sv:75$1393, $eq$simt_execution_core.sv:74$1391: $auto$alumacc.cc:548:replace_alu$1769
  creating $alu cell for $add$simt_execution_core.sv:63$1377: $auto$alumacc.cc:548:replace_alu$1782
  creating $alu cell for $sub$simt_execution_core.sv:64$1341, $lt$simt_execution_core.sv:66$1344, $lt$simt_execution_core.sv:65$1342, $ne$simt_execution_core.sv:75$1356, $eq$simt_execution_core.sv:74$1354: $auto$alumacc.cc:548:replace_alu$1785
  creating $alu cell for $add$simt_execution_core.sv:63$1340: $auto$alumacc.cc:548:replace_alu$1798
  creating $alu cell for $sub$simt_execution_core.sv:64$1304, $lt$simt_execution_core.sv:66$1307, $lt$simt_execution_core.sv:65$1305, $ne$simt_execution_core.sv:75$1319, $eq$simt_execution_core.sv:74$1317: $auto$alumacc.cc:548:replace_alu$1801
  creating $alu cell for $add$simt_execution_core.sv:63$1303: $auto$alumacc.cc:548:replace_alu$1814
  created 11 $alu and 0 $macc cells.
Extracting $alu and $macc cells in module $paramod\pc_update_unit\PC_WIDTH=s32'00000000000000000000000000100000:
  creating $macc model for $add$pc_update_unit.sv:14$1287 ($add).
  creating $alu model for $macc $add$pc_update_unit.sv:14$1287.
  creating $alu cell for $add$pc_update_unit.sv:14$1287: $auto$alumacc.cc:548:replace_alu$1817
  created 1 $alu and 0 $macc cells.
Extracting $alu and $macc cells in module $paramod$bbdd970d5e9d5db000ca33c4cf0f699d1c916bbb\inst_mem:
  created 0 $alu and 0 $macc cells.
Extracting $alu and $macc cells in module $paramod$20f9d1ebf2d220d6d149ed1f156499717425796a\fetch_decode_unit:
  created 0 $alu and 0 $macc cells.
Extracting $alu and $macc cells in module $paramod$b2a1694e054de7dfdcdbcd4b1356480af6859439\data_mem:
  created 0 $alu and 0 $macc cells.
Extracting $alu and $macc cells in module gpu_top:
  created 0 $alu and 0 $macc cells.

4.13. Executing SHARE pass (SAT-based resource sharing).
Found 12 cells in module $paramod$c340cd9ddb594af487b68a1f41f357874e13cce6\simt_execution_core that may be considered for resource sharing.
  Analyzing resource sharing options for $shl$simt_execution_core.sv:71$1314 ($shl):
    Found 1 activation_patterns using ctrl signal $procmux$1501_CMP.
    Found 3 candidates: $shl$simt_execution_core.sv:71$1351 $shl$simt_execution_core.sv:71$1388 $shl$simt_execution_core.sv:71$1425
    Analyzing resource sharing with $shl$simt_execution_core.sv:71$1351 ($shl):
      Found 1 activation_patterns using ctrl signal { $procmux$1501_CMP $logic_and$simt_execution_core.sv:87$1363_Y }.
      Activation pattern for cell $shl$simt_execution_core.sv:71$1314: $procmux$1501_CMP = 1'1
      Activation pattern for cell $shl$simt_execution_core.sv:71$1351: { $procmux$1501_CMP $logic_and$simt_execution_core.sv:87$1363_Y } = 2'11
      Size of SAT problem: 2 cells, 36 variables, 85 clauses
      According to the SAT solver this pair of cells can not be shared.
      Model from SAT solver: { $procmux$1501_CMP $logic_and$simt_execution_core.sv:87$1363_Y } = 2'11
    Analyzing resource sharing with $shl$simt_execution_core.sv:71$1388 ($shl):
      Found 1 activation_patterns using ctrl signal { $procmux$1501_CMP $logic_and$simt_execution_core.sv:87$1400_Y }.
      Activation pattern for cell $shl$simt_execution_core.sv:71$1314: $procmux$1501_CMP = 1'1
      Activation pattern for cell $shl$simt_execution_core.sv:71$1388: { $procmux$1501_CMP $logic_and$simt_execution_core.sv:87$1400_Y } = 2'11
      Size of SAT problem: 2 cells, 36 variables, 85 clauses
      According to the SAT solver this pair of cells can not be shared.
      Model from SAT solver: { $procmux$1501_CMP $logic_and$simt_execution_core.sv:87$1400_Y } = 2'11
    Analyzing resource sharing with $shl$simt_execution_core.sv:71$1425 ($shl):
      Found 1 activation_patterns using ctrl signal { $procmux$1501_CMP $logic_and$simt_execution_core.sv:87$1437_Y }.
      Activation pattern for cell $shl$simt_execution_core.sv:71$1314: $procmux$1501_CMP = 1'1
      Activation pattern for cell $shl$simt_execution_core.sv:71$1425: { $procmux$1501_CMP $logic_and$simt_execution_core.sv:87$1437_Y } = 2'11
      Size of SAT problem: 2 cells, 36 variables, 85 clauses
      According to the SAT solver this pair of cells can not be shared.
      Model from SAT solver: { $procmux$1501_CMP $logic_and$simt_execution_core.sv:87$1437_Y } = 2'11
  Analyzing resource sharing options for $shr$simt_execution_core.sv:72$1315 ($shr):
    Found 1 activation_patterns using ctrl signal $procmux$1500_CMP.
    Found 3 candidates: $shr$simt_execution_core.sv:72$1352 $shr$simt_execution_core.sv:72$1389 $shr$simt_execution_core.sv:72$1426
    Analyzing resource sharing with $shr$simt_execution_core.sv:72$1352 ($shr):
      Found 1 activation_patterns using ctrl signal { $procmux$1500_CMP $logic_and$simt_execution_core.sv:87$1363_Y }.
      Activation pattern for cell $shr$simt_execution_core.sv:72$1315: $procmux$1500_CMP = 1'1
      Activation pattern for cell $shr$simt_execution_core.sv:72$1352: { $procmux$1500_CMP $logic_and$simt_execution_core.sv:87$1363_Y } = 2'11
      Size of SAT problem: 2 cells, 36 variables, 85 clauses
      According to the SAT solver this pair of cells can not be shared.
      Model from SAT solver: { $procmux$1500_CMP $logic_and$simt_execution_core.sv:87$1363_Y } = 2'11
    Analyzing resource sharing with $shr$simt_execution_core.sv:72$1389 ($shr):
      Found 1 activation_patterns using ctrl signal { $procmux$1500_CMP $logic_and$simt_execution_core.sv:87$1400_Y }.
      Activation pattern for cell $shr$simt_execution_core.sv:72$1315: $procmux$1500_CMP = 1'1
      Activation pattern for cell $shr$simt_execution_core.sv:72$1389: { $procmux$1500_CMP $logic_and$simt_execution_core.sv:87$1400_Y } = 2'11
      Size of SAT problem: 2 cells, 36 variables, 85 clauses
      According to the SAT solver this pair of cells can not be shared.
      Model from SAT solver: { $procmux$1500_CMP $logic_and$simt_execution_core.sv:87$1400_Y } = 2'11
    Analyzing resource sharing with $shr$simt_execution_core.sv:72$1426 ($shr):
      Found 1 activation_patterns using ctrl signal { $procmux$1500_CMP $logic_and$simt_execution_core.sv:87$1437_Y }.
      Activation pattern for cell $shr$simt_execution_core.sv:72$1315: $procmux$1500_CMP = 1'1
      Activation pattern for cell $shr$simt_execution_core.sv:72$1426: { $procmux$1500_CMP $logic_and$simt_execution_core.sv:87$1437_Y } = 2'11
      Size of SAT problem: 2 cells, 36 variables, 85 clauses
      According to the SAT solver this pair of cells can not be shared.
      Model from SAT solver: { $procmux$1500_CMP $logic_and$simt_execution_core.sv:87$1437_Y } = 2'11
  Analyzing resource sharing options for $sshr$simt_execution_core.sv:73$1316 ($sshr):
    Found 1 activation_patterns using ctrl signal $procmux$1499_CMP.
    Found 3 candidates: $sshr$simt_execution_core.sv:73$1353 $sshr$simt_execution_core.sv:73$1390 $sshr$simt_execution_core.sv:73$1427
    Analyzing resource sharing with $sshr$simt_execution_core.sv:73$1353 ($sshr):
      Found 1 activation_patterns using ctrl signal { $procmux$1499_CMP $logic_and$simt_execution_core.sv:87$1363_Y }.
      Activation pattern for cell $sshr$simt_execution_core.sv:73$1316: $procmux$1499_CMP = 1'1
      Activation pattern for cell $sshr$simt_execution_core.sv:73$1353: { $procmux$1499_CMP $logic_and$simt_execution_core.sv:87$1363_Y } = 2'11
      Size of SAT problem: 2 cells, 36 variables, 85 clauses
      According to the SAT solver this pair of cells can not be shared.
      Model from SAT solver: { $procmux$1499_CMP $logic_and$simt_execution_core.sv:87$1363_Y } = 2'11
    Analyzing resource sharing with $sshr$simt_execution_core.sv:73$1390 ($sshr):
      Found 1 activation_patterns using ctrl signal { $procmux$1499_CMP $logic_and$simt_execution_core.sv:87$1400_Y }.
      Activation pattern for cell $sshr$simt_execution_core.sv:73$1316: $procmux$1499_CMP = 1'1
      Activation pattern for cell $sshr$simt_execution_core.sv:73$1390: { $procmux$1499_CMP $logic_and$simt_execution_core.sv:87$1400_Y } = 2'11
      Size of SAT problem: 2 cells, 36 variables, 85 clauses
      According to the SAT solver this pair of cells can not be shared.
      Model from SAT solver: { $procmux$1499_CMP $logic_and$simt_execution_core.sv:87$1400_Y } = 2'11
    Analyzing resource sharing with $sshr$simt_execution_core.sv:73$1427 ($sshr):
      Found 1 activation_patterns using ctrl signal { $procmux$1499_CMP $logic_and$simt_execution_core.sv:87$1437_Y }.
      Activation pattern for cell $sshr$simt_execution_core.sv:73$1316: $procmux$1499_CMP = 1'1
      Activation pattern for cell $sshr$simt_execution_core.sv:73$1427: { $procmux$1499_CMP $logic_and$simt_execution_core.sv:87$1437_Y } = 2'11
      Size of SAT problem: 2 cells, 36 variables, 85 clauses
      According to the SAT solver this pair of cells can not be shared.
      Model from SAT solver: { $procmux$1499_CMP $logic_and$simt_execution_core.sv:87$1437_Y } = 2'11
  Analyzing resource sharing options for $shl$simt_execution_core.sv:71$1351 ($shl):
    Found 1 activation_patterns using ctrl signal { $procmux$1501_CMP $logic_and$simt_execution_core.sv:87$1363_Y }.
    Found 2 candidates: $shl$simt_execution_core.sv:71$1388 $shl$simt_execution_core.sv:71$1425
    Analyzing resource sharing with $shl$simt_execution_core.sv:71$1388 ($shl):
      Found 1 activation_patterns using ctrl signal { $procmux$1501_CMP $logic_and$simt_execution_core.sv:87$1400_Y }.
      Activation pattern for cell $shl$simt_execution_core.sv:71$1351: { $procmux$1501_CMP $logic_and$simt_execution_core.sv:87$1363_Y } = 2'11
      Activation pattern for cell $shl$simt_execution_core.sv:71$1388: { $procmux$1501_CMP $logic_and$simt_execution_core.sv:87$1400_Y } = 2'11
      Size of SAT problem: 3 cells, 48 variables, 116 clauses
      According to the SAT solver this pair of cells can not be shared.
      Model from SAT solver: { $procmux$1501_CMP $logic_and$simt_execution_core.sv:87$1400_Y $logic_and$simt_execution_core.sv:87$1363_Y } = 3'111
    Analyzing resource sharing with $shl$simt_execution_core.sv:71$1425 ($shl):
      Found 1 activation_patterns using ctrl signal { $procmux$1501_CMP $logic_and$simt_execution_core.sv:87$1437_Y }.
      Activation pattern for cell $shl$simt_execution_core.sv:71$1351: { $procmux$1501_CMP $logic_and$simt_execution_core.sv:87$1363_Y } = 2'11
      Activation pattern for cell $shl$simt_execution_core.sv:71$1425: { $procmux$1501_CMP $logic_and$simt_execution_core.sv:87$1437_Y } = 2'11
      Size of SAT problem: 3 cells, 48 variables, 116 clauses
      According to the SAT solver this pair of cells can not be shared.
      Model from SAT solver: { $procmux$1501_CMP $logic_and$simt_execution_core.sv:87$1437_Y $logic_and$simt_execution_core.sv:87$1363_Y } = 3'111
  Analyzing resource sharing options for $shr$simt_execution_core.sv:72$1352 ($shr):
    Found 1 activation_patterns using ctrl signal { $procmux$1500_CMP $logic_and$simt_execution_core.sv:87$1363_Y }.
    Found 2 candidates: $shr$simt_execution_core.sv:72$1389 $shr$simt_execution_core.sv:72$1426
    Analyzing resource sharing with $shr$simt_execution_core.sv:72$1389 ($shr):
      Found 1 activation_patterns using ctrl signal { $procmux$1500_CMP $logic_and$simt_execution_core.sv:87$1400_Y }.
      Activation pattern for cell $shr$simt_execution_core.sv:72$1352: { $procmux$1500_CMP $logic_and$simt_execution_core.sv:87$1363_Y } = 2'11
      Activation pattern for cell $shr$simt_execution_core.sv:72$1389: { $procmux$1500_CMP $logic_and$simt_execution_core.sv:87$1400_Y } = 2'11
      Size of SAT problem: 3 cells, 48 variables, 116 clauses
      According to the SAT solver this pair of cells can not be shared.
      Model from SAT solver: { $procmux$1500_CMP $logic_and$simt_execution_core.sv:87$1400_Y $logic_and$simt_execution_core.sv:87$1363_Y } = 3'111
    Analyzing resource sharing with $shr$simt_execution_core.sv:72$1426 ($shr):
      Found 1 activation_patterns using ctrl signal { $procmux$1500_CMP $logic_and$simt_execution_core.sv:87$1437_Y }.
      Activation pattern for cell $shr$simt_execution_core.sv:72$1352: { $procmux$1500_CMP $logic_and$simt_execution_core.sv:87$1363_Y } = 2'11
      Activation pattern for cell $shr$simt_execution_core.sv:72$1426: { $procmux$1500_CMP $logic_and$simt_execution_core.sv:87$1437_Y } = 2'11
      Size of SAT problem: 3 cells, 48 variables, 116 clauses
      According to the SAT solver this pair of cells can not be shared.
      Model from SAT solver: { $procmux$1500_CMP $logic_and$simt_execution_core.sv:87$1437_Y $logic_and$simt_execution_core.sv:87$1363_Y } = 3'111
  Analyzing resource sharing options for $sshr$simt_execution_core.sv:73$1353 ($sshr):
    Found 1 activation_patterns using ctrl signal { $procmux$1499_CMP $logic_and$simt_execution_core.sv:87$1363_Y }.
    Found 2 candidates: $sshr$simt_execution_core.sv:73$1390 $sshr$simt_execution_core.sv:73$1427
    Analyzing resource sharing with $sshr$simt_execution_core.sv:73$1390 ($sshr):
      Found 1 activation_patterns using ctrl signal { $procmux$1499_CMP $logic_and$simt_execution_core.sv:87$1400_Y }.
      Activation pattern for cell $sshr$simt_execution_core.sv:73$1353: { $procmux$1499_CMP $logic_and$simt_execution_core.sv:87$1363_Y } = 2'11
      Activation pattern for cell $sshr$simt_execution_core.sv:73$1390: { $procmux$1499_CMP $logic_and$simt_execution_core.sv:87$1400_Y } = 2'11
      Size of SAT problem: 3 cells, 48 variables, 116 clauses
      According to the SAT solver this pair of cells can not be shared.
      Model from SAT solver: { $procmux$1499_CMP $logic_and$simt_execution_core.sv:87$1400_Y $logic_and$simt_execution_core.sv:87$1363_Y } = 3'111
    Analyzing resource sharing with $sshr$simt_execution_core.sv:73$1427 ($sshr):
      Found 1 activation_patterns using ctrl signal { $procmux$1499_CMP $logic_and$simt_execution_core.sv:87$1437_Y }.
      Activation pattern for cell $sshr$simt_execution_core.sv:73$1353: { $procmux$1499_CMP $logic_and$simt_execution_core.sv:87$1363_Y } = 2'11
      Activation pattern for cell $sshr$simt_execution_core.sv:73$1427: { $procmux$1499_CMP $logic_and$simt_execution_core.sv:87$1437_Y } = 2'11
      Size of SAT problem: 3 cells, 48 variables, 116 clauses
      According to the SAT solver this pair of cells can not be shared.
      Model from SAT solver: { $procmux$1499_CMP $logic_and$simt_execution_core.sv:87$1437_Y $logic_and$simt_execution_core.sv:87$1363_Y } = 3'111
  Analyzing resource sharing options for $shl$simt_execution_core.sv:71$1388 ($shl):
    Found 1 activation_patterns using ctrl signal { $procmux$1501_CMP $logic_and$simt_execution_core.sv:87$1400_Y }.
    Found 1 candidates: $shl$simt_execution_core.sv:71$1425
    Analyzing resource sharing with $shl$simt_execution_core.sv:71$1425 ($shl):
      Found 1 activation_patterns using ctrl signal { $procmux$1501_CMP $logic_and$simt_execution_core.sv:87$1437_Y }.
      Activation pattern for cell $shl$simt_execution_core.sv:71$1388: { $procmux$1501_CMP $logic_and$simt_execution_core.sv:87$1400_Y } = 2'11
      Activation pattern for cell $shl$simt_execution_core.sv:71$1425: { $procmux$1501_CMP $logic_and$simt_execution_core.sv:87$1437_Y } = 2'11
      Size of SAT problem: 3 cells, 48 variables, 116 clauses
      According to the SAT solver this pair of cells can not be shared.
      Model from SAT solver: { $procmux$1501_CMP $logic_and$simt_execution_core.sv:87$1437_Y $logic_and$simt_execution_core.sv:87$1400_Y } = 3'111
  Analyzing resource sharing options for $shr$simt_execution_core.sv:72$1389 ($shr):
    Found 1 activation_patterns using ctrl signal { $procmux$1500_CMP $logic_and$simt_execution_core.sv:87$1400_Y }.
    Found 1 candidates: $shr$simt_execution_core.sv:72$1426
    Analyzing resource sharing with $shr$simt_execution_core.sv:72$1426 ($shr):
      Found 1 activation_patterns using ctrl signal { $procmux$1500_CMP $logic_and$simt_execution_core.sv:87$1437_Y }.
      Activation pattern for cell $shr$simt_execution_core.sv:72$1389: { $procmux$1500_CMP $logic_and$simt_execution_core.sv:87$1400_Y } = 2'11
      Activation pattern for cell $shr$simt_execution_core.sv:72$1426: { $procmux$1500_CMP $logic_and$simt_execution_core.sv:87$1437_Y } = 2'11
      Size of SAT problem: 3 cells, 48 variables, 116 clauses
      According to the SAT solver this pair of cells can not be shared.
      Model from SAT solver: { $procmux$1500_CMP $logic_and$simt_execution_core.sv:87$1437_Y $logic_and$simt_execution_core.sv:87$1400_Y } = 3'111
  Analyzing resource sharing options for $sshr$simt_execution_core.sv:73$1390 ($sshr):
    Found 1 activation_patterns using ctrl signal { $procmux$1499_CMP $logic_and$simt_execution_core.sv:87$1400_Y }.
    Found 1 candidates: $sshr$simt_execution_core.sv:73$1427
    Analyzing resource sharing with $sshr$simt_execution_core.sv:73$1427 ($sshr):
      Found 1 activation_patterns using ctrl signal { $procmux$1499_CMP $logic_and$simt_execution_core.sv:87$1437_Y }.
      Activation pattern for cell $sshr$simt_execution_core.sv:73$1390: { $procmux$1499_CMP $logic_and$simt_execution_core.sv:87$1400_Y } = 2'11
      Activation pattern for cell $sshr$simt_execution_core.sv:73$1427: { $procmux$1499_CMP $logic_and$simt_execution_core.sv:87$1437_Y } = 2'11
      Size of SAT problem: 3 cells, 48 variables, 116 clauses
      According to the SAT solver this pair of cells can not be shared.
      Model from SAT solver: { $procmux$1499_CMP $logic_and$simt_execution_core.sv:87$1437_Y $logic_and$simt_execution_core.sv:87$1400_Y } = 3'111
  Analyzing resource sharing options for $shl$simt_execution_core.sv:71$1425 ($shl):
    Found 1 activation_patterns using ctrl signal { $procmux$1501_CMP $logic_and$simt_execution_core.sv:87$1437_Y }.
    No candidates found.
  Analyzing resource sharing options for $shr$simt_execution_core.sv:72$1426 ($shr):
    Found 1 activation_patterns using ctrl signal { $procmux$1500_CMP $logic_and$simt_execution_core.sv:87$1437_Y }.
    No candidates found.
  Analyzing resource sharing options for $sshr$simt_execution_core.sv:73$1427 ($sshr):
    Found 1 activation_patterns using ctrl signal { $procmux$1499_CMP $logic_and$simt_execution_core.sv:87$1437_Y }.
    No candidates found.

4.14. Executing OPT pass (performing simple optimizations).

4.14.1. Executing OPT_EXPR pass (perform const folding).
Optimizing module $paramod$fd0170a58924e6d7b2131d4623b428d1d1232fac\warp_scheduler.
Optimizing module $paramod$c340cd9ddb594af487b68a1f41f357874e13cce6\simt_execution_core.
<suppressed ~8 debug messages>
Optimizing module $paramod\pc_update_unit\PC_WIDTH=s32'00000000000000000000000000100000.
Optimizing module $paramod$bbdd970d5e9d5db000ca33c4cf0f699d1c916bbb\inst_mem.
Optimizing module $paramod$20f9d1ebf2d220d6d149ed1f156499717425796a\fetch_decode_unit.
Optimizing module $paramod$b2a1694e054de7dfdcdbcd4b1356480af6859439\data_mem.
Optimizing module gpu_top.

4.14.2. Executing OPT_MERGE pass (detect identical cells).
Finding identical cells in module `$paramod$fd0170a58924e6d7b2131d4623b428d1d1232fac\warp_scheduler'.
Computing hashes of 11 cells of `$paramod$fd0170a58924e6d7b2131d4623b428d1d1232fac\warp_scheduler'.
Finding duplicate cells in `$paramod$fd0170a58924e6d7b2131d4623b428d1d1232fac\warp_scheduler'.
Finding identical cells in module `$paramod$c340cd9ddb594af487b68a1f41f357874e13cce6\simt_execution_core'.
Computing hashes of 135 cells of `$paramod$c340cd9ddb594af487b68a1f41f357874e13cce6\simt_execution_core'.
Finding duplicate cells in `$paramod$c340cd9ddb594af487b68a1f41f357874e13cce6\simt_execution_core'.
Finding identical cells in module `$paramod\pc_update_unit\PC_WIDTH=s32'00000000000000000000000000100000'.
Computing hashes of 2 cells of `$paramod\pc_update_unit\PC_WIDTH=s32'00000000000000000000000000100000'.
Finding duplicate cells in `$paramod\pc_update_unit\PC_WIDTH=s32'00000000000000000000000000100000'.
Finding identical cells in module `$paramod$bbdd970d5e9d5db000ca33c4cf0f699d1c916bbb\inst_mem'.
Computing hashes of 3 cells of `$paramod$bbdd970d5e9d5db000ca33c4cf0f699d1c916bbb\inst_mem'.
Finding duplicate cells in `$paramod$bbdd970d5e9d5db000ca33c4cf0f699d1c916bbb\inst_mem'.
Finding identical cells in module `$paramod$20f9d1ebf2d220d6d149ed1f156499717425796a\fetch_decode_unit'.
Computing hashes of 0 cells of `$paramod$20f9d1ebf2d220d6d149ed1f156499717425796a\fetch_decode_unit'.
Finding duplicate cells in `$paramod$20f9d1ebf2d220d6d149ed1f156499717425796a\fetch_decode_unit'.
Finding identical cells in module `$paramod$b2a1694e054de7dfdcdbcd4b1356480af6859439\data_mem'.
Computing hashes of 21 cells of `$paramod$b2a1694e054de7dfdcdbcd4b1356480af6859439\data_mem'.
Finding duplicate cells in `$paramod$b2a1694e054de7dfdcdbcd4b1356480af6859439\data_mem'.
Finding identical cells in module `\gpu_top'.
Computing hashes of 6 cells of `\gpu_top'.
Finding duplicate cells in `\gpu_top'.
Removed a total of 0 cells.

4.14.3. Executing OPT_MUXTREE pass (detect dead branches in mux trees).
Running muxtree optimizer on module $paramod$fd0170a58924e6d7b2131d4623b428d1d1232fac\warp_scheduler..
  Creating internal representation of mux trees.
  Evaluating internal representation of mux trees.
  Analyzing evaluation results.
Running muxtree optimizer on module $paramod$c340cd9ddb594af487b68a1f41f357874e13cce6\simt_execution_core..
  Creating internal representation of mux trees.
  Evaluating internal representation of mux trees.
  Analyzing evaluation results.
Running muxtree optimizer on module $paramod\pc_update_unit\PC_WIDTH=s32'00000000000000000000000000100000..
  Creating internal representation of mux trees.
  Evaluating internal representation of mux trees.
  Analyzing evaluation results.
Running muxtree optimizer on module $paramod$bbdd970d5e9d5db000ca33c4cf0f699d1c916bbb\inst_mem..
  Creating internal representation of mux trees.
  Evaluating internal representation of mux trees.
  Analyzing evaluation results.
Running muxtree optimizer on module $paramod$20f9d1ebf2d220d6d149ed1f156499717425796a\fetch_decode_unit..
  Creating internal representation of mux trees.
  No muxes found in this module.
Running muxtree optimizer on module $paramod$b2a1694e054de7dfdcdbcd4b1356480af6859439\data_mem..
  Creating internal representation of mux trees.
  Evaluating internal representation of mux trees.
  Analyzing evaluation results.
Running muxtree optimizer on module \gpu_top..
  Creating internal representation of mux trees.
  No muxes found in this module.
Removed 0 multiplexer ports.
<suppressed ~71 debug messages>

4.14.4. Executing OPT_REDUCE pass (consolidate $*mux and $reduce_* inputs).
  Optimizing cells in module $paramod$fd0170a58924e6d7b2131d4623b428d1d1232fac\warp_scheduler.
  Optimizing cells in module $paramod$c340cd9ddb594af487b68a1f41f357874e13cce6\simt_execution_core.
  Optimizing cells in module $paramod\pc_update_unit\PC_WIDTH=s32'00000000000000000000000000100000.
  Optimizing cells in module $paramod$bbdd970d5e9d5db000ca33c4cf0f699d1c916bbb\inst_mem.
  Optimizing cells in module $paramod$20f9d1ebf2d220d6d149ed1f156499717425796a\fetch_decode_unit.
  Optimizing cells in module $paramod$b2a1694e054de7dfdcdbcd4b1356480af6859439\data_mem.
  Optimizing cells in module \gpu_top.
Performed a total of 0 changes.

4.14.5. Executing OPT_MERGE pass (detect identical cells).
Finding identical cells in module `$paramod$fd0170a58924e6d7b2131d4623b428d1d1232fac\warp_scheduler'.
Computing hashes of 11 cells of `$paramod$fd0170a58924e6d7b2131d4623b428d1d1232fac\warp_scheduler'.
Finding duplicate cells in `$paramod$fd0170a58924e6d7b2131d4623b428d1d1232fac\warp_scheduler'.
Finding identical cells in module `$paramod$c340cd9ddb594af487b68a1f41f357874e13cce6\simt_execution_core'.
Computing hashes of 135 cells of `$paramod$c340cd9ddb594af487b68a1f41f357874e13cce6\simt_execution_core'.
Finding duplicate cells in `$paramod$c340cd9ddb594af487b68a1f41f357874e13cce6\simt_execution_core'.
Finding identical cells in module `$paramod\pc_update_unit\PC_WIDTH=s32'00000000000000000000000000100000'.
Computing hashes of 2 cells of `$paramod\pc_update_unit\PC_WIDTH=s32'00000000000000000000000000100000'.
Finding duplicate cells in `$paramod\pc_update_unit\PC_WIDTH=s32'00000000000000000000000000100000'.
Finding identical cells in module `$paramod$bbdd970d5e9d5db000ca33c4cf0f699d1c916bbb\inst_mem'.
Computing hashes of 3 cells of `$paramod$bbdd970d5e9d5db000ca33c4cf0f699d1c916bbb\inst_mem'.
Finding duplicate cells in `$paramod$bbdd970d5e9d5db000ca33c4cf0f699d1c916bbb\inst_mem'.
Finding identical cells in module `$paramod$20f9d1ebf2d220d6d149ed1f156499717425796a\fetch_decode_unit'.
Computing hashes of 0 cells of `$paramod$20f9d1ebf2d220d6d149ed1f156499717425796a\fetch_decode_unit'.
Finding duplicate cells in `$paramod$20f9d1ebf2d220d6d149ed1f156499717425796a\fetch_decode_unit'.
Finding identical cells in module `$paramod$b2a1694e054de7dfdcdbcd4b1356480af6859439\data_mem'.
Computing hashes of 21 cells of `$paramod$b2a1694e054de7dfdcdbcd4b1356480af6859439\data_mem'.
Finding duplicate cells in `$paramod$b2a1694e054de7dfdcdbcd4b1356480af6859439\data_mem'.
Finding identical cells in module `\gpu_top'.
Computing hashes of 6 cells of `\gpu_top'.
Finding duplicate cells in `\gpu_top'.
Removed a total of 0 cells.

4.14.6. Executing OPT_DFF pass (perform DFF optimizations).

4.14.7. Executing OPT_CLEAN pass (remove unused cells and wires).
Finding unused cells or wires in module $paramod$fd0170a58924e6d7b2131d4623b428d1d1232fac\warp_scheduler..
Finding unused cells or wires in module $paramod$c340cd9ddb594af487b68a1f41f357874e13cce6\simt_execution_core..
Finding unused cells or wires in module $paramod\pc_update_unit\PC_WIDTH=s32'00000000000000000000000000100000..
Finding unused cells or wires in module $paramod$bbdd970d5e9d5db000ca33c4cf0f699d1c916bbb\inst_mem..
Finding unused cells or wires in module $paramod$20f9d1ebf2d220d6d149ed1f156499717425796a\fetch_decode_unit..
Finding unused cells or wires in module $paramod$b2a1694e054de7dfdcdbcd4b1356480af6859439\data_mem..
Finding unused cells or wires in module \gpu_top..
Removed 8 unused cells and 24 unused wires.
<suppressed ~9 debug messages>

4.14.8. Executing OPT_EXPR pass (perform const folding).
Optimizing module $paramod$fd0170a58924e6d7b2131d4623b428d1d1232fac\warp_scheduler.
Optimizing module $paramod$c340cd9ddb594af487b68a1f41f357874e13cce6\simt_execution_core.
Optimizing module $paramod\pc_update_unit\PC_WIDTH=s32'00000000000000000000000000100000.
Optimizing module $paramod$bbdd970d5e9d5db000ca33c4cf0f699d1c916bbb\inst_mem.
Optimizing module $paramod$20f9d1ebf2d220d6d149ed1f156499717425796a\fetch_decode_unit.
Optimizing module $paramod$b2a1694e054de7dfdcdbcd4b1356480af6859439\data_mem.
Optimizing module gpu_top.

4.14.9. Rerunning OPT passes. (Maybe there is more to do..)

4.14.10. Executing OPT_MUXTREE pass (detect dead branches in mux trees).
Running muxtree optimizer on module $paramod$fd0170a58924e6d7b2131d4623b428d1d1232fac\warp_scheduler..
  Creating internal representation of mux trees.
  Evaluating internal representation of mux trees.
  Analyzing evaluation results.
Running muxtree optimizer on module $paramod$c340cd9ddb594af487b68a1f41f357874e13cce6\simt_execution_core..
  Creating internal representation of mux trees.
  Evaluating internal representation of mux trees.
  Analyzing evaluation results.
Running muxtree optimizer on module $paramod\pc_update_unit\PC_WIDTH=s32'00000000000000000000000000100000..
  Creating internal representation of mux trees.
  Evaluating internal representation of mux trees.
  Analyzing evaluation results.
Running muxtree optimizer on module $paramod$bbdd970d5e9d5db000ca33c4cf0f699d1c916bbb\inst_mem..
  Creating internal representation of mux trees.
  Evaluating internal representation of mux trees.
  Analyzing evaluation results.
Running muxtree optimizer on module $paramod$20f9d1ebf2d220d6d149ed1f156499717425796a\fetch_decode_unit..
  Creating internal representation of mux trees.
  No muxes found in this module.
Running muxtree optimizer on module $paramod$b2a1694e054de7dfdcdbcd4b1356480af6859439\data_mem..
  Creating internal representation of mux trees.
  Evaluating internal representation of mux trees.
  Analyzing evaluation results.
Running muxtree optimizer on module \gpu_top..
  Creating internal representation of mux trees.
  No muxes found in this module.
Removed 0 multiplexer ports.
<suppressed ~71 debug messages>

4.14.11. Executing OPT_REDUCE pass (consolidate $*mux and $reduce_* inputs).
  Optimizing cells in module $paramod$fd0170a58924e6d7b2131d4623b428d1d1232fac\warp_scheduler.
  Optimizing cells in module $paramod$c340cd9ddb594af487b68a1f41f357874e13cce6\simt_execution_core.
  Optimizing cells in module $paramod\pc_update_unit\PC_WIDTH=s32'00000000000000000000000000100000.
  Optimizing cells in module $paramod$bbdd970d5e9d5db000ca33c4cf0f699d1c916bbb\inst_mem.
  Optimizing cells in module $paramod$20f9d1ebf2d220d6d149ed1f156499717425796a\fetch_decode_unit.
  Optimizing cells in module $paramod$b2a1694e054de7dfdcdbcd4b1356480af6859439\data_mem.
  Optimizing cells in module \gpu_top.
Performed a total of 0 changes.

4.14.12. Executing OPT_MERGE pass (detect identical cells).
Finding identical cells in module `$paramod$fd0170a58924e6d7b2131d4623b428d1d1232fac\warp_scheduler'.
Computing hashes of 11 cells of `$paramod$fd0170a58924e6d7b2131d4623b428d1d1232fac\warp_scheduler'.
Finding duplicate cells in `$paramod$fd0170a58924e6d7b2131d4623b428d1d1232fac\warp_scheduler'.
Finding identical cells in module `$paramod$c340cd9ddb594af487b68a1f41f357874e13cce6\simt_execution_core'.
Computing hashes of 127 cells of `$paramod$c340cd9ddb594af487b68a1f41f357874e13cce6\simt_execution_core'.
Finding duplicate cells in `$paramod$c340cd9ddb594af487b68a1f41f357874e13cce6\simt_execution_core'.
Finding identical cells in module `$paramod\pc_update_unit\PC_WIDTH=s32'00000000000000000000000000100000'.
Computing hashes of 2 cells of `$paramod\pc_update_unit\PC_WIDTH=s32'00000000000000000000000000100000'.
Finding duplicate cells in `$paramod\pc_update_unit\PC_WIDTH=s32'00000000000000000000000000100000'.
Finding identical cells in module `$paramod$bbdd970d5e9d5db000ca33c4cf0f699d1c916bbb\inst_mem'.
Computing hashes of 3 cells of `$paramod$bbdd970d5e9d5db000ca33c4cf0f699d1c916bbb\inst_mem'.
Finding duplicate cells in `$paramod$bbdd970d5e9d5db000ca33c4cf0f699d1c916bbb\inst_mem'.
Finding identical cells in module `$paramod$20f9d1ebf2d220d6d149ed1f156499717425796a\fetch_decode_unit'.
Computing hashes of 0 cells of `$paramod$20f9d1ebf2d220d6d149ed1f156499717425796a\fetch_decode_unit'.
Finding duplicate cells in `$paramod$20f9d1ebf2d220d6d149ed1f156499717425796a\fetch_decode_unit'.
Finding identical cells in module `$paramod$b2a1694e054de7dfdcdbcd4b1356480af6859439\data_mem'.
Computing hashes of 21 cells of `$paramod$b2a1694e054de7dfdcdbcd4b1356480af6859439\data_mem'.
Finding duplicate cells in `$paramod$b2a1694e054de7dfdcdbcd4b1356480af6859439\data_mem'.
Finding identical cells in module `\gpu_top'.
Computing hashes of 6 cells of `\gpu_top'.
Finding duplicate cells in `\gpu_top'.
Removed a total of 0 cells.

4.14.13. Executing OPT_DFF pass (perform DFF optimizations).

4.14.14. Executing OPT_CLEAN pass (remove unused cells and wires).
Finding unused cells or wires in module $paramod$fd0170a58924e6d7b2131d4623b428d1d1232fac\warp_scheduler..
Finding unused cells or wires in module $paramod$c340cd9ddb594af487b68a1f41f357874e13cce6\simt_execution_core..
Finding unused cells or wires in module $paramod\pc_update_unit\PC_WIDTH=s32'00000000000000000000000000100000..
Finding unused cells or wires in module $paramod$bbdd970d5e9d5db000ca33c4cf0f699d1c916bbb\inst_mem..
Finding unused cells or wires in module $paramod$20f9d1ebf2d220d6d149ed1f156499717425796a\fetch_decode_unit..
Finding unused cells or wires in module $paramod$b2a1694e054de7dfdcdbcd4b1356480af6859439\data_mem..
Finding unused cells or wires in module \gpu_top..

4.14.15. Executing OPT_EXPR pass (perform const folding).
Optimizing module $paramod$fd0170a58924e6d7b2131d4623b428d1d1232fac\warp_scheduler.
Optimizing module $paramod$c340cd9ddb594af487b68a1f41f357874e13cce6\simt_execution_core.
Optimizing module $paramod\pc_update_unit\PC_WIDTH=s32'00000000000000000000000000100000.
Optimizing module $paramod$bbdd970d5e9d5db000ca33c4cf0f699d1c916bbb\inst_mem.
Optimizing module $paramod$20f9d1ebf2d220d6d149ed1f156499717425796a\fetch_decode_unit.
Optimizing module $paramod$b2a1694e054de7dfdcdbcd4b1356480af6859439\data_mem.
Optimizing module gpu_top.

4.14.16. Finished fast OPT passes. (There is nothing left to do.)

4.15. Executing MEMORY pass.

4.15.1. Executing OPT_MEM pass (optimize memories).
$paramod$bbdd970d5e9d5db000ca33c4cf0f699d1c916bbb\inst_mem.$auto$proc_rom.cc:155:do_switch$1458: removing const-0 lane 0
$paramod$bbdd970d5e9d5db000ca33c4cf0f699d1c916bbb\inst_mem.$auto$proc_rom.cc:155:do_switch$1458: removing const-0 lane 1
$paramod$bbdd970d5e9d5db000ca33c4cf0f699d1c916bbb\inst_mem.$auto$proc_rom.cc:155:do_switch$1458: removing const-0 lane 2
$paramod$bbdd970d5e9d5db000ca33c4cf0f699d1c916bbb\inst_mem.$auto$proc_rom.cc:155:do_switch$1458: removing const-0 lane 3
$paramod$bbdd970d5e9d5db000ca33c4cf0f699d1c916bbb\inst_mem.$auto$proc_rom.cc:155:do_switch$1458: removing const-0 lane 4
$paramod$bbdd970d5e9d5db000ca33c4cf0f699d1c916bbb\inst_mem.$auto$proc_rom.cc:155:do_switch$1458: removing const-0 lane 5
$paramod$bbdd970d5e9d5db000ca33c4cf0f699d1c916bbb\inst_mem.$auto$proc_rom.cc:155:do_switch$1458: removing const-0 lane 6
$paramod$bbdd970d5e9d5db000ca33c4cf0f699d1c916bbb\inst_mem.$auto$proc_rom.cc:155:do_switch$1458: removing const-0 lane 7
$paramod$bbdd970d5e9d5db000ca33c4cf0f699d1c916bbb\inst_mem.$auto$proc_rom.cc:155:do_switch$1458: removing const-0 lane 8
$paramod$bbdd970d5e9d5db000ca33c4cf0f699d1c916bbb\inst_mem.$auto$proc_rom.cc:155:do_switch$1458: removing const-0 lane 9
$paramod$bbdd970d5e9d5db000ca33c4cf0f699d1c916bbb\inst_mem.$auto$proc_rom.cc:155:do_switch$1458: removing const-0 lane 10
$paramod$bbdd970d5e9d5db000ca33c4cf0f699d1c916bbb\inst_mem.$auto$proc_rom.cc:155:do_switch$1458: removing const-0 lane 11
$paramod$bbdd970d5e9d5db000ca33c4cf0f699d1c916bbb\inst_mem.$auto$proc_rom.cc:155:do_switch$1458: removing const-0 lane 12
$paramod$bbdd970d5e9d5db000ca33c4cf0f699d1c916bbb\inst_mem.$auto$proc_rom.cc:155:do_switch$1458: removing const-1 lane 13
$paramod$bbdd970d5e9d5db000ca33c4cf0f699d1c916bbb\inst_mem.$auto$proc_rom.cc:155:do_switch$1458: removing const-1 lane 14
$paramod$bbdd970d5e9d5db000ca33c4cf0f699d1c916bbb\inst_mem.$auto$proc_rom.cc:155:do_switch$1458: removing const-0 lane 15
$paramod$bbdd970d5e9d5db000ca33c4cf0f699d1c916bbb\inst_mem.$auto$proc_rom.cc:155:do_switch$1458: removing const-0 lane 16
$paramod$bbdd970d5e9d5db000ca33c4cf0f699d1c916bbb\inst_mem.$auto$proc_rom.cc:155:do_switch$1458: removing const-0 lane 17
$paramod$bbdd970d5e9d5db000ca33c4cf0f699d1c916bbb\inst_mem.$auto$proc_rom.cc:155:do_switch$1458: removing const-0 lane 18
$paramod$bbdd970d5e9d5db000ca33c4cf0f699d1c916bbb\inst_mem.$auto$proc_rom.cc:155:do_switch$1458: removing const-1 lane 19
$paramod$bbdd970d5e9d5db000ca33c4cf0f699d1c916bbb\inst_mem.$auto$proc_rom.cc:155:do_switch$1458: removing const-0 lane 20
$paramod$bbdd970d5e9d5db000ca33c4cf0f699d1c916bbb\inst_mem.$auto$proc_rom.cc:155:do_switch$1458: removing const-0 lane 21
$paramod$bbdd970d5e9d5db000ca33c4cf0f699d1c916bbb\inst_mem.$auto$proc_rom.cc:155:do_switch$1458: removing const-0 lane 22
$paramod$bbdd970d5e9d5db000ca33c4cf0f699d1c916bbb\inst_mem.$auto$proc_rom.cc:155:do_switch$1458: removing const-0 lane 27
Performed a total of 1 transformations.

4.15.2. Executing OPT_MEM_PRIORITY pass (removing unnecessary memory write priority relations).
Performed a total of 0 transformations.

4.15.3. Executing OPT_MEM_FEEDBACK pass (finding memory read-to-write feedback paths).
  Analyzing $paramod$c340cd9ddb594af487b68a1f41f357874e13cce6\simt_execution_core.lane[3].reg_file write port 0.
  Analyzing $paramod$c340cd9ddb594af487b68a1f41f357874e13cce6\simt_execution_core.lane[2].reg_file write port 0.
  Analyzing $paramod$c340cd9ddb594af487b68a1f41f357874e13cce6\simt_execution_core.lane[1].reg_file write port 0.
  Analyzing $paramod$c340cd9ddb594af487b68a1f41f357874e13cce6\simt_execution_core.lane[0].reg_file write port 0.
  Analyzing $paramod$b2a1694e054de7dfdcdbcd4b1356480af6859439\data_mem.mem_lanes[3].mem_file write port 0.
  Analyzing $paramod$b2a1694e054de7dfdcdbcd4b1356480af6859439\data_mem.mem_lanes[2].mem_file write port 0.
  Analyzing $paramod$b2a1694e054de7dfdcdbcd4b1356480af6859439\data_mem.mem_lanes[1].mem_file write port 0.
  Analyzing $paramod$b2a1694e054de7dfdcdbcd4b1356480af6859439\data_mem.mem_lanes[0].mem_file write port 0.

4.15.4. Executing MEMORY_BMUX2ROM pass (converting muxes to ROMs).

4.15.5. Executing MEMORY_DFF pass (merging $dff cells to $memrd).
Checking read port `\lane[3].reg_file'[0] in module `$paramod$c340cd9ddb594af487b68a1f41f357874e13cce6\simt_execution_core': merging output FF to cell.
    Write port 0: non-transparent.
Checking read port `\lane[3].reg_file'[1] in module `$paramod$c340cd9ddb594af487b68a1f41f357874e13cce6\simt_execution_core': merging output FF to cell.
    Write port 0: non-transparent.
Checking read port `\lane[2].reg_file'[0] in module `$paramod$c340cd9ddb594af487b68a1f41f357874e13cce6\simt_execution_core': merging output FF to cell.
    Write port 0: non-transparent.
Checking read port `\lane[2].reg_file'[1] in module `$paramod$c340cd9ddb594af487b68a1f41f357874e13cce6\simt_execution_core': merging output FF to cell.
    Write port 0: non-transparent.
Checking read port `\lane[1].reg_file'[0] in module `$paramod$c340cd9ddb594af487b68a1f41f357874e13cce6\simt_execution_core': merging output FF to cell.
    Write port 0: non-transparent.
Checking read port `\lane[1].reg_file'[1] in module `$paramod$c340cd9ddb594af487b68a1f41f357874e13cce6\simt_execution_core': merging output FF to cell.
    Write port 0: non-transparent.
Checking read port `\lane[0].reg_file'[0] in module `$paramod$c340cd9ddb594af487b68a1f41f357874e13cce6\simt_execution_core': merging output FF to cell.
    Write port 0: non-transparent.
Checking read port `\lane[0].reg_file'[1] in module `$paramod$c340cd9ddb594af487b68a1f41f357874e13cce6\simt_execution_core': merging output FF to cell.
    Write port 0: non-transparent.
Checking read port `$auto$proc_rom.cc:155:do_switch$1458'[0] in module `$paramod$bbdd970d5e9d5db000ca33c4cf0f699d1c916bbb\inst_mem': no output FF found.
Checking read port address `$auto$proc_rom.cc:155:do_switch$1458'[0] in module `$paramod$bbdd970d5e9d5db000ca33c4cf0f699d1c916bbb\inst_mem': no address FF found.
Checking read port `\mem_lanes[3].mem_file'[0] in module `$paramod$b2a1694e054de7dfdcdbcd4b1356480af6859439\data_mem': merging output FF to cell.
    Write port 0: don't care on collision.
Checking read port `\mem_lanes[2].mem_file'[0] in module `$paramod$b2a1694e054de7dfdcdbcd4b1356480af6859439\data_mem': merging output FF to cell.
    Write port 0: don't care on collision.
Checking read port `\mem_lanes[1].mem_file'[0] in module `$paramod$b2a1694e054de7dfdcdbcd4b1356480af6859439\data_mem': merging output FF to cell.
    Write port 0: don't care on collision.
Checking read port `\mem_lanes[0].mem_file'[0] in module `$paramod$b2a1694e054de7dfdcdbcd4b1356480af6859439\data_mem': merging output FF to cell.
    Write port 0: don't care on collision.

4.15.6. Executing OPT_CLEAN pass (remove unused cells and wires).
Finding unused cells or wires in module $paramod$fd0170a58924e6d7b2131d4623b428d1d1232fac\warp_scheduler..
Finding unused cells or wires in module $paramod$c340cd9ddb594af487b68a1f41f357874e13cce6\simt_execution_core..
Finding unused cells or wires in module $paramod\pc_update_unit\PC_WIDTH=s32'00000000000000000000000000100000..
Finding unused cells or wires in module $paramod$bbdd970d5e9d5db000ca33c4cf0f699d1c916bbb\inst_mem..
Finding unused cells or wires in module $paramod$20f9d1ebf2d220d6d149ed1f156499717425796a\fetch_decode_unit..
Finding unused cells or wires in module $paramod$b2a1694e054de7dfdcdbcd4b1356480af6859439\data_mem..
Finding unused cells or wires in module \gpu_top..
Removed 12 unused cells and 396 unused wires.
<suppressed ~14 debug messages>

4.15.7. Executing MEMORY_SHARE pass (consolidating $memrd/$memwr cells).
Consolidating read ports of memory $paramod$c340cd9ddb594af487b68a1f41f357874e13cce6\simt_execution_core.lane[3].reg_file by address:
Consolidating read ports of memory $paramod$c340cd9ddb594af487b68a1f41f357874e13cce6\simt_execution_core.lane[2].reg_file by address:
Consolidating read ports of memory $paramod$c340cd9ddb594af487b68a1f41f357874e13cce6\simt_execution_core.lane[1].reg_file by address:
Consolidating read ports of memory $paramod$c340cd9ddb594af487b68a1f41f357874e13cce6\simt_execution_core.lane[0].reg_file by address:

4.15.8. Executing OPT_MEM_WIDEN pass (optimize memories where all ports are wide).
Performed a total of 0 transformations.

4.15.9. Executing OPT_CLEAN pass (remove unused cells and wires).
Finding unused cells or wires in module $paramod$fd0170a58924e6d7b2131d4623b428d1d1232fac\warp_scheduler..
Finding unused cells or wires in module $paramod$c340cd9ddb594af487b68a1f41f357874e13cce6\simt_execution_core..
Finding unused cells or wires in module $paramod\pc_update_unit\PC_WIDTH=s32'00000000000000000000000000100000..
Finding unused cells or wires in module $paramod$bbdd970d5e9d5db000ca33c4cf0f699d1c916bbb\inst_mem..
Finding unused cells or wires in module $paramod$20f9d1ebf2d220d6d149ed1f156499717425796a\fetch_decode_unit..
Finding unused cells or wires in module $paramod$b2a1694e054de7dfdcdbcd4b1356480af6859439\data_mem..
Finding unused cells or wires in module \gpu_top..

4.15.10. Executing MEMORY_COLLECT pass (generating $mem cells).

4.16. Executing OPT_CLEAN pass (remove unused cells and wires).
Finding unused cells or wires in module $paramod$fd0170a58924e6d7b2131d4623b428d1d1232fac\warp_scheduler..
Finding unused cells or wires in module $paramod$c340cd9ddb594af487b68a1f41f357874e13cce6\simt_execution_core..
Finding unused cells or wires in module $paramod\pc_update_unit\PC_WIDTH=s32'00000000000000000000000000100000..
Finding unused cells or wires in module $paramod$bbdd970d5e9d5db000ca33c4cf0f699d1c916bbb\inst_mem..
Finding unused cells or wires in module $paramod$20f9d1ebf2d220d6d149ed1f156499717425796a\fetch_decode_unit..
Finding unused cells or wires in module $paramod$b2a1694e054de7dfdcdbcd4b1356480af6859439\data_mem..
Finding unused cells or wires in module \gpu_top..

4.17. Executing OPT pass (performing simple optimizations).

4.17.1. Executing OPT_EXPR pass (perform const folding).
Optimizing module $paramod$fd0170a58924e6d7b2131d4623b428d1d1232fac\warp_scheduler.
<suppressed ~1 debug messages>
Optimizing module $paramod$c340cd9ddb594af487b68a1f41f357874e13cce6\simt_execution_core.
<suppressed ~35 debug messages>
Optimizing module $paramod\pc_update_unit\PC_WIDTH=s32'00000000000000000000000000100000.
<suppressed ~1 debug messages>
Optimizing module $paramod$bbdd970d5e9d5db000ca33c4cf0f699d1c916bbb\inst_mem.
Optimizing module $paramod$20f9d1ebf2d220d6d149ed1f156499717425796a\fetch_decode_unit.
Optimizing module $paramod$b2a1694e054de7dfdcdbcd4b1356480af6859439\data_mem.
<suppressed ~9 debug messages>
Optimizing module gpu_top.

4.17.2. Executing OPT_MERGE pass (detect identical cells).
Finding identical cells in module `$paramod$fd0170a58924e6d7b2131d4623b428d1d1232fac\warp_scheduler'.
Computing hashes of 11 cells of `$paramod$fd0170a58924e6d7b2131d4623b428d1d1232fac\warp_scheduler'.
Finding duplicate cells in `$paramod$fd0170a58924e6d7b2131d4623b428d1d1232fac\warp_scheduler'.
Finding identical cells in module `$paramod$c340cd9ddb594af487b68a1f41f357874e13cce6\simt_execution_core'.
Computing hashes of 91 cells of `$paramod$c340cd9ddb594af487b68a1f41f357874e13cce6\simt_execution_core'.
Finding duplicate cells in `$paramod$c340cd9ddb594af487b68a1f41f357874e13cce6\simt_execution_core'.
Finding identical cells in module `$paramod\pc_update_unit\PC_WIDTH=s32'00000000000000000000000000100000'.
Computing hashes of 2 cells of `$paramod\pc_update_unit\PC_WIDTH=s32'00000000000000000000000000100000'.
Finding duplicate cells in `$paramod\pc_update_unit\PC_WIDTH=s32'00000000000000000000000000100000'.
Finding identical cells in module `$paramod$bbdd970d5e9d5db000ca33c4cf0f699d1c916bbb\inst_mem'.
Computing hashes of 2 cells of `$paramod$bbdd970d5e9d5db000ca33c4cf0f699d1c916bbb\inst_mem'.
Finding duplicate cells in `$paramod$bbdd970d5e9d5db000ca33c4cf0f699d1c916bbb\inst_mem'.
Finding identical cells in module `$paramod$20f9d1ebf2d220d6d149ed1f156499717425796a\fetch_decode_unit'.
Computing hashes of 0 cells of `$paramod$20f9d1ebf2d220d6d149ed1f156499717425796a\fetch_decode_unit'.
Finding duplicate cells in `$paramod$20f9d1ebf2d220d6d149ed1f156499717425796a\fetch_decode_unit'.
Finding identical cells in module `$paramod$b2a1694e054de7dfdcdbcd4b1356480af6859439\data_mem'.
Computing hashes of 8 cells of `$paramod$b2a1694e054de7dfdcdbcd4b1356480af6859439\data_mem'.
Finding duplicate cells in `$paramod$b2a1694e054de7dfdcdbcd4b1356480af6859439\data_mem'.
Computing hashes of 5 cells of `$paramod$b2a1694e054de7dfdcdbcd4b1356480af6859439\data_mem'.
Finding duplicate cells in `$paramod$b2a1694e054de7dfdcdbcd4b1356480af6859439\data_mem'.
<suppressed ~9 debug messages>
Finding identical cells in module `\gpu_top'.
Computing hashes of 6 cells of `\gpu_top'.
Finding duplicate cells in `\gpu_top'.
Removed a total of 3 cells.

4.17.3. Executing OPT_DFF pass (perform DFF optimizations).

4.17.4. Executing OPT_CLEAN pass (remove unused cells and wires).
Finding unused cells or wires in module $paramod$fd0170a58924e6d7b2131d4623b428d1d1232fac\warp_scheduler..
Finding unused cells or wires in module $paramod$c340cd9ddb594af487b68a1f41f357874e13cce6\simt_execution_core..
Finding unused cells or wires in module $paramod\pc_update_unit\PC_WIDTH=s32'00000000000000000000000000100000..
Finding unused cells or wires in module $paramod$bbdd970d5e9d5db000ca33c4cf0f699d1c916bbb\inst_mem..
Finding unused cells or wires in module $paramod$20f9d1ebf2d220d6d149ed1f156499717425796a\fetch_decode_unit..
Finding unused cells or wires in module $paramod$b2a1694e054de7dfdcdbcd4b1356480af6859439\data_mem..
Finding unused cells or wires in module \gpu_top..
Removed 2 unused cells and 34 unused wires.
<suppressed ~5 debug messages>

4.17.5. Finished fast OPT passes.

4.18. Executing MEMORY_MAP pass (converting memories to logic and flip-flops).
Mapping memory \lane[2].reg_file in module $paramod$c340cd9ddb594af487b68a1f41f357874e13cce6\simt_execution_core:
  created 16 $dff cells and 0 static cells of width 32.
Extracted data FF from read port 0 of $paramod$c340cd9ddb594af487b68a1f41f357874e13cce6\simt_execution_core.lane[2].reg_file: $\lane[2].reg_file$rdreg[0]
Extracted data FF from read port 1 of $paramod$c340cd9ddb594af487b68a1f41f357874e13cce6\simt_execution_core.lane[2].reg_file: $\lane[2].reg_file$rdreg[1]
  read interface: 2 $dff and 30 $mux cells.
  write interface: 16 write mux blocks.
Mapping memory \lane[1].reg_file in module $paramod$c340cd9ddb594af487b68a1f41f357874e13cce6\simt_execution_core:
  created 16 $dff cells and 0 static cells of width 32.
Extracted data FF from read port 0 of $paramod$c340cd9ddb594af487b68a1f41f357874e13cce6\simt_execution_core.lane[1].reg_file: $\lane[1].reg_file$rdreg[0]
Extracted data FF from read port 1 of $paramod$c340cd9ddb594af487b68a1f41f357874e13cce6\simt_execution_core.lane[1].reg_file: $\lane[1].reg_file$rdreg[1]
  read interface: 2 $dff and 30 $mux cells.
  write interface: 16 write mux blocks.
Mapping memory \lane[3].reg_file in module $paramod$c340cd9ddb594af487b68a1f41f357874e13cce6\simt_execution_core:
  created 16 $dff cells and 0 static cells of width 32.
Extracted data FF from read port 0 of $paramod$c340cd9ddb594af487b68a1f41f357874e13cce6\simt_execution_core.lane[3].reg_file: $\lane[3].reg_file$rdreg[0]
Extracted data FF from read port 1 of $paramod$c340cd9ddb594af487b68a1f41f357874e13cce6\simt_execution_core.lane[3].reg_file: $\lane[3].reg_file$rdreg[1]
  read interface: 2 $dff and 30 $mux cells.
  write interface: 16 write mux blocks.
Mapping memory \lane[0].reg_file in module $paramod$c340cd9ddb594af487b68a1f41f357874e13cce6\simt_execution_core:
  created 16 $dff cells and 0 static cells of width 32.
Extracted data FF from read port 0 of $paramod$c340cd9ddb594af487b68a1f41f357874e13cce6\simt_execution_core.lane[0].reg_file: $\lane[0].reg_file$rdreg[0]
Extracted data FF from read port 1 of $paramod$c340cd9ddb594af487b68a1f41f357874e13cce6\simt_execution_core.lane[0].reg_file: $\lane[0].reg_file$rdreg[1]
  read interface: 2 $dff and 30 $mux cells.
  write interface: 16 write mux blocks.
Mapping memory $auto$proc_rom.cc:155:do_switch$1458 in module $paramod$bbdd970d5e9d5db000ca33c4cf0f699d1c916bbb\inst_mem:
  created 16 $dff cells and 0 static cells of width 8.
  read interface: 0 $dff and 15 $mux cells.
  write interface: 0 write mux blocks.
Mapping memory \mem_lanes[3].mem_file in module $paramod$b2a1694e054de7dfdcdbcd4b1356480af6859439\data_mem:
  created 32 $dff cells and 0 static cells of width 32.
Extracted data FF from read port 0 of $paramod$b2a1694e054de7dfdcdbcd4b1356480af6859439\data_mem.mem_lanes[3].mem_file: $\mem_lanes[3].mem_file$rdreg[0]
  read interface: 1 $dff and 31 $mux cells.
  write interface: 32 write mux blocks.
Mapping memory \mem_lanes[2].mem_file in module $paramod$b2a1694e054de7dfdcdbcd4b1356480af6859439\data_mem:
  created 32 $dff cells and 0 static cells of width 32.
Extracted data FF from read port 0 of $paramod$b2a1694e054de7dfdcdbcd4b1356480af6859439\data_mem.mem_lanes[2].mem_file: $\mem_lanes[2].mem_file$rdreg[0]
  read interface: 1 $dff and 31 $mux cells.
  write interface: 32 write mux blocks.
Mapping memory \mem_lanes[1].mem_file in module $paramod$b2a1694e054de7dfdcdbcd4b1356480af6859439\data_mem:
  created 32 $dff cells and 0 static cells of width 32.
Extracted data FF from read port 0 of $paramod$b2a1694e054de7dfdcdbcd4b1356480af6859439\data_mem.mem_lanes[1].mem_file: $\mem_lanes[1].mem_file$rdreg[0]
  read interface: 1 $dff and 31 $mux cells.
  write interface: 32 write mux blocks.
Mapping memory \mem_lanes[0].mem_file in module $paramod$b2a1694e054de7dfdcdbcd4b1356480af6859439\data_mem:
  created 32 $dff cells and 0 static cells of width 32.
Extracted data FF from read port 0 of $paramod$b2a1694e054de7dfdcdbcd4b1356480af6859439\data_mem.mem_lanes[0].mem_file: $\mem_lanes[0].mem_file$rdreg[0]
  read interface: 1 $dff and 31 $mux cells.
  write interface: 32 write mux blocks.

4.19. Executing OPT pass (performing simple optimizations).

4.19.1. Executing OPT_EXPR pass (perform const folding).
Optimizing module $paramod$fd0170a58924e6d7b2131d4623b428d1d1232fac\warp_scheduler.
Optimizing module $paramod$c340cd9ddb594af487b68a1f41f357874e13cce6\simt_execution_core.
<suppressed ~8 debug messages>
Optimizing module $paramod\pc_update_unit\PC_WIDTH=s32'00000000000000000000000000100000.
Optimizing module $paramod$bbdd970d5e9d5db000ca33c4cf0f699d1c916bbb\inst_mem.
Optimizing module $paramod$20f9d1ebf2d220d6d149ed1f156499717425796a\fetch_decode_unit.
Optimizing module $paramod$b2a1694e054de7dfdcdbcd4b1356480af6859439\data_mem.
<suppressed ~48 debug messages>
Optimizing module gpu_top.

4.19.2. Executing OPT_MERGE pass (detect identical cells).
Finding identical cells in module `$paramod$fd0170a58924e6d7b2131d4623b428d1d1232fac\warp_scheduler'.
Computing hashes of 10 cells of `$paramod$fd0170a58924e6d7b2131d4623b428d1d1232fac\warp_scheduler'.
Finding duplicate cells in `$paramod$fd0170a58924e6d7b2131d4623b428d1d1232fac\warp_scheduler'.
Finding identical cells in module `$paramod$c340cd9ddb594af487b68a1f41f357874e13cce6\simt_execution_core'.
Computing hashes of 434 cells of `$paramod$c340cd9ddb594af487b68a1f41f357874e13cce6\simt_execution_core'.
Finding duplicate cells in `$paramod$c340cd9ddb594af487b68a1f41f357874e13cce6\simt_execution_core'.
Finding identical cells in module `$paramod\pc_update_unit\PC_WIDTH=s32'00000000000000000000000000100000'.
Computing hashes of 2 cells of `$paramod\pc_update_unit\PC_WIDTH=s32'00000000000000000000000000100000'.
Finding duplicate cells in `$paramod\pc_update_unit\PC_WIDTH=s32'00000000000000000000000000100000'.
Finding identical cells in module `$paramod$bbdd970d5e9d5db000ca33c4cf0f699d1c916bbb\inst_mem'.
Computing hashes of 16 cells of `$paramod$bbdd970d5e9d5db000ca33c4cf0f699d1c916bbb\inst_mem'.
Finding duplicate cells in `$paramod$bbdd970d5e9d5db000ca33c4cf0f699d1c916bbb\inst_mem'.
Finding identical cells in module `$paramod$20f9d1ebf2d220d6d149ed1f156499717425796a\fetch_decode_unit'.
Computing hashes of 0 cells of `$paramod$20f9d1ebf2d220d6d149ed1f156499717425796a\fetch_decode_unit'.
Finding duplicate cells in `$paramod$20f9d1ebf2d220d6d149ed1f156499717425796a\fetch_decode_unit'.
Finding identical cells in module `$paramod$b2a1694e054de7dfdcdbcd4b1356480af6859439\data_mem'.
Computing hashes of 725 cells of `$paramod$b2a1694e054de7dfdcdbcd4b1356480af6859439\data_mem'.
Finding duplicate cells in `$paramod$b2a1694e054de7dfdcdbcd4b1356480af6859439\data_mem'.
Finding identical cells in module `\gpu_top'.
Computing hashes of 6 cells of `\gpu_top'.
Finding duplicate cells in `\gpu_top'.
Removed a total of 0 cells.

4.19.3. Executing OPT_MUXTREE pass (detect dead branches in mux trees).
Running muxtree optimizer on module $paramod$fd0170a58924e6d7b2131d4623b428d1d1232fac\warp_scheduler..
  Creating internal representation of mux trees.
  Evaluating internal representation of mux trees.
  Analyzing evaluation results.
Running muxtree optimizer on module $paramod$c340cd9ddb594af487b68a1f41f357874e13cce6\simt_execution_core..
  Creating internal representation of mux trees.
  Evaluating internal representation of mux trees.
  Analyzing evaluation results.
Running muxtree optimizer on module $paramod\pc_update_unit\PC_WIDTH=s32'00000000000000000000000000100000..
  Creating internal representation of mux trees.
  Evaluating internal representation of mux trees.
  Analyzing evaluation results.
Running muxtree optimizer on module $paramod$bbdd970d5e9d5db000ca33c4cf0f699d1c916bbb\inst_mem..
  Creating internal representation of mux trees.
  Evaluating internal representation of mux trees.
  Analyzing evaluation results.
Running muxtree optimizer on module $paramod$20f9d1ebf2d220d6d149ed1f156499717425796a\fetch_decode_unit..
  Creating internal representation of mux trees.
  No muxes found in this module.
Running muxtree optimizer on module $paramod$b2a1694e054de7dfdcdbcd4b1356480af6859439\data_mem..
  Creating internal representation of mux trees.
  Evaluating internal representation of mux trees.
  Analyzing evaluation results.
Running muxtree optimizer on module \gpu_top..
  Creating internal representation of mux trees.
  No muxes found in this module.
Removed 0 multiplexer ports.
<suppressed ~719 debug messages>

4.19.4. Executing OPT_REDUCE pass (consolidate $*mux and $reduce_* inputs).
  Optimizing cells in module $paramod$fd0170a58924e6d7b2131d4623b428d1d1232fac\warp_scheduler.
  Optimizing cells in module $paramod$c340cd9ddb594af487b68a1f41f357874e13cce6\simt_execution_core.
  Optimizing cells in module $paramod\pc_update_unit\PC_WIDTH=s32'00000000000000000000000000100000.
  Optimizing cells in module $paramod$bbdd970d5e9d5db000ca33c4cf0f699d1c916bbb\inst_mem.
    Consolidated identical input bits for $mux cell $memory$auto$proc_rom.cc:155:do_switch$1458$rdmux[0][3][6]$3073:
      Old ports: A=8'11001100, B=8'11011101, Y=$memory$auto$proc_rom.cc:155:do_switch$1458$rdmux[0][2][3]$a$3053
      New ports: A=1'0, B=1'1, Y=$memory$auto$proc_rom.cc:155:do_switch$1458$rdmux[0][2][3]$a$3053 [0]
      New connections: $memory$auto$proc_rom.cc:155:do_switch$1458$rdmux[0][2][3]$a$3053 [7:1] = { 3'110 $memory$auto$proc_rom.cc:155:do_switch$1458$rdmux[0][2][3]$a$3053 [0] 3'110 }
    Consolidated identical input bits for $mux cell $memory$auto$proc_rom.cc:155:do_switch$1458$rdmux[0][3][5]$3070:
      Old ports: A=8'10101010, B=8'10111011, Y=$memory$auto$proc_rom.cc:155:do_switch$1458$rdmux[0][2][2]$b$3051
      New ports: A=1'0, B=1'1, Y=$memory$auto$proc_rom.cc:155:do_switch$1458$rdmux[0][2][2]$b$3051 [0]
      New connections: $memory$auto$proc_rom.cc:155:do_switch$1458$rdmux[0][2][2]$b$3051 [7:1] = { 3'101 $memory$auto$proc_rom.cc:155:do_switch$1458$rdmux[0][2][2]$b$3051 [0] 3'101 }
    Consolidated identical input bits for $mux cell $memory$auto$proc_rom.cc:155:do_switch$1458$rdmux[0][3][4]$3067:
      Old ports: A=8'10001000, B=8'10011001, Y=$memory$auto$proc_rom.cc:155:do_switch$1458$rdmux[0][2][2]$a$3050
      New ports: A=1'0, B=1'1, Y=$memory$auto$proc_rom.cc:155:do_switch$1458$rdmux[0][2][2]$a$3050 [0]
      New connections: $memory$auto$proc_rom.cc:155:do_switch$1458$rdmux[0][2][2]$a$3050 [7:1] = { 3'100 $memory$auto$proc_rom.cc:155:do_switch$1458$rdmux[0][2][2]$a$3050 [0] 3'100 }
    Consolidated identical input bits for $mux cell $memory$auto$proc_rom.cc:155:do_switch$1458$rdmux[0][3][3]$3064:
      Old ports: A=8'01100110, B=8'01110111, Y=$memory$auto$proc_rom.cc:155:do_switch$1458$rdmux[0][2][1]$b$3048
      New ports: A=1'0, B=1'1, Y=$memory$auto$proc_rom.cc:155:do_switch$1458$rdmux[0][2][1]$b$3048 [0]
      New connections: $memory$auto$proc_rom.cc:155:do_switch$1458$rdmux[0][2][1]$b$3048 [7:1] = { 3'011 $memory$auto$proc_rom.cc:155:do_switch$1458$rdmux[0][2][1]$b$3048 [0] 3'011 }
    Consolidated identical input bits for $mux cell $memory$auto$proc_rom.cc:155:do_switch$1458$rdmux[0][3][2]$3061:
      Old ports: A=8'01000100, B=8'01010101, Y=$memory$auto$proc_rom.cc:155:do_switch$1458$rdmux[0][2][1]$a$3047
      New ports: A=1'0, B=1'1, Y=$memory$auto$proc_rom.cc:155:do_switch$1458$rdmux[0][2][1]$a$3047 [0]
      New connections: $memory$auto$proc_rom.cc:155:do_switch$1458$rdmux[0][2][1]$a$3047 [7:1] = { 3'010 $memory$auto$proc_rom.cc:155:do_switch$1458$rdmux[0][2][1]$a$3047 [0] 3'010 }
    Consolidated identical input bits for $mux cell $memory$auto$proc_rom.cc:155:do_switch$1458$rdmux[0][3][1]$3058:
      Old ports: A=8'00100010, B=8'00110011, Y=$memory$auto$proc_rom.cc:155:do_switch$1458$rdmux[0][2][0]$b$3045
      New ports: A=1'0, B=1'1, Y=$memory$auto$proc_rom.cc:155:do_switch$1458$rdmux[0][2][0]$b$3045 [0]
      New connections: $memory$auto$proc_rom.cc:155:do_switch$1458$rdmux[0][2][0]$b$3045 [7:1] = { 3'001 $memory$auto$proc_rom.cc:155:do_switch$1458$rdmux[0][2][0]$b$3045 [0] 3'001 }
    Consolidated identical input bits for $mux cell $memory$auto$proc_rom.cc:155:do_switch$1458$rdmux[0][3][0]$3055:
      Old ports: A=8'00000000, B=8'00010001, Y=$memory$auto$proc_rom.cc:155:do_switch$1458$rdmux[0][2][0]$a$3044
      New ports: A=1'0, B=1'1, Y=$memory$auto$proc_rom.cc:155:do_switch$1458$rdmux[0][2][0]$a$3044 [0]
      New connections: $memory$auto$proc_rom.cc:155:do_switch$1458$rdmux[0][2][0]$a$3044 [7:1] = { 3'000 $memory$auto$proc_rom.cc:155:do_switch$1458$rdmux[0][2][0]$a$3044 [0] 3'000 }
    Consolidated identical input bits for $mux cell $procmux$1589:
      Old ports: A={ $auto$proc_rom.cc:154:do_switch$1457 [31:28] 1'0 $auto$proc_rom.cc:154:do_switch$1457 [26:23] 23'00010000110000000000000 }, B=0, Y=\instruction
      New ports: A={ $auto$proc_rom.cc:154:do_switch$1457 [31:28] $auto$proc_rom.cc:154:do_switch$1457 [26:23] 1'1 }, B=9'000000000, Y={ \instruction [31:28] \instruction [26:23] \instruction [13] }
      New connections: { \instruction [27] \instruction [22:14] \instruction [12:0] } = { 4'0000 \instruction [13] 4'0000 \instruction [13] 13'0000000000000 }
    Consolidated identical input bits for $mux cell $memory$auto$proc_rom.cc:155:do_switch$1458$rdmux[0][3][7]$3076:
      Old ports: A=8'11101110, B=8'11111111, Y=$memory$auto$proc_rom.cc:155:do_switch$1458$rdmux[0][2][3]$b$3054
      New ports: A=1'0, B=1'1, Y=$memory$auto$proc_rom.cc:155:do_switch$1458$rdmux[0][2][3]$b$3054 [0]
      New connections: $memory$auto$proc_rom.cc:155:do_switch$1458$rdmux[0][2][3]$b$3054 [7:1] = { 3'111 $memory$auto$proc_rom.cc:155:do_switch$1458$rdmux[0][2][3]$b$3054 [0] 3'111 }
  Optimizing cells in module $paramod$bbdd970d5e9d5db000ca33c4cf0f699d1c916bbb\inst_mem.
    Consolidated identical input bits for $mux cell $memory$auto$proc_rom.cc:155:do_switch$1458$rdmux[0][2][3]$3052:
      Old ports: A=$memory$auto$proc_rom.cc:155:do_switch$1458$rdmux[0][2][3]$a$3053, B=$memory$auto$proc_rom.cc:155:do_switch$1458$rdmux[0][2][3]$b$3054, Y=$memory$auto$proc_rom.cc:155:do_switch$1458$rdmux[0][1][1]$b$3042
      New ports: A={ 1'0 $memory$auto$proc_rom.cc:155:do_switch$1458$rdmux[0][2][3]$a$3053 [0] }, B={ 1'1 $memory$auto$proc_rom.cc:155:do_switch$1458$rdmux[0][2][3]$b$3054 [0] }, Y=$memory$auto$proc_rom.cc:155:do_switch$1458$rdmux[0][1][1]$b$3042 [1:0]
      New connections: $memory$auto$proc_rom.cc:155:do_switch$1458$rdmux[0][1][1]$b$3042 [7:2] = { 2'11 $memory$auto$proc_rom.cc:155:do_switch$1458$rdmux[0][1][1]$b$3042 [1:0] 2'11 }
    Consolidated identical input bits for $mux cell $memory$auto$proc_rom.cc:155:do_switch$1458$rdmux[0][2][2]$3049:
      Old ports: A=$memory$auto$proc_rom.cc:155:do_switch$1458$rdmux[0][2][2]$a$3050, B=$memory$auto$proc_rom.cc:155:do_switch$1458$rdmux[0][2][2]$b$3051, Y=$memory$auto$proc_rom.cc:155:do_switch$1458$rdmux[0][1][1]$a$3041
      New ports: A={ 1'0 $memory$auto$proc_rom.cc:155:do_switch$1458$rdmux[0][2][2]$a$3050 [0] }, B={ 1'1 $memory$auto$proc_rom.cc:155:do_switch$1458$rdmux[0][2][2]$b$3051 [0] }, Y=$memory$auto$proc_rom.cc:155:do_switch$1458$rdmux[0][1][1]$a$3041 [1:0]
      New connections: $memory$auto$proc_rom.cc:155:do_switch$1458$rdmux[0][1][1]$a$3041 [7:2] = { 2'10 $memory$auto$proc_rom.cc:155:do_switch$1458$rdmux[0][1][1]$a$3041 [1:0] 2'10 }
    Consolidated identical input bits for $mux cell $memory$auto$proc_rom.cc:155:do_switch$1458$rdmux[0][2][1]$3046:
      Old ports: A=$memory$auto$proc_rom.cc:155:do_switch$1458$rdmux[0][2][1]$a$3047, B=$memory$auto$proc_rom.cc:155:do_switch$1458$rdmux[0][2][1]$b$3048, Y=$memory$auto$proc_rom.cc:155:do_switch$1458$rdmux[0][1][0]$b$3039
      New ports: A={ 1'0 $memory$auto$proc_rom.cc:155:do_switch$1458$rdmux[0][2][1]$a$3047 [0] }, B={ 1'1 $memory$auto$proc_rom.cc:155:do_switch$1458$rdmux[0][2][1]$b$3048 [0] }, Y=$memory$auto$proc_rom.cc:155:do_switch$1458$rdmux[0][1][0]$b$3039 [1:0]
      New connections: $memory$auto$proc_rom.cc:155:do_switch$1458$rdmux[0][1][0]$b$3039 [7:2] = { 2'01 $memory$auto$proc_rom.cc:155:do_switch$1458$rdmux[0][1][0]$b$3039 [1:0] 2'01 }
    Consolidated identical input bits for $mux cell $memory$auto$proc_rom.cc:155:do_switch$1458$rdmux[0][2][0]$3043:
      Old ports: A=$memory$auto$proc_rom.cc:155:do_switch$1458$rdmux[0][2][0]$a$3044, B=$memory$auto$proc_rom.cc:155:do_switch$1458$rdmux[0][2][0]$b$3045, Y=$memory$auto$proc_rom.cc:155:do_switch$1458$rdmux[0][1][0]$a$3038
      New ports: A={ 1'0 $memory$auto$proc_rom.cc:155:do_switch$1458$rdmux[0][2][0]$a$3044 [0] }, B={ 1'1 $memory$auto$proc_rom.cc:155:do_switch$1458$rdmux[0][2][0]$b$3045 [0] }, Y=$memory$auto$proc_rom.cc:155:do_switch$1458$rdmux[0][1][0]$a$3038 [1:0]
      New connections: $memory$auto$proc_rom.cc:155:do_switch$1458$rdmux[0][1][0]$a$3038 [7:2] = { 2'00 $memory$auto$proc_rom.cc:155:do_switch$1458$rdmux[0][1][0]$a$3038 [1:0] 2'00 }
  Optimizing cells in module $paramod$bbdd970d5e9d5db000ca33c4cf0f699d1c916bbb\inst_mem.
    Consolidated identical input bits for $mux cell $memory$auto$proc_rom.cc:155:do_switch$1458$rdmux[0][1][1]$3040:
      Old ports: A=$memory$auto$proc_rom.cc:155:do_switch$1458$rdmux[0][1][1]$a$3041, B=$memory$auto$proc_rom.cc:155:do_switch$1458$rdmux[0][1][1]$b$3042, Y=$memory$auto$proc_rom.cc:155:do_switch$1458$rdmux[0][0][0]$b$3036
      New ports: A={ 1'0 $memory$auto$proc_rom.cc:155:do_switch$1458$rdmux[0][1][1]$a$3041 [1:0] }, B={ 1'1 $memory$auto$proc_rom.cc:155:do_switch$1458$rdmux[0][1][1]$b$3042 [1:0] }, Y=$memory$auto$proc_rom.cc:155:do_switch$1458$rdmux[0][0][0]$b$3036 [2:0]
      New connections: $memory$auto$proc_rom.cc:155:do_switch$1458$rdmux[0][0][0]$b$3036 [7:3] = { 1'1 $memory$auto$proc_rom.cc:155:do_switch$1458$rdmux[0][0][0]$b$3036 [2:0] 1'1 }
    Consolidated identical input bits for $mux cell $memory$auto$proc_rom.cc:155:do_switch$1458$rdmux[0][1][0]$3037:
      Old ports: A=$memory$auto$proc_rom.cc:155:do_switch$1458$rdmux[0][1][0]$a$3038, B=$memory$auto$proc_rom.cc:155:do_switch$1458$rdmux[0][1][0]$b$3039, Y=$memory$auto$proc_rom.cc:155:do_switch$1458$rdmux[0][0][0]$a$3035
      New ports: A={ 1'0 $memory$auto$proc_rom.cc:155:do_switch$1458$rdmux[0][1][0]$a$3038 [1:0] }, B={ 1'1 $memory$auto$proc_rom.cc:155:do_switch$1458$rdmux[0][1][0]$b$3039 [1:0] }, Y=$memory$auto$proc_rom.cc:155:do_switch$1458$rdmux[0][0][0]$a$3035 [2:0]
      New connections: $memory$auto$proc_rom.cc:155:do_switch$1458$rdmux[0][0][0]$a$3035 [7:3] = { 1'0 $memory$auto$proc_rom.cc:155:do_switch$1458$rdmux[0][0][0]$a$3035 [2:0] 1'0 }
  Optimizing cells in module $paramod$bbdd970d5e9d5db000ca33c4cf0f699d1c916bbb\inst_mem.
    Consolidated identical input bits for $mux cell $memory$auto$proc_rom.cc:155:do_switch$1458$rdmux[0][0][0]$3034:
      Old ports: A=$memory$auto$proc_rom.cc:155:do_switch$1458$rdmux[0][0][0]$a$3035, B=$memory$auto$proc_rom.cc:155:do_switch$1458$rdmux[0][0][0]$b$3036, Y={ $auto$proc_rom.cc:154:do_switch$1457 [31:28] $auto$proc_rom.cc:154:do_switch$1457 [26:23] }
      New ports: A={ 1'0 $memory$auto$proc_rom.cc:155:do_switch$1458$rdmux[0][0][0]$a$3035 [2:0] }, B={ 1'1 $memory$auto$proc_rom.cc:155:do_switch$1458$rdmux[0][0][0]$b$3036 [2:0] }, Y=$auto$proc_rom.cc:154:do_switch$1457 [26:23]
      New connections: $auto$proc_rom.cc:154:do_switch$1457 [31:28] = $auto$proc_rom.cc:154:do_switch$1457 [26:23]
  Optimizing cells in module $paramod$bbdd970d5e9d5db000ca33c4cf0f699d1c916bbb\inst_mem.
    Consolidated identical input bits for $mux cell $procmux$1589:
      Old ports: A={ $auto$proc_rom.cc:154:do_switch$1457 [31:28] $auto$proc_rom.cc:154:do_switch$1457 [26:23] 1'1 }, B=9'000000000, Y={ \instruction [31:28] \instruction [26:23] \instruction [13] }
      New ports: A={ $auto$proc_rom.cc:154:do_switch$1457 [26:23] 1'1 }, B=5'00000, Y={ \instruction [26:23] \instruction [13] }
      New connections: \instruction [31:28] = \instruction [26:23]
  Optimizing cells in module $paramod$bbdd970d5e9d5db000ca33c4cf0f699d1c916bbb\inst_mem.
  Optimizing cells in module $paramod$20f9d1ebf2d220d6d149ed1f156499717425796a\fetch_decode_unit.
  Optimizing cells in module $paramod$b2a1694e054de7dfdcdbcd4b1356480af6859439\data_mem.
  Optimizing cells in module \gpu_top.
Performed a total of 17 changes.

4.19.5. Executing OPT_MERGE pass (detect identical cells).
Finding identical cells in module `$paramod$fd0170a58924e6d7b2131d4623b428d1d1232fac\warp_scheduler'.
Computing hashes of 10 cells of `$paramod$fd0170a58924e6d7b2131d4623b428d1d1232fac\warp_scheduler'.
Finding duplicate cells in `$paramod$fd0170a58924e6d7b2131d4623b428d1d1232fac\warp_scheduler'.
Finding identical cells in module `$paramod$c340cd9ddb594af487b68a1f41f357874e13cce6\simt_execution_core'.
Computing hashes of 434 cells of `$paramod$c340cd9ddb594af487b68a1f41f357874e13cce6\simt_execution_core'.
Finding duplicate cells in `$paramod$c340cd9ddb594af487b68a1f41f357874e13cce6\simt_execution_core'.
Finding identical cells in module `$paramod\pc_update_unit\PC_WIDTH=s32'00000000000000000000000000100000'.
Computing hashes of 2 cells of `$paramod\pc_update_unit\PC_WIDTH=s32'00000000000000000000000000100000'.
Finding duplicate cells in `$paramod\pc_update_unit\PC_WIDTH=s32'00000000000000000000000000100000'.
Finding identical cells in module `$paramod$bbdd970d5e9d5db000ca33c4cf0f699d1c916bbb\inst_mem'.
Computing hashes of 16 cells of `$paramod$bbdd970d5e9d5db000ca33c4cf0f699d1c916bbb\inst_mem'.
Finding duplicate cells in `$paramod$bbdd970d5e9d5db000ca33c4cf0f699d1c916bbb\inst_mem'.
Computing hashes of 9 cells of `$paramod$bbdd970d5e9d5db000ca33c4cf0f699d1c916bbb\inst_mem'.
Finding duplicate cells in `$paramod$bbdd970d5e9d5db000ca33c4cf0f699d1c916bbb\inst_mem'.
Computing hashes of 6 cells of `$paramod$bbdd970d5e9d5db000ca33c4cf0f699d1c916bbb\inst_mem'.
Finding duplicate cells in `$paramod$bbdd970d5e9d5db000ca33c4cf0f699d1c916bbb\inst_mem'.
Computing hashes of 5 cells of `$paramod$bbdd970d5e9d5db000ca33c4cf0f699d1c916bbb\inst_mem'.
Finding duplicate cells in `$paramod$bbdd970d5e9d5db000ca33c4cf0f699d1c916bbb\inst_mem'.
<suppressed ~33 debug messages>
Finding identical cells in module `$paramod$20f9d1ebf2d220d6d149ed1f156499717425796a\fetch_decode_unit'.
Computing hashes of 0 cells of `$paramod$20f9d1ebf2d220d6d149ed1f156499717425796a\fetch_decode_unit'.
Finding duplicate cells in `$paramod$20f9d1ebf2d220d6d149ed1f156499717425796a\fetch_decode_unit'.
Finding identical cells in module `$paramod$b2a1694e054de7dfdcdbcd4b1356480af6859439\data_mem'.
Computing hashes of 725 cells of `$paramod$b2a1694e054de7dfdcdbcd4b1356480af6859439\data_mem'.
Finding duplicate cells in `$paramod$b2a1694e054de7dfdcdbcd4b1356480af6859439\data_mem'.
Finding identical cells in module `\gpu_top'.
Computing hashes of 6 cells of `\gpu_top'.
Finding duplicate cells in `\gpu_top'.
Removed a total of 11 cells.

4.19.6. Executing OPT_SHARE pass.

4.19.7. Executing OPT_DFF pass (perform DFF optimizations).

4.19.8. Executing OPT_CLEAN pass (remove unused cells and wires).
Finding unused cells or wires in module $paramod$fd0170a58924e6d7b2131d4623b428d1d1232fac\warp_scheduler..
Finding unused cells or wires in module $paramod$c340cd9ddb594af487b68a1f41f357874e13cce6\simt_execution_core..
Finding unused cells or wires in module $paramod\pc_update_unit\PC_WIDTH=s32'00000000000000000000000000100000..
Finding unused cells or wires in module $paramod$bbdd970d5e9d5db000ca33c4cf0f699d1c916bbb\inst_mem..
Finding unused cells or wires in module $paramod$20f9d1ebf2d220d6d149ed1f156499717425796a\fetch_decode_unit..
Finding unused cells or wires in module $paramod$b2a1694e054de7dfdcdbcd4b1356480af6859439\data_mem..
Finding unused cells or wires in module \gpu_top..
Removed 1 unused cells and 504 unused wires.
<suppressed ~4 debug messages>

4.19.9. Executing OPT_EXPR pass (perform const folding).
Optimizing module $paramod$fd0170a58924e6d7b2131d4623b428d1d1232fac\warp_scheduler.
Optimizing module $paramod$c340cd9ddb594af487b68a1f41f357874e13cce6\simt_execution_core.
Optimizing module $paramod\pc_update_unit\PC_WIDTH=s32'00000000000000000000000000100000.
Optimizing module $paramod$bbdd970d5e9d5db000ca33c4cf0f699d1c916bbb\inst_mem.
<suppressed ~1 debug messages>
Optimizing module $paramod$20f9d1ebf2d220d6d149ed1f156499717425796a\fetch_decode_unit.
Optimizing module $paramod$b2a1694e054de7dfdcdbcd4b1356480af6859439\data_mem.
Optimizing module gpu_top.

4.19.10. Rerunning OPT passes. (Maybe there is more to do..)

4.19.11. Executing OPT_MUXTREE pass (detect dead branches in mux trees).
Running muxtree optimizer on module $paramod$fd0170a58924e6d7b2131d4623b428d1d1232fac\warp_scheduler..
  Creating internal representation of mux trees.
  Evaluating internal representation of mux trees.
  Analyzing evaluation results.
Running muxtree optimizer on module $paramod$c340cd9ddb594af487b68a1f41f357874e13cce6\simt_execution_core..
  Creating internal representation of mux trees.
  Evaluating internal representation of mux trees.
  Analyzing evaluation results.
Running muxtree optimizer on module $paramod\pc_update_unit\PC_WIDTH=s32'00000000000000000000000000100000..
  Creating internal representation of mux trees.
  Evaluating internal representation of mux trees.
  Analyzing evaluation results.
Running muxtree optimizer on module $paramod$bbdd970d5e9d5db000ca33c4cf0f699d1c916bbb\inst_mem..
  Creating internal representation of mux trees.
  Evaluating internal representation of mux trees.
  Analyzing evaluation results.
Running muxtree optimizer on module $paramod$20f9d1ebf2d220d6d149ed1f156499717425796a\fetch_decode_unit..
  Creating internal representation of mux trees.
  No muxes found in this module.
Running muxtree optimizer on module $paramod$b2a1694e054de7dfdcdbcd4b1356480af6859439\data_mem..
  Creating internal representation of mux trees.
  Evaluating internal representation of mux trees.
  Analyzing evaluation results.
Running muxtree optimizer on module \gpu_top..
  Creating internal representation of mux trees.
  No muxes found in this module.
Removed 0 multiplexer ports.
<suppressed ~717 debug messages>

4.19.12. Executing OPT_REDUCE pass (consolidate $*mux and $reduce_* inputs).
  Optimizing cells in module $paramod$fd0170a58924e6d7b2131d4623b428d1d1232fac\warp_scheduler.
  Optimizing cells in module $paramod$c340cd9ddb594af487b68a1f41f357874e13cce6\simt_execution_core.
  Optimizing cells in module $paramod\pc_update_unit\PC_WIDTH=s32'00000000000000000000000000100000.
  Optimizing cells in module $paramod$bbdd970d5e9d5db000ca33c4cf0f699d1c916bbb\inst_mem.
    Consolidated identical input bits for $mux cell $memory$auto$proc_rom.cc:155:do_switch$1458$rdmux[0][2][3]$3052:
      Old ports: A={ 1'0 $memory$auto$proc_rom.cc:155:do_switch$1458$rdmux[0][2][0]$a$3044 [0] }, B={ 1'1 $memory$auto$proc_rom.cc:155:do_switch$1458$rdmux[0][2][0]$a$3044 [0] }, Y=$memory$auto$proc_rom.cc:155:do_switch$1458$rdmux[0][1][0]$a$3038 [1:0]
      New ports: A=1'0, B=1'1, Y=$memory$auto$proc_rom.cc:155:do_switch$1458$rdmux[0][1][0]$a$3038 [1]
      New connections: $memory$auto$proc_rom.cc:155:do_switch$1458$rdmux[0][1][0]$a$3038 [0] = \addr [2]
    Consolidated identical input bits for $mux cell $memory$auto$proc_rom.cc:155:do_switch$1458$rdmux[0][0][0]$3034:
      Old ports: A={ 1'0 $memory$auto$proc_rom.cc:155:do_switch$1458$rdmux[0][0][0]$a$3035 [2:0] }, B={ 1'1 $memory$auto$proc_rom.cc:155:do_switch$1458$rdmux[0][0][0]$a$3035 [2:0] }, Y=$auto$proc_rom.cc:154:do_switch$1457 [26:23]
      New ports: A=1'0, B=1'1, Y=$auto$proc_rom.cc:154:do_switch$1457 [26]
      New connections: $auto$proc_rom.cc:154:do_switch$1457 [25:23] = $memory$auto$proc_rom.cc:155:do_switch$1458$rdmux[0][0][0]$a$3035 [2:0]
    Consolidated identical input bits for $mux cell $memory$auto$proc_rom.cc:155:do_switch$1458$rdmux[0][1][1]$3040:
      Old ports: A={ 1'0 $memory$auto$proc_rom.cc:155:do_switch$1458$rdmux[0][1][0]$a$3038 [1:0] }, B={ 1'1 $memory$auto$proc_rom.cc:155:do_switch$1458$rdmux[0][1][0]$a$3038 [1:0] }, Y=$memory$auto$proc_rom.cc:155:do_switch$1458$rdmux[0][0][0]$a$3035 [2:0]
      New ports: A=1'0, B=1'1, Y=$memory$auto$proc_rom.cc:155:do_switch$1458$rdmux[0][0][0]$a$3035 [2]
      New connections: $memory$auto$proc_rom.cc:155:do_switch$1458$rdmux[0][0][0]$a$3035 [1:0] = $memory$auto$proc_rom.cc:155:do_switch$1458$rdmux[0][1][0]$a$3038 [1:0]
  Optimizing cells in module $paramod$bbdd970d5e9d5db000ca33c4cf0f699d1c916bbb\inst_mem.
  Optimizing cells in module $paramod$20f9d1ebf2d220d6d149ed1f156499717425796a\fetch_decode_unit.
  Optimizing cells in module $paramod$b2a1694e054de7dfdcdbcd4b1356480af6859439\data_mem.
  Optimizing cells in module \gpu_top.
Performed a total of 3 changes.

4.19.13. Executing OPT_MERGE pass (detect identical cells).
Finding identical cells in module `$paramod$fd0170a58924e6d7b2131d4623b428d1d1232fac\warp_scheduler'.
Computing hashes of 10 cells of `$paramod$fd0170a58924e6d7b2131d4623b428d1d1232fac\warp_scheduler'.
Finding duplicate cells in `$paramod$fd0170a58924e6d7b2131d4623b428d1d1232fac\warp_scheduler'.
Finding identical cells in module `$paramod$c340cd9ddb594af487b68a1f41f357874e13cce6\simt_execution_core'.
Computing hashes of 434 cells of `$paramod$c340cd9ddb594af487b68a1f41f357874e13cce6\simt_execution_core'.
Finding duplicate cells in `$paramod$c340cd9ddb594af487b68a1f41f357874e13cce6\simt_execution_core'.
Finding identical cells in module `$paramod\pc_update_unit\PC_WIDTH=s32'00000000000000000000000000100000'.
Computing hashes of 2 cells of `$paramod\pc_update_unit\PC_WIDTH=s32'00000000000000000000000000100000'.
Finding duplicate cells in `$paramod\pc_update_unit\PC_WIDTH=s32'00000000000000000000000000100000'.
Finding identical cells in module `$paramod$bbdd970d5e9d5db000ca33c4cf0f699d1c916bbb\inst_mem'.
Computing hashes of 4 cells of `$paramod$bbdd970d5e9d5db000ca33c4cf0f699d1c916bbb\inst_mem'.
Finding duplicate cells in `$paramod$bbdd970d5e9d5db000ca33c4cf0f699d1c916bbb\inst_mem'.
Finding identical cells in module `$paramod$20f9d1ebf2d220d6d149ed1f156499717425796a\fetch_decode_unit'.
Computing hashes of 0 cells of `$paramod$20f9d1ebf2d220d6d149ed1f156499717425796a\fetch_decode_unit'.
Finding duplicate cells in `$paramod$20f9d1ebf2d220d6d149ed1f156499717425796a\fetch_decode_unit'.
Finding identical cells in module `$paramod$b2a1694e054de7dfdcdbcd4b1356480af6859439\data_mem'.
Computing hashes of 724 cells of `$paramod$b2a1694e054de7dfdcdbcd4b1356480af6859439\data_mem'.
Finding duplicate cells in `$paramod$b2a1694e054de7dfdcdbcd4b1356480af6859439\data_mem'.
Finding identical cells in module `\gpu_top'.
Computing hashes of 6 cells of `\gpu_top'.
Finding duplicate cells in `\gpu_top'.
Removed a total of 0 cells.

4.19.14. Executing OPT_SHARE pass.

4.19.15. Executing OPT_DFF pass (perform DFF optimizations).
Adding EN signal on $memory\lane[2].reg_file[0]$2226 ($dff) from module $paramod$c340cd9ddb594af487b68a1f41f357874e13cce6\simt_execution_core (D = \lane[2].alu_result, Q = \lane[2].reg_file[0]).
Adding EN signal on $memory\lane[2].reg_file[1]$2228 ($dff) from module $paramod$c340cd9ddb594af487b68a1f41f357874e13cce6\simt_execution_core (D = \lane[2].alu_result, Q = \lane[2].reg_file[1]).
Adding EN signal on $memory\lane[2].reg_file[2]$2230 ($dff) from module $paramod$c340cd9ddb594af487b68a1f41f357874e13cce6\simt_execution_core (D = \lane[2].alu_result, Q = \lane[2].reg_file[2]).
Adding EN signal on $memory\lane[2].reg_file[3]$2232 ($dff) from module $paramod$c340cd9ddb594af487b68a1f41f357874e13cce6\simt_execution_core (D = \lane[2].alu_result, Q = \lane[2].reg_file[3]).
Adding EN signal on $memory\lane[2].reg_file[4]$2234 ($dff) from module $paramod$c340cd9ddb594af487b68a1f41f357874e13cce6\simt_execution_core (D = \lane[2].alu_result, Q = \lane[2].reg_file[4]).
Adding EN signal on $memory\lane[2].reg_file[5]$2236 ($dff) from module $paramod$c340cd9ddb594af487b68a1f41f357874e13cce6\simt_execution_core (D = \lane[2].alu_result, Q = \lane[2].reg_file[5]).
Adding EN signal on $memory\lane[2].reg_file[6]$2238 ($dff) from module $paramod$c340cd9ddb594af487b68a1f41f357874e13cce6\simt_execution_core (D = \lane[2].alu_result, Q = \lane[2].reg_file[6]).
Adding EN signal on $memory\lane[2].reg_file[7]$2240 ($dff) from module $paramod$c340cd9ddb594af487b68a1f41f357874e13cce6\simt_execution_core (D = \lane[2].alu_result, Q = \lane[2].reg_file[7]).
Adding EN signal on $memory\lane[2].reg_file[8]$2242 ($dff) from module $paramod$c340cd9ddb594af487b68a1f41f357874e13cce6\simt_execution_core (D = \lane[2].alu_result, Q = \lane[2].reg_file[8]).
Adding EN signal on $memory\lane[2].reg_file[9]$2244 ($dff) from module $paramod$c340cd9ddb594af487b68a1f41f357874e13cce6\simt_execution_core (D = \lane[2].alu_result, Q = \lane[2].reg_file[9]).
Adding EN signal on $memory\lane[2].reg_file[10]$2246 ($dff) from module $paramod$c340cd9ddb594af487b68a1f41f357874e13cce6\simt_execution_core (D = \lane[2].alu_result, Q = \lane[2].reg_file[10]).
Adding EN signal on $memory\lane[2].reg_file[11]$2248 ($dff) from module $paramod$c340cd9ddb594af487b68a1f41f357874e13cce6\simt_execution_core (D = \lane[2].alu_result, Q = \lane[2].reg_file[11]).
Adding EN signal on $memory\lane[2].reg_file[12]$2250 ($dff) from module $paramod$c340cd9ddb594af487b68a1f41f357874e13cce6\simt_execution_core (D = \lane[2].alu_result, Q = \lane[2].reg_file[12]).
Adding EN signal on $memory\lane[2].reg_file[13]$2252 ($dff) from module $paramod$c340cd9ddb594af487b68a1f41f357874e13cce6\simt_execution_core (D = \lane[2].alu_result, Q = \lane[2].reg_file[13]).
Adding EN signal on $memory\lane[2].reg_file[14]$2254 ($dff) from module $paramod$c340cd9ddb594af487b68a1f41f357874e13cce6\simt_execution_core (D = \lane[2].alu_result, Q = \lane[2].reg_file[14]).
Adding EN signal on $memory\lane[2].reg_file[15]$2256 ($dff) from module $paramod$c340cd9ddb594af487b68a1f41f357874e13cce6\simt_execution_core (D = \lane[2].alu_result, Q = \lane[2].reg_file[15]).
Adding EN signal on $memory\lane[1].reg_file[0]$2476 ($dff) from module $paramod$c340cd9ddb594af487b68a1f41f357874e13cce6\simt_execution_core (D = \lane[1].alu_result, Q = \lane[1].reg_file[0]).
Adding EN signal on $memory\lane[1].reg_file[1]$2478 ($dff) from module $paramod$c340cd9ddb594af487b68a1f41f357874e13cce6\simt_execution_core (D = \lane[1].alu_result, Q = \lane[1].reg_file[1]).
Adding EN signal on $memory\lane[1].reg_file[2]$2480 ($dff) from module $paramod$c340cd9ddb594af487b68a1f41f357874e13cce6\simt_execution_core (D = \lane[1].alu_result, Q = \lane[1].reg_file[2]).
Adding EN signal on $memory\lane[1].reg_file[3]$2482 ($dff) from module $paramod$c340cd9ddb594af487b68a1f41f357874e13cce6\simt_execution_core (D = \lane[1].alu_result, Q = \lane[1].reg_file[3]).
Adding EN signal on $memory\lane[1].reg_file[4]$2484 ($dff) from module $paramod$c340cd9ddb594af487b68a1f41f357874e13cce6\simt_execution_core (D = \lane[1].alu_result, Q = \lane[1].reg_file[4]).
Adding EN signal on $memory\lane[1].reg_file[5]$2486 ($dff) from module $paramod$c340cd9ddb594af487b68a1f41f357874e13cce6\simt_execution_core (D = \lane[1].alu_result, Q = \lane[1].reg_file[5]).
Adding EN signal on $memory\lane[1].reg_file[6]$2488 ($dff) from module $paramod$c340cd9ddb594af487b68a1f41f357874e13cce6\simt_execution_core (D = \lane[1].alu_result, Q = \lane[1].reg_file[6]).
Adding EN signal on $memory\lane[1].reg_file[7]$2490 ($dff) from module $paramod$c340cd9ddb594af487b68a1f41f357874e13cce6\simt_execution_core (D = \lane[1].alu_result, Q = \lane[1].reg_file[7]).
Adding EN signal on $memory\lane[1].reg_file[8]$2492 ($dff) from module $paramod$c340cd9ddb594af487b68a1f41f357874e13cce6\simt_execution_core (D = \lane[1].alu_result, Q = \lane[1].reg_file[8]).
Adding EN signal on $memory\lane[1].reg_file[9]$2494 ($dff) from module $paramod$c340cd9ddb594af487b68a1f41f357874e13cce6\simt_execution_core (D = \lane[1].alu_result, Q = \lane[1].reg_file[9]).
Adding EN signal on $memory\lane[1].reg_file[10]$2496 ($dff) from module $paramod$c340cd9ddb594af487b68a1f41f357874e13cce6\simt_execution_core (D = \lane[1].alu_result, Q = \lane[1].reg_file[10]).
Adding EN signal on $memory\lane[1].reg_file[11]$2498 ($dff) from module $paramod$c340cd9ddb594af487b68a1f41f357874e13cce6\simt_execution_core (D = \lane[1].alu_result, Q = \lane[1].reg_file[11]).
Adding EN signal on $memory\lane[1].reg_file[12]$2500 ($dff) from module $paramod$c340cd9ddb594af487b68a1f41f357874e13cce6\simt_execution_core (D = \lane[1].alu_result, Q = \lane[1].reg_file[12]).
Adding EN signal on $memory\lane[1].reg_file[13]$2502 ($dff) from module $paramod$c340cd9ddb594af487b68a1f41f357874e13cce6\simt_execution_core (D = \lane[1].alu_result, Q = \lane[1].reg_file[13]).
Adding EN signal on $memory\lane[1].reg_file[14]$2504 ($dff) from module $paramod$c340cd9ddb594af487b68a1f41f357874e13cce6\simt_execution_core (D = \lane[1].alu_result, Q = \lane[1].reg_file[14]).
Adding EN signal on $memory\lane[1].reg_file[15]$2506 ($dff) from module $paramod$c340cd9ddb594af487b68a1f41f357874e13cce6\simt_execution_core (D = \lane[1].alu_result, Q = \lane[1].reg_file[15]).
Adding EN signal on $memory\lane[3].reg_file[0]$2662 ($dff) from module $paramod$c340cd9ddb594af487b68a1f41f357874e13cce6\simt_execution_core (D = \lane[3].alu_result, Q = \lane[3].reg_file[0]).
Adding EN signal on $memory\lane[3].reg_file[1]$2664 ($dff) from module $paramod$c340cd9ddb594af487b68a1f41f357874e13cce6\simt_execution_core (D = \lane[3].alu_result, Q = \lane[3].reg_file[1]).
Adding EN signal on $memory\lane[3].reg_file[2]$2666 ($dff) from module $paramod$c340cd9ddb594af487b68a1f41f357874e13cce6\simt_execution_core (D = \lane[3].alu_result, Q = \lane[3].reg_file[2]).
Adding EN signal on $memory\lane[3].reg_file[3]$2668 ($dff) from module $paramod$c340cd9ddb594af487b68a1f41f357874e13cce6\simt_execution_core (D = \lane[3].alu_result, Q = \lane[3].reg_file[3]).
Adding EN signal on $memory\lane[3].reg_file[4]$2670 ($dff) from module $paramod$c340cd9ddb594af487b68a1f41f357874e13cce6\simt_execution_core (D = \lane[3].alu_result, Q = \lane[3].reg_file[4]).
Adding EN signal on $memory\lane[3].reg_file[5]$2672 ($dff) from module $paramod$c340cd9ddb594af487b68a1f41f357874e13cce6\simt_execution_core (D = \lane[3].alu_result, Q = \lane[3].reg_file[5]).
Adding EN signal on $memory\lane[3].reg_file[6]$2674 ($dff) from module $paramod$c340cd9ddb594af487b68a1f41f357874e13cce6\simt_execution_core (D = \lane[3].alu_result, Q = \lane[3].reg_file[6]).
Adding EN signal on $memory\lane[3].reg_file[7]$2676 ($dff) from module $paramod$c340cd9ddb594af487b68a1f41f357874e13cce6\simt_execution_core (D = \lane[3].alu_result, Q = \lane[3].reg_file[7]).
Adding EN signal on $memory\lane[3].reg_file[8]$2678 ($dff) from module $paramod$c340cd9ddb594af487b68a1f41f357874e13cce6\simt_execution_core (D = \lane[3].alu_result, Q = \lane[3].reg_file[8]).
Adding EN signal on $memory\lane[3].reg_file[9]$2680 ($dff) from module $paramod$c340cd9ddb594af487b68a1f41f357874e13cce6\simt_execution_core (D = \lane[3].alu_result, Q = \lane[3].reg_file[9]).
Adding EN signal on $memory\lane[3].reg_file[10]$2682 ($dff) from module $paramod$c340cd9ddb594af487b68a1f41f357874e13cce6\simt_execution_core (D = \lane[3].alu_result, Q = \lane[3].reg_file[10]).
Adding EN signal on $memory\lane[3].reg_file[11]$2684 ($dff) from module $paramod$c340cd9ddb594af487b68a1f41f357874e13cce6\simt_execution_core (D = \lane[3].alu_result, Q = \lane[3].reg_file[11]).
Adding EN signal on $memory\lane[3].reg_file[12]$2686 ($dff) from module $paramod$c340cd9ddb594af487b68a1f41f357874e13cce6\simt_execution_core (D = \lane[3].alu_result, Q = \lane[3].reg_file[12]).
Adding EN signal on $memory\lane[3].reg_file[13]$2688 ($dff) from module $paramod$c340cd9ddb594af487b68a1f41f357874e13cce6\simt_execution_core (D = \lane[3].alu_result, Q = \lane[3].reg_file[13]).
Adding EN signal on $memory\lane[3].reg_file[14]$2690 ($dff) from module $paramod$c340cd9ddb594af487b68a1f41f357874e13cce6\simt_execution_core (D = \lane[3].alu_result, Q = \lane[3].reg_file[14]).
Adding EN signal on $memory\lane[3].reg_file[15]$2692 ($dff) from module $paramod$c340cd9ddb594af487b68a1f41f357874e13cce6\simt_execution_core (D = \lane[3].alu_result, Q = \lane[3].reg_file[15]).
Adding EN signal on $memory\lane[0].reg_file[0]$2848 ($dff) from module $paramod$c340cd9ddb594af487b68a1f41f357874e13cce6\simt_execution_core (D = \lane[0].alu_result, Q = \lane[0].reg_file[0]).
Adding EN signal on $memory\lane[0].reg_file[1]$2850 ($dff) from module $paramod$c340cd9ddb594af487b68a1f41f357874e13cce6\simt_execution_core (D = \lane[0].alu_result, Q = \lane[0].reg_file[1]).
Adding EN signal on $memory\lane[0].reg_file[2]$2852 ($dff) from module $paramod$c340cd9ddb594af487b68a1f41f357874e13cce6\simt_execution_core (D = \lane[0].alu_result, Q = \lane[0].reg_file[2]).
Adding EN signal on $memory\lane[0].reg_file[3]$2854 ($dff) from module $paramod$c340cd9ddb594af487b68a1f41f357874e13cce6\simt_execution_core (D = \lane[0].alu_result, Q = \lane[0].reg_file[3]).
Adding EN signal on $memory\lane[0].reg_file[4]$2856 ($dff) from module $paramod$c340cd9ddb594af487b68a1f41f357874e13cce6\simt_execution_core (D = \lane[0].alu_result, Q = \lane[0].reg_file[4]).
Adding EN signal on $memory\lane[0].reg_file[5]$2858 ($dff) from module $paramod$c340cd9ddb594af487b68a1f41f357874e13cce6\simt_execution_core (D = \lane[0].alu_result, Q = \lane[0].reg_file[5]).
Adding EN signal on $memory\lane[0].reg_file[6]$2860 ($dff) from module $paramod$c340cd9ddb594af487b68a1f41f357874e13cce6\simt_execution_core (D = \lane[0].alu_result, Q = \lane[0].reg_file[6]).
Adding EN signal on $memory\lane[0].reg_file[7]$2862 ($dff) from module $paramod$c340cd9ddb594af487b68a1f41f357874e13cce6\simt_execution_core (D = \lane[0].alu_result, Q = \lane[0].reg_file[7]).
Adding EN signal on $memory\lane[0].reg_file[8]$2864 ($dff) from module $paramod$c340cd9ddb594af487b68a1f41f357874e13cce6\simt_execution_core (D = \lane[0].alu_result, Q = \lane[0].reg_file[8]).
Adding EN signal on $memory\lane[0].reg_file[9]$2866 ($dff) from module $paramod$c340cd9ddb594af487b68a1f41f357874e13cce6\simt_execution_core (D = \lane[0].alu_result, Q = \lane[0].reg_file[9]).
Adding EN signal on $memory\lane[0].reg_file[10]$2868 ($dff) from module $paramod$c340cd9ddb594af487b68a1f41f357874e13cce6\simt_execution_core (D = \lane[0].alu_result, Q = \lane[0].reg_file[10]).
Adding EN signal on $memory\lane[0].reg_file[11]$2870 ($dff) from module $paramod$c340cd9ddb594af487b68a1f41f357874e13cce6\simt_execution_core (D = \lane[0].alu_result, Q = \lane[0].reg_file[11]).
Adding EN signal on $memory\lane[0].reg_file[12]$2872 ($dff) from module $paramod$c340cd9ddb594af487b68a1f41f357874e13cce6\simt_execution_core (D = \lane[0].alu_result, Q = \lane[0].reg_file[12]).
Adding EN signal on $memory\lane[0].reg_file[13]$2874 ($dff) from module $paramod$c340cd9ddb594af487b68a1f41f357874e13cce6\simt_execution_core (D = \lane[0].alu_result, Q = \lane[0].reg_file[13]).
Adding EN signal on $memory\lane[0].reg_file[14]$2876 ($dff) from module $paramod$c340cd9ddb594af487b68a1f41f357874e13cce6\simt_execution_core (D = \lane[0].alu_result, Q = \lane[0].reg_file[14]).
Adding EN signal on $memory\lane[0].reg_file[15]$2878 ($dff) from module $paramod$c340cd9ddb594af487b68a1f41f357874e13cce6\simt_execution_core (D = \lane[0].alu_result, Q = \lane[0].reg_file[15]).
Adding EN signal on $memory\mem_lanes[3].mem_file[0]$3079 ($dff) from module $paramod$b2a1694e054de7dfdcdbcd4b1356480af6859439\data_mem (D = \lane_store_data [127:96], Q = \mem_lanes[3].mem_file[0]).
Adding EN signal on $memory\mem_lanes[3].mem_file[1]$3081 ($dff) from module $paramod$b2a1694e054de7dfdcdbcd4b1356480af6859439\data_mem (D = \lane_store_data [127:96], Q = \mem_lanes[3].mem_file[1]).
Adding EN signal on $memory\mem_lanes[3].mem_file[2]$3083 ($dff) from module $paramod$b2a1694e054de7dfdcdbcd4b1356480af6859439\data_mem (D = \lane_store_data [127:96], Q = \mem_lanes[3].mem_file[2]).
Adding EN signal on $memory\mem_lanes[3].mem_file[3]$3085 ($dff) from module $paramod$b2a1694e054de7dfdcdbcd4b1356480af6859439\data_mem (D = \lane_store_data [127:96], Q = \mem_lanes[3].mem_file[3]).
Adding EN signal on $memory\mem_lanes[3].mem_file[4]$3087 ($dff) from module $paramod$b2a1694e054de7dfdcdbcd4b1356480af6859439\data_mem (D = \lane_store_data [127:96], Q = \mem_lanes[3].mem_file[4]).
Adding EN signal on $memory\mem_lanes[3].mem_file[5]$3089 ($dff) from module $paramod$b2a1694e054de7dfdcdbcd4b1356480af6859439\data_mem (D = \lane_store_data [127:96], Q = \mem_lanes[3].mem_file[5]).
Adding EN signal on $memory\mem_lanes[3].mem_file[6]$3091 ($dff) from module $paramod$b2a1694e054de7dfdcdbcd4b1356480af6859439\data_mem (D = \lane_store_data [127:96], Q = \mem_lanes[3].mem_file[6]).
Adding EN signal on $memory\mem_lanes[3].mem_file[7]$3093 ($dff) from module $paramod$b2a1694e054de7dfdcdbcd4b1356480af6859439\data_mem (D = \lane_store_data [127:96], Q = \mem_lanes[3].mem_file[7]).
Adding EN signal on $memory\mem_lanes[3].mem_file[8]$3095 ($dff) from module $paramod$b2a1694e054de7dfdcdbcd4b1356480af6859439\data_mem (D = \lane_store_data [127:96], Q = \mem_lanes[3].mem_file[8]).
Adding EN signal on $memory\mem_lanes[3].mem_file[9]$3097 ($dff) from module $paramod$b2a1694e054de7dfdcdbcd4b1356480af6859439\data_mem (D = \lane_store_data [127:96], Q = \mem_lanes[3].mem_file[9]).
Adding EN signal on $memory\mem_lanes[3].mem_file[10]$3099 ($dff) from module $paramod$b2a1694e054de7dfdcdbcd4b1356480af6859439\data_mem (D = \lane_store_data [127:96], Q = \mem_lanes[3].mem_file[10]).
Adding EN signal on $memory\mem_lanes[3].mem_file[11]$3101 ($dff) from module $paramod$b2a1694e054de7dfdcdbcd4b1356480af6859439\data_mem (D = \lane_store_data [127:96], Q = \mem_lanes[3].mem_file[11]).
Adding EN signal on $memory\mem_lanes[3].mem_file[12]$3103 ($dff) from module $paramod$b2a1694e054de7dfdcdbcd4b1356480af6859439\data_mem (D = \lane_store_data [127:96], Q = \mem_lanes[3].mem_file[12]).
Adding EN signal on $memory\mem_lanes[3].mem_file[13]$3105 ($dff) from module $paramod$b2a1694e054de7dfdcdbcd4b1356480af6859439\data_mem (D = \lane_store_data [127:96], Q = \mem_lanes[3].mem_file[13]).
Adding EN signal on $memory\mem_lanes[3].mem_file[14]$3107 ($dff) from module $paramod$b2a1694e054de7dfdcdbcd4b1356480af6859439\data_mem (D = \lane_store_data [127:96], Q = \mem_lanes[3].mem_file[14]).
Adding EN signal on $memory\mem_lanes[3].mem_file[15]$3109 ($dff) from module $paramod$b2a1694e054de7dfdcdbcd4b1356480af6859439\data_mem (D = \lane_store_data [127:96], Q = \mem_lanes[3].mem_file[15]).
Adding EN signal on $memory\mem_lanes[3].mem_file[16]$3111 ($dff) from module $paramod$b2a1694e054de7dfdcdbcd4b1356480af6859439\data_mem (D = \lane_store_data [127:96], Q = \mem_lanes[3].mem_file[16]).
Adding EN signal on $memory\mem_lanes[3].mem_file[17]$3113 ($dff) from module $paramod$b2a1694e054de7dfdcdbcd4b1356480af6859439\data_mem (D = \lane_store_data [127:96], Q = \mem_lanes[3].mem_file[17]).
Adding EN signal on $memory\mem_lanes[3].mem_file[18]$3115 ($dff) from module $paramod$b2a1694e054de7dfdcdbcd4b1356480af6859439\data_mem (D = \lane_store_data [127:96], Q = \mem_lanes[3].mem_file[18]).
Adding EN signal on $memory\mem_lanes[3].mem_file[19]$3117 ($dff) from module $paramod$b2a1694e054de7dfdcdbcd4b1356480af6859439\data_mem (D = \lane_store_data [127:96], Q = \mem_lanes[3].mem_file[19]).
Adding EN signal on $memory\mem_lanes[3].mem_file[20]$3119 ($dff) from module $paramod$b2a1694e054de7dfdcdbcd4b1356480af6859439\data_mem (D = \lane_store_data [127:96], Q = \mem_lanes[3].mem_file[20]).
Adding EN signal on $memory\mem_lanes[3].mem_file[21]$3121 ($dff) from module $paramod$b2a1694e054de7dfdcdbcd4b1356480af6859439\data_mem (D = \lane_store_data [127:96], Q = \mem_lanes[3].mem_file[21]).
Adding EN signal on $memory\mem_lanes[3].mem_file[22]$3123 ($dff) from module $paramod$b2a1694e054de7dfdcdbcd4b1356480af6859439\data_mem (D = \lane_store_data [127:96], Q = \mem_lanes[3].mem_file[22]).
Adding EN signal on $memory\mem_lanes[3].mem_file[23]$3125 ($dff) from module $paramod$b2a1694e054de7dfdcdbcd4b1356480af6859439\data_mem (D = \lane_store_data [127:96], Q = \mem_lanes[3].mem_file[23]).
Adding EN signal on $memory\mem_lanes[3].mem_file[24]$3127 ($dff) from module $paramod$b2a1694e054de7dfdcdbcd4b1356480af6859439\data_mem (D = \lane_store_data [127:96], Q = \mem_lanes[3].mem_file[24]).
Adding EN signal on $memory\mem_lanes[3].mem_file[25]$3129 ($dff) from module $paramod$b2a1694e054de7dfdcdbcd4b1356480af6859439\data_mem (D = \lane_store_data [127:96], Q = \mem_lanes[3].mem_file[25]).
Adding EN signal on $memory\mem_lanes[3].mem_file[26]$3131 ($dff) from module $paramod$b2a1694e054de7dfdcdbcd4b1356480af6859439\data_mem (D = \lane_store_data [127:96], Q = \mem_lanes[3].mem_file[26]).
Adding EN signal on $memory\mem_lanes[3].mem_file[27]$3133 ($dff) from module $paramod$b2a1694e054de7dfdcdbcd4b1356480af6859439\data_mem (D = \lane_store_data [127:96], Q = \mem_lanes[3].mem_file[27]).
Adding EN signal on $memory\mem_lanes[3].mem_file[28]$3135 ($dff) from module $paramod$b2a1694e054de7dfdcdbcd4b1356480af6859439\data_mem (D = \lane_store_data [127:96], Q = \mem_lanes[3].mem_file[28]).
Adding EN signal on $memory\mem_lanes[3].mem_file[29]$3137 ($dff) from module $paramod$b2a1694e054de7dfdcdbcd4b1356480af6859439\data_mem (D = \lane_store_data [127:96], Q = \mem_lanes[3].mem_file[29]).
Adding EN signal on $memory\mem_lanes[3].mem_file[30]$3139 ($dff) from module $paramod$b2a1694e054de7dfdcdbcd4b1356480af6859439\data_mem (D = \lane_store_data [127:96], Q = \mem_lanes[3].mem_file[30]).
Adding EN signal on $memory\mem_lanes[3].mem_file[31]$3141 ($dff) from module $paramod$b2a1694e054de7dfdcdbcd4b1356480af6859439\data_mem (D = \lane_store_data [127:96], Q = \mem_lanes[3].mem_file[31]).
Adding EN signal on $memory\mem_lanes[2].mem_file[0]$3481 ($dff) from module $paramod$b2a1694e054de7dfdcdbcd4b1356480af6859439\data_mem (D = \lane_store_data [95:64], Q = \mem_lanes[2].mem_file[0]).
Adding EN signal on $memory\mem_lanes[2].mem_file[1]$3483 ($dff) from module $paramod$b2a1694e054de7dfdcdbcd4b1356480af6859439\data_mem (D = \lane_store_data [95:64], Q = \mem_lanes[2].mem_file[1]).
Adding EN signal on $memory\mem_lanes[2].mem_file[2]$3485 ($dff) from module $paramod$b2a1694e054de7dfdcdbcd4b1356480af6859439\data_mem (D = \lane_store_data [95:64], Q = \mem_lanes[2].mem_file[2]).
Adding EN signal on $memory\mem_lanes[2].mem_file[3]$3487 ($dff) from module $paramod$b2a1694e054de7dfdcdbcd4b1356480af6859439\data_mem (D = \lane_store_data [95:64], Q = \mem_lanes[2].mem_file[3]).
Adding EN signal on $memory\mem_lanes[2].mem_file[4]$3489 ($dff) from module $paramod$b2a1694e054de7dfdcdbcd4b1356480af6859439\data_mem (D = \lane_store_data [95:64], Q = \mem_lanes[2].mem_file[4]).
Adding EN signal on $memory\mem_lanes[2].mem_file[5]$3491 ($dff) from module $paramod$b2a1694e054de7dfdcdbcd4b1356480af6859439\data_mem (D = \lane_store_data [95:64], Q = \mem_lanes[2].mem_file[5]).
Adding EN signal on $memory\mem_lanes[2].mem_file[6]$3493 ($dff) from module $paramod$b2a1694e054de7dfdcdbcd4b1356480af6859439\data_mem (D = \lane_store_data [95:64], Q = \mem_lanes[2].mem_file[6]).
Adding EN signal on $memory\mem_lanes[2].mem_file[7]$3495 ($dff) from module $paramod$b2a1694e054de7dfdcdbcd4b1356480af6859439\data_mem (D = \lane_store_data [95:64], Q = \mem_lanes[2].mem_file[7]).
Adding EN signal on $memory\mem_lanes[2].mem_file[8]$3497 ($dff) from module $paramod$b2a1694e054de7dfdcdbcd4b1356480af6859439\data_mem (D = \lane_store_data [95:64], Q = \mem_lanes[2].mem_file[8]).
Adding EN signal on $memory\mem_lanes[2].mem_file[9]$3499 ($dff) from module $paramod$b2a1694e054de7dfdcdbcd4b1356480af6859439\data_mem (D = \lane_store_data [95:64], Q = \mem_lanes[2].mem_file[9]).
Adding EN signal on $memory\mem_lanes[2].mem_file[10]$3501 ($dff) from module $paramod$b2a1694e054de7dfdcdbcd4b1356480af6859439\data_mem (D = \lane_store_data [95:64], Q = \mem_lanes[2].mem_file[10]).
Adding EN signal on $memory\mem_lanes[2].mem_file[11]$3503 ($dff) from module $paramod$b2a1694e054de7dfdcdbcd4b1356480af6859439\data_mem (D = \lane_store_data [95:64], Q = \mem_lanes[2].mem_file[11]).
Adding EN signal on $memory\mem_lanes[2].mem_file[12]$3505 ($dff) from module $paramod$b2a1694e054de7dfdcdbcd4b1356480af6859439\data_mem (D = \lane_store_data [95:64], Q = \mem_lanes[2].mem_file[12]).
Adding EN signal on $memory\mem_lanes[2].mem_file[13]$3507 ($dff) from module $paramod$b2a1694e054de7dfdcdbcd4b1356480af6859439\data_mem (D = \lane_store_data [95:64], Q = \mem_lanes[2].mem_file[13]).
Adding EN signal on $memory\mem_lanes[2].mem_file[14]$3509 ($dff) from module $paramod$b2a1694e054de7dfdcdbcd4b1356480af6859439\data_mem (D = \lane_store_data [95:64], Q = \mem_lanes[2].mem_file[14]).
Adding EN signal on $memory\mem_lanes[2].mem_file[15]$3511 ($dff) from module $paramod$b2a1694e054de7dfdcdbcd4b1356480af6859439\data_mem (D = \lane_store_data [95:64], Q = \mem_lanes[2].mem_file[15]).
Adding EN signal on $memory\mem_lanes[2].mem_file[16]$3513 ($dff) from module $paramod$b2a1694e054de7dfdcdbcd4b1356480af6859439\data_mem (D = \lane_store_data [95:64], Q = \mem_lanes[2].mem_file[16]).
Adding EN signal on $memory\mem_lanes[2].mem_file[17]$3515 ($dff) from module $paramod$b2a1694e054de7dfdcdbcd4b1356480af6859439\data_mem (D = \lane_store_data [95:64], Q = \mem_lanes[2].mem_file[17]).
Adding EN signal on $memory\mem_lanes[2].mem_file[18]$3517 ($dff) from module $paramod$b2a1694e054de7dfdcdbcd4b1356480af6859439\data_mem (D = \lane_store_data [95:64], Q = \mem_lanes[2].mem_file[18]).
Adding EN signal on $memory\mem_lanes[2].mem_file[19]$3519 ($dff) from module $paramod$b2a1694e054de7dfdcdbcd4b1356480af6859439\data_mem (D = \lane_store_data [95:64], Q = \mem_lanes[2].mem_file[19]).
Adding EN signal on $memory\mem_lanes[2].mem_file[20]$3521 ($dff) from module $paramod$b2a1694e054de7dfdcdbcd4b1356480af6859439\data_mem (D = \lane_store_data [95:64], Q = \mem_lanes[2].mem_file[20]).
Adding EN signal on $memory\mem_lanes[2].mem_file[21]$3523 ($dff) from module $paramod$b2a1694e054de7dfdcdbcd4b1356480af6859439\data_mem (D = \lane_store_data [95:64], Q = \mem_lanes[2].mem_file[21]).
Adding EN signal on $memory\mem_lanes[2].mem_file[22]$3525 ($dff) from module $paramod$b2a1694e054de7dfdcdbcd4b1356480af6859439\data_mem (D = \lane_store_data [95:64], Q = \mem_lanes[2].mem_file[22]).
Adding EN signal on $memory\mem_lanes[2].mem_file[23]$3527 ($dff) from module $paramod$b2a1694e054de7dfdcdbcd4b1356480af6859439\data_mem (D = \lane_store_data [95:64], Q = \mem_lanes[2].mem_file[23]).
Adding EN signal on $memory\mem_lanes[2].mem_file[24]$3529 ($dff) from module $paramod$b2a1694e054de7dfdcdbcd4b1356480af6859439\data_mem (D = \lane_store_data [95:64], Q = \mem_lanes[2].mem_file[24]).
Adding EN signal on $memory\mem_lanes[2].mem_file[25]$3531 ($dff) from module $paramod$b2a1694e054de7dfdcdbcd4b1356480af6859439\data_mem (D = \lane_store_data [95:64], Q = \mem_lanes[2].mem_file[25]).
Adding EN signal on $memory\mem_lanes[2].mem_file[26]$3533 ($dff) from module $paramod$b2a1694e054de7dfdcdbcd4b1356480af6859439\data_mem (D = \lane_store_data [95:64], Q = \mem_lanes[2].mem_file[26]).
Adding EN signal on $memory\mem_lanes[2].mem_file[27]$3535 ($dff) from module $paramod$b2a1694e054de7dfdcdbcd4b1356480af6859439\data_mem (D = \lane_store_data [95:64], Q = \mem_lanes[2].mem_file[27]).
Adding EN signal on $memory\mem_lanes[2].mem_file[28]$3537 ($dff) from module $paramod$b2a1694e054de7dfdcdbcd4b1356480af6859439\data_mem (D = \lane_store_data [95:64], Q = \mem_lanes[2].mem_file[28]).
Adding EN signal on $memory\mem_lanes[2].mem_file[29]$3539 ($dff) from module $paramod$b2a1694e054de7dfdcdbcd4b1356480af6859439\data_mem (D = \lane_store_data [95:64], Q = \mem_lanes[2].mem_file[29]).
Adding EN signal on $memory\mem_lanes[2].mem_file[30]$3541 ($dff) from module $paramod$b2a1694e054de7dfdcdbcd4b1356480af6859439\data_mem (D = \lane_store_data [95:64], Q = \mem_lanes[2].mem_file[30]).
Adding EN signal on $memory\mem_lanes[2].mem_file[31]$3543 ($dff) from module $paramod$b2a1694e054de7dfdcdbcd4b1356480af6859439\data_mem (D = \lane_store_data [95:64], Q = \mem_lanes[2].mem_file[31]).
Adding EN signal on $memory\mem_lanes[1].mem_file[0]$3883 ($dff) from module $paramod$b2a1694e054de7dfdcdbcd4b1356480af6859439\data_mem (D = \lane_store_data [63:32], Q = \mem_lanes[1].mem_file[0]).
Adding EN signal on $memory\mem_lanes[1].mem_file[1]$3885 ($dff) from module $paramod$b2a1694e054de7dfdcdbcd4b1356480af6859439\data_mem (D = \lane_store_data [63:32], Q = \mem_lanes[1].mem_file[1]).
Adding EN signal on $memory\mem_lanes[1].mem_file[2]$3887 ($dff) from module $paramod$b2a1694e054de7dfdcdbcd4b1356480af6859439\data_mem (D = \lane_store_data [63:32], Q = \mem_lanes[1].mem_file[2]).
Adding EN signal on $memory\mem_lanes[1].mem_file[3]$3889 ($dff) from module $paramod$b2a1694e054de7dfdcdbcd4b1356480af6859439\data_mem (D = \lane_store_data [63:32], Q = \mem_lanes[1].mem_file[3]).
Adding EN signal on $memory\mem_lanes[1].mem_file[4]$3891 ($dff) from module $paramod$b2a1694e054de7dfdcdbcd4b1356480af6859439\data_mem (D = \lane_store_data [63:32], Q = \mem_lanes[1].mem_file[4]).
Adding EN signal on $memory\mem_lanes[1].mem_file[5]$3893 ($dff) from module $paramod$b2a1694e054de7dfdcdbcd4b1356480af6859439\data_mem (D = \lane_store_data [63:32], Q = \mem_lanes[1].mem_file[5]).
Adding EN signal on $memory\mem_lanes[1].mem_file[6]$3895 ($dff) from module $paramod$b2a1694e054de7dfdcdbcd4b1356480af6859439\data_mem (D = \lane_store_data [63:32], Q = \mem_lanes[1].mem_file[6]).
Adding EN signal on $memory\mem_lanes[1].mem_file[7]$3897 ($dff) from module $paramod$b2a1694e054de7dfdcdbcd4b1356480af6859439\data_mem (D = \lane_store_data [63:32], Q = \mem_lanes[1].mem_file[7]).
Adding EN signal on $memory\mem_lanes[1].mem_file[8]$3899 ($dff) from module $paramod$b2a1694e054de7dfdcdbcd4b1356480af6859439\data_mem (D = \lane_store_data [63:32], Q = \mem_lanes[1].mem_file[8]).
Adding EN signal on $memory\mem_lanes[1].mem_file[9]$3901 ($dff) from module $paramod$b2a1694e054de7dfdcdbcd4b1356480af6859439\data_mem (D = \lane_store_data [63:32], Q = \mem_lanes[1].mem_file[9]).
Adding EN signal on $memory\mem_lanes[1].mem_file[10]$3903 ($dff) from module $paramod$b2a1694e054de7dfdcdbcd4b1356480af6859439\data_mem (D = \lane_store_data [63:32], Q = \mem_lanes[1].mem_file[10]).
Adding EN signal on $memory\mem_lanes[1].mem_file[11]$3905 ($dff) from module $paramod$b2a1694e054de7dfdcdbcd4b1356480af6859439\data_mem (D = \lane_store_data [63:32], Q = \mem_lanes[1].mem_file[11]).
Adding EN signal on $memory\mem_lanes[1].mem_file[12]$3907 ($dff) from module $paramod$b2a1694e054de7dfdcdbcd4b1356480af6859439\data_mem (D = \lane_store_data [63:32], Q = \mem_lanes[1].mem_file[12]).
Adding EN signal on $memory\mem_lanes[1].mem_file[13]$3909 ($dff) from module $paramod$b2a1694e054de7dfdcdbcd4b1356480af6859439\data_mem (D = \lane_store_data [63:32], Q = \mem_lanes[1].mem_file[13]).
Adding EN signal on $memory\mem_lanes[1].mem_file[14]$3911 ($dff) from module $paramod$b2a1694e054de7dfdcdbcd4b1356480af6859439\data_mem (D = \lane_store_data [63:32], Q = \mem_lanes[1].mem_file[14]).
Adding EN signal on $memory\mem_lanes[1].mem_file[15]$3913 ($dff) from module $paramod$b2a1694e054de7dfdcdbcd4b1356480af6859439\data_mem (D = \lane_store_data [63:32], Q = \mem_lanes[1].mem_file[15]).
Adding EN signal on $memory\mem_lanes[1].mem_file[16]$3915 ($dff) from module $paramod$b2a1694e054de7dfdcdbcd4b1356480af6859439\data_mem (D = \lane_store_data [63:32], Q = \mem_lanes[1].mem_file[16]).
Adding EN signal on $memory\mem_lanes[1].mem_file[17]$3917 ($dff) from module $paramod$b2a1694e054de7dfdcdbcd4b1356480af6859439\data_mem (D = \lane_store_data [63:32], Q = \mem_lanes[1].mem_file[17]).
Adding EN signal on $memory\mem_lanes[1].mem_file[18]$3919 ($dff) from module $paramod$b2a1694e054de7dfdcdbcd4b1356480af6859439\data_mem (D = \lane_store_data [63:32], Q = \mem_lanes[1].mem_file[18]).
Adding EN signal on $memory\mem_lanes[1].mem_file[19]$3921 ($dff) from module $paramod$b2a1694e054de7dfdcdbcd4b1356480af6859439\data_mem (D = \lane_store_data [63:32], Q = \mem_lanes[1].mem_file[19]).
Adding EN signal on $memory\mem_lanes[1].mem_file[20]$3923 ($dff) from module $paramod$b2a1694e054de7dfdcdbcd4b1356480af6859439\data_mem (D = \lane_store_data [63:32], Q = \mem_lanes[1].mem_file[20]).
Adding EN signal on $memory\mem_lanes[1].mem_file[21]$3925 ($dff) from module $paramod$b2a1694e054de7dfdcdbcd4b1356480af6859439\data_mem (D = \lane_store_data [63:32], Q = \mem_lanes[1].mem_file[21]).
Adding EN signal on $memory\mem_lanes[1].mem_file[22]$3927 ($dff) from module $paramod$b2a1694e054de7dfdcdbcd4b1356480af6859439\data_mem (D = \lane_store_data [63:32], Q = \mem_lanes[1].mem_file[22]).
Adding EN signal on $memory\mem_lanes[1].mem_file[23]$3929 ($dff) from module $paramod$b2a1694e054de7dfdcdbcd4b1356480af6859439\data_mem (D = \lane_store_data [63:32], Q = \mem_lanes[1].mem_file[23]).
Adding EN signal on $memory\mem_lanes[1].mem_file[24]$3931 ($dff) from module $paramod$b2a1694e054de7dfdcdbcd4b1356480af6859439\data_mem (D = \lane_store_data [63:32], Q = \mem_lanes[1].mem_file[24]).
Adding EN signal on $memory\mem_lanes[1].mem_file[25]$3933 ($dff) from module $paramod$b2a1694e054de7dfdcdbcd4b1356480af6859439\data_mem (D = \lane_store_data [63:32], Q = \mem_lanes[1].mem_file[25]).
Adding EN signal on $memory\mem_lanes[1].mem_file[26]$3935 ($dff) from module $paramod$b2a1694e054de7dfdcdbcd4b1356480af6859439\data_mem (D = \lane_store_data [63:32], Q = \mem_lanes[1].mem_file[26]).
Adding EN signal on $memory\mem_lanes[1].mem_file[27]$3937 ($dff) from module $paramod$b2a1694e054de7dfdcdbcd4b1356480af6859439\data_mem (D = \lane_store_data [63:32], Q = \mem_lanes[1].mem_file[27]).
Adding EN signal on $memory\mem_lanes[1].mem_file[28]$3939 ($dff) from module $paramod$b2a1694e054de7dfdcdbcd4b1356480af6859439\data_mem (D = \lane_store_data [63:32], Q = \mem_lanes[1].mem_file[28]).
Adding EN signal on $memory\mem_lanes[1].mem_file[29]$3941 ($dff) from module $paramod$b2a1694e054de7dfdcdbcd4b1356480af6859439\data_mem (D = \lane_store_data [63:32], Q = \mem_lanes[1].mem_file[29]).
Adding EN signal on $memory\mem_lanes[1].mem_file[30]$3943 ($dff) from module $paramod$b2a1694e054de7dfdcdbcd4b1356480af6859439\data_mem (D = \lane_store_data [63:32], Q = \mem_lanes[1].mem_file[30]).
Adding EN signal on $memory\mem_lanes[1].mem_file[31]$3945 ($dff) from module $paramod$b2a1694e054de7dfdcdbcd4b1356480af6859439\data_mem (D = \lane_store_data [63:32], Q = \mem_lanes[1].mem_file[31]).
Adding EN signal on $memory\mem_lanes[0].mem_file[0]$4285 ($dff) from module $paramod$b2a1694e054de7dfdcdbcd4b1356480af6859439\data_mem (D = \lane_store_data [31:0], Q = \mem_lanes[0].mem_file[0]).
Adding EN signal on $memory\mem_lanes[0].mem_file[1]$4287 ($dff) from module $paramod$b2a1694e054de7dfdcdbcd4b1356480af6859439\data_mem (D = \lane_store_data [31:0], Q = \mem_lanes[0].mem_file[1]).
Adding EN signal on $memory\mem_lanes[0].mem_file[2]$4289 ($dff) from module $paramod$b2a1694e054de7dfdcdbcd4b1356480af6859439\data_mem (D = \lane_store_data [31:0], Q = \mem_lanes[0].mem_file[2]).
Adding EN signal on $memory\mem_lanes[0].mem_file[3]$4291 ($dff) from module $paramod$b2a1694e054de7dfdcdbcd4b1356480af6859439\data_mem (D = \lane_store_data [31:0], Q = \mem_lanes[0].mem_file[3]).
Adding EN signal on $memory\mem_lanes[0].mem_file[4]$4293 ($dff) from module $paramod$b2a1694e054de7dfdcdbcd4b1356480af6859439\data_mem (D = \lane_store_data [31:0], Q = \mem_lanes[0].mem_file[4]).
Adding EN signal on $memory\mem_lanes[0].mem_file[5]$4295 ($dff) from module $paramod$b2a1694e054de7dfdcdbcd4b1356480af6859439\data_mem (D = \lane_store_data [31:0], Q = \mem_lanes[0].mem_file[5]).
Adding EN signal on $memory\mem_lanes[0].mem_file[6]$4297 ($dff) from module $paramod$b2a1694e054de7dfdcdbcd4b1356480af6859439\data_mem (D = \lane_store_data [31:0], Q = \mem_lanes[0].mem_file[6]).
Adding EN signal on $memory\mem_lanes[0].mem_file[7]$4299 ($dff) from module $paramod$b2a1694e054de7dfdcdbcd4b1356480af6859439\data_mem (D = \lane_store_data [31:0], Q = \mem_lanes[0].mem_file[7]).
Adding EN signal on $memory\mem_lanes[0].mem_file[8]$4301 ($dff) from module $paramod$b2a1694e054de7dfdcdbcd4b1356480af6859439\data_mem (D = \lane_store_data [31:0], Q = \mem_lanes[0].mem_file[8]).
Adding EN signal on $memory\mem_lanes[0].mem_file[9]$4303 ($dff) from module $paramod$b2a1694e054de7dfdcdbcd4b1356480af6859439\data_mem (D = \lane_store_data [31:0], Q = \mem_lanes[0].mem_file[9]).
Adding EN signal on $memory\mem_lanes[0].mem_file[10]$4305 ($dff) from module $paramod$b2a1694e054de7dfdcdbcd4b1356480af6859439\data_mem (D = \lane_store_data [31:0], Q = \mem_lanes[0].mem_file[10]).
Adding EN signal on $memory\mem_lanes[0].mem_file[11]$4307 ($dff) from module $paramod$b2a1694e054de7dfdcdbcd4b1356480af6859439\data_mem (D = \lane_store_data [31:0], Q = \mem_lanes[0].mem_file[11]).
Adding EN signal on $memory\mem_lanes[0].mem_file[12]$4309 ($dff) from module $paramod$b2a1694e054de7dfdcdbcd4b1356480af6859439\data_mem (D = \lane_store_data [31:0], Q = \mem_lanes[0].mem_file[12]).
Adding EN signal on $memory\mem_lanes[0].mem_file[13]$4311 ($dff) from module $paramod$b2a1694e054de7dfdcdbcd4b1356480af6859439\data_mem (D = \lane_store_data [31:0], Q = \mem_lanes[0].mem_file[13]).
Adding EN signal on $memory\mem_lanes[0].mem_file[14]$4313 ($dff) from module $paramod$b2a1694e054de7dfdcdbcd4b1356480af6859439\data_mem (D = \lane_store_data [31:0], Q = \mem_lanes[0].mem_file[14]).
Adding EN signal on $memory\mem_lanes[0].mem_file[15]$4315 ($dff) from module $paramod$b2a1694e054de7dfdcdbcd4b1356480af6859439\data_mem (D = \lane_store_data [31:0], Q = \mem_lanes[0].mem_file[15]).
Adding EN signal on $memory\mem_lanes[0].mem_file[16]$4317 ($dff) from module $paramod$b2a1694e054de7dfdcdbcd4b1356480af6859439\data_mem (D = \lane_store_data [31:0], Q = \mem_lanes[0].mem_file[16]).
Adding EN signal on $memory\mem_lanes[0].mem_file[17]$4319 ($dff) from module $paramod$b2a1694e054de7dfdcdbcd4b1356480af6859439\data_mem (D = \lane_store_data [31:0], Q = \mem_lanes[0].mem_file[17]).
Adding EN signal on $memory\mem_lanes[0].mem_file[18]$4321 ($dff) from module $paramod$b2a1694e054de7dfdcdbcd4b1356480af6859439\data_mem (D = \lane_store_data [31:0], Q = \mem_lanes[0].mem_file[18]).
Adding EN signal on $memory\mem_lanes[0].mem_file[19]$4323 ($dff) from module $paramod$b2a1694e054de7dfdcdbcd4b1356480af6859439\data_mem (D = \lane_store_data [31:0], Q = \mem_lanes[0].mem_file[19]).
Adding EN signal on $memory\mem_lanes[0].mem_file[20]$4325 ($dff) from module $paramod$b2a1694e054de7dfdcdbcd4b1356480af6859439\data_mem (D = \lane_store_data [31:0], Q = \mem_lanes[0].mem_file[20]).
Adding EN signal on $memory\mem_lanes[0].mem_file[21]$4327 ($dff) from module $paramod$b2a1694e054de7dfdcdbcd4b1356480af6859439\data_mem (D = \lane_store_data [31:0], Q = \mem_lanes[0].mem_file[21]).
Adding EN signal on $memory\mem_lanes[0].mem_file[22]$4329 ($dff) from module $paramod$b2a1694e054de7dfdcdbcd4b1356480af6859439\data_mem (D = \lane_store_data [31:0], Q = \mem_lanes[0].mem_file[22]).
Adding EN signal on $memory\mem_lanes[0].mem_file[23]$4331 ($dff) from module $paramod$b2a1694e054de7dfdcdbcd4b1356480af6859439\data_mem (D = \lane_store_data [31:0], Q = \mem_lanes[0].mem_file[23]).
Adding EN signal on $memory\mem_lanes[0].mem_file[24]$4333 ($dff) from module $paramod$b2a1694e054de7dfdcdbcd4b1356480af6859439\data_mem (D = \lane_store_data [31:0], Q = \mem_lanes[0].mem_file[24]).
Adding EN signal on $memory\mem_lanes[0].mem_file[25]$4335 ($dff) from module $paramod$b2a1694e054de7dfdcdbcd4b1356480af6859439\data_mem (D = \lane_store_data [31:0], Q = \mem_lanes[0].mem_file[25]).
Adding EN signal on $memory\mem_lanes[0].mem_file[26]$4337 ($dff) from module $paramod$b2a1694e054de7dfdcdbcd4b1356480af6859439\data_mem (D = \lane_store_data [31:0], Q = \mem_lanes[0].mem_file[26]).
Adding EN signal on $memory\mem_lanes[0].mem_file[27]$4339 ($dff) from module $paramod$b2a1694e054de7dfdcdbcd4b1356480af6859439\data_mem (D = \lane_store_data [31:0], Q = \mem_lanes[0].mem_file[27]).
Adding EN signal on $memory\mem_lanes[0].mem_file[28]$4341 ($dff) from module $paramod$b2a1694e054de7dfdcdbcd4b1356480af6859439\data_mem (D = \lane_store_data [31:0], Q = \mem_lanes[0].mem_file[28]).
Adding EN signal on $memory\mem_lanes[0].mem_file[29]$4343 ($dff) from module $paramod$b2a1694e054de7dfdcdbcd4b1356480af6859439\data_mem (D = \lane_store_data [31:0], Q = \mem_lanes[0].mem_file[29]).
Adding EN signal on $memory\mem_lanes[0].mem_file[30]$4345 ($dff) from module $paramod$b2a1694e054de7dfdcdbcd4b1356480af6859439\data_mem (D = \lane_store_data [31:0], Q = \mem_lanes[0].mem_file[30]).
Adding EN signal on $memory\mem_lanes[0].mem_file[31]$4347 ($dff) from module $paramod$b2a1694e054de7dfdcdbcd4b1356480af6859439\data_mem (D = \lane_store_data [31:0], Q = \mem_lanes[0].mem_file[31]).

4.19.16. Executing OPT_CLEAN pass (remove unused cells and wires).
Finding unused cells or wires in module $paramod$fd0170a58924e6d7b2131d4623b428d1d1232fac\warp_scheduler..
Finding unused cells or wires in module $paramod$c340cd9ddb594af487b68a1f41f357874e13cce6\simt_execution_core..
Finding unused cells or wires in module $paramod\pc_update_unit\PC_WIDTH=s32'00000000000000000000000000100000..
Finding unused cells or wires in module $paramod$bbdd970d5e9d5db000ca33c4cf0f699d1c916bbb\inst_mem..
Finding unused cells or wires in module $paramod$20f9d1ebf2d220d6d149ed1f156499717425796a\fetch_decode_unit..
Finding unused cells or wires in module $paramod$b2a1694e054de7dfdcdbcd4b1356480af6859439\data_mem..
Finding unused cells or wires in module \gpu_top..
Removed 192 unused cells and 195 unused wires.
<suppressed ~195 debug messages>

4.19.17. Executing OPT_EXPR pass (perform const folding).
Optimizing module $paramod$fd0170a58924e6d7b2131d4623b428d1d1232fac\warp_scheduler.
Optimizing module $paramod$c340cd9ddb594af487b68a1f41f357874e13cce6\simt_execution_core.
Optimizing module $paramod\pc_update_unit\PC_WIDTH=s32'00000000000000000000000000100000.
Optimizing module $paramod$bbdd970d5e9d5db000ca33c4cf0f699d1c916bbb\inst_mem.
<suppressed ~3 debug messages>
Optimizing module $paramod$20f9d1ebf2d220d6d149ed1f156499717425796a\fetch_decode_unit.
Optimizing module $paramod$b2a1694e054de7dfdcdbcd4b1356480af6859439\data_mem.
Optimizing module gpu_top.

4.19.18. Rerunning OPT passes. (Maybe there is more to do..)

4.19.19. Executing OPT_MUXTREE pass (detect dead branches in mux trees).
Running muxtree optimizer on module $paramod$fd0170a58924e6d7b2131d4623b428d1d1232fac\warp_scheduler..
  Creating internal representation of mux trees.
  Evaluating internal representation of mux trees.
  Analyzing evaluation results.
Running muxtree optimizer on module $paramod$c340cd9ddb594af487b68a1f41f357874e13cce6\simt_execution_core..
  Creating internal representation of mux trees.
  Evaluating internal representation of mux trees.
  Analyzing evaluation results.
Running muxtree optimizer on module $paramod\pc_update_unit\PC_WIDTH=s32'00000000000000000000000000100000..
  Creating internal representation of mux trees.
  Evaluating internal representation of mux trees.
  Analyzing evaluation results.
Running muxtree optimizer on module $paramod$bbdd970d5e9d5db000ca33c4cf0f699d1c916bbb\inst_mem..
  Creating internal representation of mux trees.
  Evaluating internal representation of mux trees.
  Analyzing evaluation results.
Running muxtree optimizer on module $paramod$20f9d1ebf2d220d6d149ed1f156499717425796a\fetch_decode_unit..
  Creating internal representation of mux trees.
  No muxes found in this module.
Running muxtree optimizer on module $paramod$b2a1694e054de7dfdcdbcd4b1356480af6859439\data_mem..
  Creating internal representation of mux trees.
  Evaluating internal representation of mux trees.
  Analyzing evaluation results.
Running muxtree optimizer on module \gpu_top..
  Creating internal representation of mux trees.
  No muxes found in this module.
Removed 0 multiplexer ports.
<suppressed ~272 debug messages>

4.19.20. Executing OPT_REDUCE pass (consolidate $*mux and $reduce_* inputs).
  Optimizing cells in module $paramod$fd0170a58924e6d7b2131d4623b428d1d1232fac\warp_scheduler.
  Optimizing cells in module $paramod$c340cd9ddb594af487b68a1f41f357874e13cce6\simt_execution_core.
  Optimizing cells in module $paramod\pc_update_unit\PC_WIDTH=s32'00000000000000000000000000100000.
  Optimizing cells in module $paramod$bbdd970d5e9d5db000ca33c4cf0f699d1c916bbb\inst_mem.
  Optimizing cells in module $paramod$20f9d1ebf2d220d6d149ed1f156499717425796a\fetch_decode_unit.
  Optimizing cells in module $paramod$b2a1694e054de7dfdcdbcd4b1356480af6859439\data_mem.
  Optimizing cells in module \gpu_top.
Performed a total of 0 changes.

4.19.21. Executing OPT_MERGE pass (detect identical cells).
Finding identical cells in module `$paramod$fd0170a58924e6d7b2131d4623b428d1d1232fac\warp_scheduler'.
Computing hashes of 10 cells of `$paramod$fd0170a58924e6d7b2131d4623b428d1d1232fac\warp_scheduler'.
Finding duplicate cells in `$paramod$fd0170a58924e6d7b2131d4623b428d1d1232fac\warp_scheduler'.
Finding identical cells in module `$paramod$c340cd9ddb594af487b68a1f41f357874e13cce6\simt_execution_core'.
Computing hashes of 370 cells of `$paramod$c340cd9ddb594af487b68a1f41f357874e13cce6\simt_execution_core'.
Finding duplicate cells in `$paramod$c340cd9ddb594af487b68a1f41f357874e13cce6\simt_execution_core'.
Finding identical cells in module `$paramod\pc_update_unit\PC_WIDTH=s32'00000000000000000000000000100000'.
Computing hashes of 2 cells of `$paramod\pc_update_unit\PC_WIDTH=s32'00000000000000000000000000100000'.
Finding duplicate cells in `$paramod\pc_update_unit\PC_WIDTH=s32'00000000000000000000000000100000'.
Finding identical cells in module `$paramod$bbdd970d5e9d5db000ca33c4cf0f699d1c916bbb\inst_mem'.
Computing hashes of 1 cells of `$paramod$bbdd970d5e9d5db000ca33c4cf0f699d1c916bbb\inst_mem'.
Finding duplicate cells in `$paramod$bbdd970d5e9d5db000ca33c4cf0f699d1c916bbb\inst_mem'.
Finding identical cells in module `$paramod$20f9d1ebf2d220d6d149ed1f156499717425796a\fetch_decode_unit'.
Computing hashes of 0 cells of `$paramod$20f9d1ebf2d220d6d149ed1f156499717425796a\fetch_decode_unit'.
Finding duplicate cells in `$paramod$20f9d1ebf2d220d6d149ed1f156499717425796a\fetch_decode_unit'.
Finding identical cells in module `$paramod$b2a1694e054de7dfdcdbcd4b1356480af6859439\data_mem'.
Computing hashes of 596 cells of `$paramod$b2a1694e054de7dfdcdbcd4b1356480af6859439\data_mem'.
Finding duplicate cells in `$paramod$b2a1694e054de7dfdcdbcd4b1356480af6859439\data_mem'.
Finding identical cells in module `\gpu_top'.
Computing hashes of 6 cells of `\gpu_top'.
Finding duplicate cells in `\gpu_top'.
Removed a total of 0 cells.

4.19.22. Executing OPT_SHARE pass.

4.19.23. Executing OPT_DFF pass (perform DFF optimizations).

4.19.24. Executing OPT_CLEAN pass (remove unused cells and wires).
Finding unused cells or wires in module $paramod$fd0170a58924e6d7b2131d4623b428d1d1232fac\warp_scheduler..
Finding unused cells or wires in module $paramod$c340cd9ddb594af487b68a1f41f357874e13cce6\simt_execution_core..
Finding unused cells or wires in module $paramod\pc_update_unit\PC_WIDTH=s32'00000000000000000000000000100000..
Finding unused cells or wires in module $paramod$bbdd970d5e9d5db000ca33c4cf0f699d1c916bbb\inst_mem..
Finding unused cells or wires in module $paramod$20f9d1ebf2d220d6d149ed1f156499717425796a\fetch_decode_unit..
Finding unused cells or wires in module $paramod$b2a1694e054de7dfdcdbcd4b1356480af6859439\data_mem..
Finding unused cells or wires in module \gpu_top..
Removed 0 unused cells and 1 unused wires.
<suppressed ~1 debug messages>

4.19.25. Executing OPT_EXPR pass (perform const folding).
Optimizing module $paramod$fd0170a58924e6d7b2131d4623b428d1d1232fac\warp_scheduler.
Optimizing module $paramod$c340cd9ddb594af487b68a1f41f357874e13cce6\simt_execution_core.
Optimizing module $paramod\pc_update_unit\PC_WIDTH=s32'00000000000000000000000000100000.
Optimizing module $paramod$bbdd970d5e9d5db000ca33c4cf0f699d1c916bbb\inst_mem.
Optimizing module $paramod$20f9d1ebf2d220d6d149ed1f156499717425796a\fetch_decode_unit.
Optimizing module $paramod$b2a1694e054de7dfdcdbcd4b1356480af6859439\data_mem.
Optimizing module gpu_top.

4.19.26. Rerunning OPT passes. (Maybe there is more to do..)

4.19.27. Executing OPT_MUXTREE pass (detect dead branches in mux trees).
Running muxtree optimizer on module $paramod$fd0170a58924e6d7b2131d4623b428d1d1232fac\warp_scheduler..
  Creating internal representation of mux trees.
  Evaluating internal representation of mux trees.
  Analyzing evaluation results.
Running muxtree optimizer on module $paramod$c340cd9ddb594af487b68a1f41f357874e13cce6\simt_execution_core..
  Creating internal representation of mux trees.
  Evaluating internal representation of mux trees.
  Analyzing evaluation results.
Running muxtree optimizer on module $paramod\pc_update_unit\PC_WIDTH=s32'00000000000000000000000000100000..
  Creating internal representation of mux trees.
  Evaluating internal representation of mux trees.
  Analyzing evaluation results.
Running muxtree optimizer on module $paramod$bbdd970d5e9d5db000ca33c4cf0f699d1c916bbb\inst_mem..
  Creating internal representation of mux trees.
  Evaluating internal representation of mux trees.
  Analyzing evaluation results.
Running muxtree optimizer on module $paramod$20f9d1ebf2d220d6d149ed1f156499717425796a\fetch_decode_unit..
  Creating internal representation of mux trees.
  No muxes found in this module.
Running muxtree optimizer on module $paramod$b2a1694e054de7dfdcdbcd4b1356480af6859439\data_mem..
  Creating internal representation of mux trees.
  Evaluating internal representation of mux trees.
  Analyzing evaluation results.
Running muxtree optimizer on module \gpu_top..
  Creating internal representation of mux trees.
  No muxes found in this module.
Removed 0 multiplexer ports.
<suppressed ~272 debug messages>

4.19.28. Executing OPT_REDUCE pass (consolidate $*mux and $reduce_* inputs).
  Optimizing cells in module $paramod$fd0170a58924e6d7b2131d4623b428d1d1232fac\warp_scheduler.
  Optimizing cells in module $paramod$c340cd9ddb594af487b68a1f41f357874e13cce6\simt_execution_core.
  Optimizing cells in module $paramod\pc_update_unit\PC_WIDTH=s32'00000000000000000000000000100000.
  Optimizing cells in module $paramod$bbdd970d5e9d5db000ca33c4cf0f699d1c916bbb\inst_mem.
  Optimizing cells in module $paramod$20f9d1ebf2d220d6d149ed1f156499717425796a\fetch_decode_unit.
  Optimizing cells in module $paramod$b2a1694e054de7dfdcdbcd4b1356480af6859439\data_mem.
  Optimizing cells in module \gpu_top.
Performed a total of 0 changes.

4.19.29. Executing OPT_MERGE pass (detect identical cells).
Finding identical cells in module `$paramod$fd0170a58924e6d7b2131d4623b428d1d1232fac\warp_scheduler'.
Computing hashes of 10 cells of `$paramod$fd0170a58924e6d7b2131d4623b428d1d1232fac\warp_scheduler'.
Finding duplicate cells in `$paramod$fd0170a58924e6d7b2131d4623b428d1d1232fac\warp_scheduler'.
Finding identical cells in module `$paramod$c340cd9ddb594af487b68a1f41f357874e13cce6\simt_execution_core'.
Computing hashes of 370 cells of `$paramod$c340cd9ddb594af487b68a1f41f357874e13cce6\simt_execution_core'.
Finding duplicate cells in `$paramod$c340cd9ddb594af487b68a1f41f357874e13cce6\simt_execution_core'.
Finding identical cells in module `$paramod\pc_update_unit\PC_WIDTH=s32'00000000000000000000000000100000'.
Computing hashes of 2 cells of `$paramod\pc_update_unit\PC_WIDTH=s32'00000000000000000000000000100000'.
Finding duplicate cells in `$paramod\pc_update_unit\PC_WIDTH=s32'00000000000000000000000000100000'.
Finding identical cells in module `$paramod$bbdd970d5e9d5db000ca33c4cf0f699d1c916bbb\inst_mem'.
Computing hashes of 1 cells of `$paramod$bbdd970d5e9d5db000ca33c4cf0f699d1c916bbb\inst_mem'.
Finding duplicate cells in `$paramod$bbdd970d5e9d5db000ca33c4cf0f699d1c916bbb\inst_mem'.
Finding identical cells in module `$paramod$20f9d1ebf2d220d6d149ed1f156499717425796a\fetch_decode_unit'.
Computing hashes of 0 cells of `$paramod$20f9d1ebf2d220d6d149ed1f156499717425796a\fetch_decode_unit'.
Finding duplicate cells in `$paramod$20f9d1ebf2d220d6d149ed1f156499717425796a\fetch_decode_unit'.
Finding identical cells in module `$paramod$b2a1694e054de7dfdcdbcd4b1356480af6859439\data_mem'.
Computing hashes of 596 cells of `$paramod$b2a1694e054de7dfdcdbcd4b1356480af6859439\data_mem'.
Finding duplicate cells in `$paramod$b2a1694e054de7dfdcdbcd4b1356480af6859439\data_mem'.
Finding identical cells in module `\gpu_top'.
Computing hashes of 6 cells of `\gpu_top'.
Finding duplicate cells in `\gpu_top'.
Removed a total of 0 cells.

4.19.30. Executing OPT_SHARE pass.

4.19.31. Executing OPT_DFF pass (perform DFF optimizations).

4.19.32. Executing OPT_CLEAN pass (remove unused cells and wires).
Finding unused cells or wires in module $paramod$fd0170a58924e6d7b2131d4623b428d1d1232fac\warp_scheduler..
Finding unused cells or wires in module $paramod$c340cd9ddb594af487b68a1f41f357874e13cce6\simt_execution_core..
Finding unused cells or wires in module $paramod\pc_update_unit\PC_WIDTH=s32'00000000000000000000000000100000..
Finding unused cells or wires in module $paramod$bbdd970d5e9d5db000ca33c4cf0f699d1c916bbb\inst_mem..
Finding unused cells or wires in module $paramod$20f9d1ebf2d220d6d149ed1f156499717425796a\fetch_decode_unit..
Finding unused cells or wires in module $paramod$b2a1694e054de7dfdcdbcd4b1356480af6859439\data_mem..
Finding unused cells or wires in module \gpu_top..

4.19.33. Executing OPT_EXPR pass (perform const folding).
Optimizing module $paramod$fd0170a58924e6d7b2131d4623b428d1d1232fac\warp_scheduler.
Optimizing module $paramod$c340cd9ddb594af487b68a1f41f357874e13cce6\simt_execution_core.
Optimizing module $paramod\pc_update_unit\PC_WIDTH=s32'00000000000000000000000000100000.
Optimizing module $paramod$bbdd970d5e9d5db000ca33c4cf0f699d1c916bbb\inst_mem.
Optimizing module $paramod$20f9d1ebf2d220d6d149ed1f156499717425796a\fetch_decode_unit.
Optimizing module $paramod$b2a1694e054de7dfdcdbcd4b1356480af6859439\data_mem.
Optimizing module gpu_top.

4.19.34. Finished fast OPT passes. (There is nothing left to do.)

4.20. Executing TECHMAP pass (map to technology primitives).

4.20.1. Executing Verilog-2005 frontend: /opt/homebrew/bin/../share/yosys/techmap.v
Parsing Verilog input from `/opt/homebrew/bin/../share/yosys/techmap.v' to AST representation.
Generating RTLIL representation for module `\_90_simplemap_bool_ops'.
Generating RTLIL representation for module `\_90_simplemap_reduce_ops'.
Generating RTLIL representation for module `\_90_simplemap_logic_ops'.
Generating RTLIL representation for module `\_90_simplemap_compare_ops'.
Generating RTLIL representation for module `\_90_simplemap_various'.
Generating RTLIL representation for module `\_90_simplemap_registers'.
Generating RTLIL representation for module `\_90_shift_ops_shr_shl_sshl_sshr'.
Generating RTLIL representation for module `\_90_shift_shiftx'.
Generating RTLIL representation for module `\_90_fa'.
Generating RTLIL representation for module `\_90_lcu_brent_kung'.
Generating RTLIL representation for module `\_90_alu'.
Generating RTLIL representation for module `\_90_macc'.
Generating RTLIL representation for module `\_90_alumacc'.
Generating RTLIL representation for module `$__div_mod_u'.
Generating RTLIL representation for module `$__div_mod_trunc'.
Generating RTLIL representation for module `\_90_div'.
Generating RTLIL representation for module `\_90_mod'.
Generating RTLIL representation for module `$__div_mod_floor'.
Generating RTLIL representation for module `\_90_divfloor'.
Generating RTLIL representation for module `\_90_modfloor'.
Generating RTLIL representation for module `\_90_pow'.
Generating RTLIL representation for module `\_90_demux'.
Generating RTLIL representation for module `\_90_lut'.
Generating RTLIL representation for module `$connect'.
Generating RTLIL representation for module `$input_port'.
Successfully finished Verilog frontend.

4.20.2. Continuing TECHMAP pass.
Using extmapper simplemap for cells of type $dffe.
Using extmapper simplemap for cells of type $and.
Using extmapper simplemap for cells of type $not.
Using extmapper simplemap for cells of type $mux.
Using template $paramod$44a13d10af618e7fbe7b9aad2f6151ffcee1e2fa\_90_alu for cells of type $alu.
Using extmapper simplemap for cells of type $pos.
Using template $paramod\_90_fa\WIDTH=32'00000000000000000000000000011110 for cells of type $fa.
Using template $paramod\_90_lcu_brent_kung\WIDTH=32'00000000000000000000000000011110 for cells of type $lcu.
Using extmapper simplemap for cells of type $xor.
Using extmapper simplemap for cells of type $or.
Using template $paramod$fbc7873bff55778c0b3173955b7e4bce1d9d6834\_90_alu for cells of type $alu.
Using extmapper simplemap for cells of type $reduce_and.
Using template $paramod$fc972a7a46956c1788f3cb5257b53c8f1df2d0cc\_90_alu for cells of type $alu.
Using extmapper simplemap for cells of type $dff.
Using template $paramod$constmap:6111415c3ecfd9bb520e2072bfee38e7d8bfb139$paramod$335cfd09f1afa8139c4aafcbbe5f361887b79c5e\_90_shift_ops_shr_shl_sshl_sshr for cells of type $shl.
Using template $paramod$constmap:6111415c3ecfd9bb520e2072bfee38e7d8bfb139$paramod$feecc7a0dbd012970970f2858f15e786e251f677\_90_shift_ops_shr_shl_sshl_sshr for cells of type $shr.
Using template $paramod$constmap:6111415c3ecfd9bb520e2072bfee38e7d8bfb139$paramod$e765c459d3029c22a22a27989e94858fd9ebfa9c\_90_shift_ops_shr_shl_sshl_sshr for cells of type $sshr.
Using extmapper simplemap for cells of type $logic_and.
Using extmapper simplemap for cells of type $pmux.
Using extmapper simplemap for cells of type $eq.
Using template $paramod\_90_fa\WIDTH=32'00000000000000000000000000000001 for cells of type $fa.
Using template $paramod\_90_lcu_brent_kung\WIDTH=32'00000000000000000000000000000001 for cells of type $lcu.
Using template $paramod\_90_fa\WIDTH=32'00000000000000000000000000100000 for cells of type $fa.
Using template $paramod\_90_lcu_brent_kung\WIDTH=32'00000000000000000000000000100000 for cells of type $lcu.
Using template $paramod$175e67c02b86e96b1288b9dc100122520d7240d8\_90_alu for cells of type $alu.
Using extmapper simplemap for cells of type $adffe.
Using extmapper simplemap for cells of type $adff.
Using template $paramod\_90_fa\WIDTH=32'00000000000000000000000000000010 for cells of type $fa.
Using template $paramod\_90_lcu_brent_kung\WIDTH=32'00000000000000000000000000000010 for cells of type $lcu.
No more expansions possible.
<suppressed ~4161 debug messages>

4.21. Executing OPT pass (performing simple optimizations).

4.21.1. Executing OPT_EXPR pass (perform const folding).
Optimizing module $paramod$fd0170a58924e6d7b2131d4623b428d1d1232fac\warp_scheduler.
<suppressed ~21 debug messages>
Optimizing module $paramod$c340cd9ddb594af487b68a1f41f357874e13cce6\simt_execution_core.
<suppressed ~2384 debug messages>
Optimizing module $paramod\pc_update_unit\PC_WIDTH=s32'00000000000000000000000000100000.
<suppressed ~257 debug messages>
Optimizing module $paramod$bbdd970d5e9d5db000ca33c4cf0f699d1c916bbb\inst_mem.
Optimizing module $paramod$20f9d1ebf2d220d6d149ed1f156499717425796a\fetch_decode_unit.
Optimizing module $paramod$b2a1694e054de7dfdcdbcd4b1356480af6859439\data_mem.
Optimizing module gpu_top.

4.21.2. Executing OPT_MERGE pass (detect identical cells).
Finding identical cells in module `$paramod$fd0170a58924e6d7b2131d4623b428d1d1232fac\warp_scheduler'.
Computing hashes of 111 cells of `$paramod$fd0170a58924e6d7b2131d4623b428d1d1232fac\warp_scheduler'.
Finding duplicate cells in `$paramod$fd0170a58924e6d7b2131d4623b428d1d1232fac\warp_scheduler'.
Computing hashes of 109 cells of `$paramod$fd0170a58924e6d7b2131d4623b428d1d1232fac\warp_scheduler'.
Finding duplicate cells in `$paramod$fd0170a58924e6d7b2131d4623b428d1d1232fac\warp_scheduler'.
<suppressed ~6 debug messages>
Finding identical cells in module `$paramod$c340cd9ddb594af487b68a1f41f357874e13cce6\simt_execution_core'.
Computing hashes of 13813 cells of `$paramod$c340cd9ddb594af487b68a1f41f357874e13cce6\simt_execution_core'.
Finding duplicate cells in `$paramod$c340cd9ddb594af487b68a1f41f357874e13cce6\simt_execution_core'.
Computing hashes of 13192 cells of `$paramod$c340cd9ddb594af487b68a1f41f357874e13cce6\simt_execution_core'.
Finding duplicate cells in `$paramod$c340cd9ddb594af487b68a1f41f357874e13cce6\simt_execution_core'.
Computing hashes of 13018 cells of `$paramod$c340cd9ddb594af487b68a1f41f357874e13cce6\simt_execution_core'.
Finding duplicate cells in `$paramod$c340cd9ddb594af487b68a1f41f357874e13cce6\simt_execution_core'.
Computing hashes of 12900 cells of `$paramod$c340cd9ddb594af487b68a1f41f357874e13cce6\simt_execution_core'.
Finding duplicate cells in `$paramod$c340cd9ddb594af487b68a1f41f357874e13cce6\simt_execution_core'.
Computing hashes of 12825 cells of `$paramod$c340cd9ddb594af487b68a1f41f357874e13cce6\simt_execution_core'.
Finding duplicate cells in `$paramod$c340cd9ddb594af487b68a1f41f357874e13cce6\simt_execution_core'.
Computing hashes of 12821 cells of `$paramod$c340cd9ddb594af487b68a1f41f357874e13cce6\simt_execution_core'.
Finding duplicate cells in `$paramod$c340cd9ddb594af487b68a1f41f357874e13cce6\simt_execution_core'.
<suppressed ~2976 debug messages>
Finding identical cells in module `$paramod\pc_update_unit\PC_WIDTH=s32'00000000000000000000000000100000'.
Computing hashes of 143 cells of `$paramod\pc_update_unit\PC_WIDTH=s32'00000000000000000000000000100000'.
Finding duplicate cells in `$paramod\pc_update_unit\PC_WIDTH=s32'00000000000000000000000000100000'.
Computing hashes of 142 cells of `$paramod\pc_update_unit\PC_WIDTH=s32'00000000000000000000000000100000'.
Finding duplicate cells in `$paramod\pc_update_unit\PC_WIDTH=s32'00000000000000000000000000100000'.
<suppressed ~3 debug messages>
Finding identical cells in module `$paramod$bbdd970d5e9d5db000ca33c4cf0f699d1c916bbb\inst_mem'.
Computing hashes of 5 cells of `$paramod$bbdd970d5e9d5db000ca33c4cf0f699d1c916bbb\inst_mem'.
Finding duplicate cells in `$paramod$bbdd970d5e9d5db000ca33c4cf0f699d1c916bbb\inst_mem'.
Finding identical cells in module `$paramod$20f9d1ebf2d220d6d149ed1f156499717425796a\fetch_decode_unit'.
Computing hashes of 0 cells of `$paramod$20f9d1ebf2d220d6d149ed1f156499717425796a\fetch_decode_unit'.
Finding duplicate cells in `$paramod$20f9d1ebf2d220d6d149ed1f156499717425796a\fetch_decode_unit'.
Finding identical cells in module `$paramod$b2a1694e054de7dfdcdbcd4b1356480af6859439\data_mem'.
Computing hashes of 8532 cells of `$paramod$b2a1694e054de7dfdcdbcd4b1356480af6859439\data_mem'.
Finding duplicate cells in `$paramod$b2a1694e054de7dfdcdbcd4b1356480af6859439\data_mem'.
Finding identical cells in module `\gpu_top'.
Computing hashes of 6 cells of `\gpu_top'.
Finding duplicate cells in `\gpu_top'.
Removed a total of 995 cells.

4.21.3. Executing OPT_DFF pass (perform DFF optimizations).

4.21.4. Executing OPT_CLEAN pass (remove unused cells and wires).
Finding unused cells or wires in module $paramod$fd0170a58924e6d7b2131d4623b428d1d1232fac\warp_scheduler..
Finding unused cells or wires in module $paramod$c340cd9ddb594af487b68a1f41f357874e13cce6\simt_execution_core..
Finding unused cells or wires in module $paramod\pc_update_unit\PC_WIDTH=s32'00000000000000000000000000100000..
Finding unused cells or wires in module $paramod$bbdd970d5e9d5db000ca33c4cf0f699d1c916bbb\inst_mem..
Finding unused cells or wires in module $paramod$20f9d1ebf2d220d6d149ed1f156499717425796a\fetch_decode_unit..
Finding unused cells or wires in module $paramod$b2a1694e054de7dfdcdbcd4b1356480af6859439\data_mem..
Finding unused cells or wires in module \gpu_top..
Removed 96 unused cells and 2038 unused wires.
<suppressed ~99 debug messages>

4.21.5. Finished fast OPT passes.

4.22. Executing ABC pass (technology mapping using ABC).

4.22.1. Extracting gate netlist of module `$paramod$fd0170a58924e6d7b2131d4623b428d1d1232fac\warp_scheduler' to `<abc-temp-dir>/input.blif'..

4.22.1.1. Executed ABC.
Extracted 40 gates and 109 wires to a netlist network with 68 inputs and 36 outputs.
Running ABC script: <abc-temp-dir>/abc.script
ABC: ======== ABC command line "source <abc-temp-dir>/abc.script"
ABC: + read_blif <abc-temp-dir>/input.blif 
ABC: + read_library <abc-temp-dir>/stdcells.genlib 
ABC: + strash 
ABC: + &get -n 
ABC: + &fraig -x 
ABC: + &put 
ABC: + scorr 
ABC: Warning: The network is combinational (run "fraig" or "fraig_sweep").
ABC: + dc2 
ABC: + dretime 
ABC: + strash 
ABC: + &get -n 
ABC: + &dch -f 
ABC: + &nf 
ABC: + &put 
ABC: + write_blif <abc-temp-dir>/output.blif 

4.22.1.2. Re-integrating ABC results.
ABC RESULTS:               AND cells:        1
ABC RESULTS:            ANDNOT cells:        2
ABC RESULTS:               MUX cells:       32
ABC RESULTS:               NOT cells:        1
ABC RESULTS:        internal signals:        5
ABC RESULTS:           input signals:       68
ABC RESULTS:          output signals:       36
Removing temp directory.

4.22.2. Extracting gate netlist of module `$paramod$c340cd9ddb594af487b68a1f41f357874e13cce6\simt_execution_core' to `<abc-temp-dir>/input.blif'..

4.22.2.1. Executed ABC.
Extracted 10455 gates and 12782 wires to a netlist network with 2326 inputs and 448 outputs.
Running ABC script: <abc-temp-dir>/abc.script
ABC: ======== ABC command line "source <abc-temp-dir>/abc.script"
ABC: + read_blif <abc-temp-dir>/input.blif 
ABC: + read_library <abc-temp-dir>/stdcells.genlib 
ABC: + strash 
ABC: + &get -n 
ABC: + &fraig -x 
ABC: + &put 
ABC: + scorr 
ABC: Warning: The network is combinational (run "fraig" or "fraig_sweep").
ABC: + dc2 
ABC: + dretime 
ABC: + strash 
ABC: + &get -n 
ABC: + &dch -f 
ABC: + &nf 
ABC: + &put 
ABC: + write_blif <abc-temp-dir>/output.blif 

4.22.2.2. Re-integrating ABC results.
ABC RESULTS:               AND cells:     2555
ABC RESULTS:            ANDNOT cells:      373
ABC RESULTS:               MUX cells:     3727
ABC RESULTS:              NAND cells:     2864
ABC RESULTS:               NOR cells:      295
ABC RESULTS:               NOT cells:       26
ABC RESULTS:                OR cells:      978
ABC RESULTS:             ORNOT cells:      834
ABC RESULTS:              XNOR cells:      123
ABC RESULTS:               XOR cells:      138
ABC RESULTS:        internal signals:    10008
ABC RESULTS:           input signals:     2326
ABC RESULTS:          output signals:      448
Removing temp directory.

4.22.3. Extracting gate netlist of module `$paramod\pc_update_unit\PC_WIDTH=s32'00000000000000000000000000100000' to `<abc-temp-dir>/input.blif'..

4.22.3.1. Executed ABC.
Extracted 111 gates and 176 wires to a netlist network with 65 inputs and 32 outputs.
Running ABC script: <abc-temp-dir>/abc.script
ABC: ======== ABC command line "source <abc-temp-dir>/abc.script"
ABC: + read_blif <abc-temp-dir>/input.blif 
ABC: + read_library <abc-temp-dir>/stdcells.genlib 
ABC: + strash 
ABC: + &get -n 
ABC: + &fraig -x 
ABC: + &put 
ABC: + scorr 
ABC: Warning: The network is combinational (run "fraig" or "fraig_sweep").
ABC: + dc2 
ABC: + dretime 
ABC: + strash 
ABC: + &get -n 
ABC: + &dch -f 
ABC: + &nf 
ABC: + &put 
ABC: + write_blif <abc-temp-dir>/output.blif 

4.22.3.2. Re-integrating ABC results.
ABC RESULTS:               AND cells:       27
ABC RESULTS:               MUX cells:       32
ABC RESULTS:              NAND cells:        1
ABC RESULTS:               NOT cells:        1
ABC RESULTS:              XNOR cells:        1
ABC RESULTS:               XOR cells:       28
ABC RESULTS:        internal signals:       79
ABC RESULTS:           input signals:       65
ABC RESULTS:          output signals:       32
Removing temp directory.

4.22.4. Extracting gate netlist of module `$paramod$bbdd970d5e9d5db000ca33c4cf0f699d1c916bbb\inst_mem' to `<abc-temp-dir>/input.blif'..

4.22.4.1. Executed ABC.
Extracted 5 gates and 11 wires to a netlist network with 5 inputs and 5 outputs.
Running ABC script: <abc-temp-dir>/abc.script
ABC: ======== ABC command line "source <abc-temp-dir>/abc.script"
ABC: + read_blif <abc-temp-dir>/input.blif 
ABC: + read_library <abc-temp-dir>/stdcells.genlib 
ABC: + strash 
ABC: + &get -n 
ABC: + &fraig -x 
ABC: + &put 
ABC: + scorr 
ABC: Warning: The network is combinational (run "fraig" or "fraig_sweep").
ABC: + dc2 
ABC: + dretime 
ABC: + strash 
ABC: + &get -n 
ABC: + &dch -f 
ABC: + &nf 
ABC: + &put 
ABC: + write_blif <abc-temp-dir>/output.blif 

4.22.4.2. Re-integrating ABC results.
ABC RESULTS:            ANDNOT cells:        4
ABC RESULTS:               NOT cells:        1
ABC RESULTS:        internal signals:        1
ABC RESULTS:           input signals:        5
ABC RESULTS:          output signals:        5
Removing temp directory.

4.22.5. Extracting gate netlist of module `$paramod$20f9d1ebf2d220d6d149ed1f156499717425796a\fetch_decode_unit' to `<abc-temp-dir>/input.blif'..

4.22.5.1. Executed ABC.
Extracted 0 gates and 0 wires to a netlist network with 0 inputs and 0 outputs.
Don't call ABC as there is nothing to map.
Removing temp directory.

4.22.6. Extracting gate netlist of module `$paramod$b2a1694e054de7dfdcdbcd4b1356480af6859439\data_mem' to `<abc-temp-dir>/input.blif'..

4.22.6.1. Executed ABC.
Extracted 4308 gates and 8425 wires to a netlist network with 4117 inputs and 256 outputs.
Running ABC script: <abc-temp-dir>/abc.script
ABC: ======== ABC command line "source <abc-temp-dir>/abc.script"
ABC: + read_blif <abc-temp-dir>/input.blif 
ABC: + read_library <abc-temp-dir>/stdcells.genlib 
ABC: + strash 
ABC: + &get -n 
ABC: + &fraig -x 
ABC: + &put 
ABC: + scorr 
ABC: Warning: The network is combinational (run "fraig" or "fraig_sweep").
ABC: + dc2 
ABC: + dretime 
ABC: + strash 
ABC: + &get -n 
ABC: + &dch -f 
ABC: + &nf 
ABC: + &put 
ABC: + write_blif <abc-temp-dir>/output.blif 

4.22.6.2. Re-integrating ABC results.
ABC RESULTS:               AND cells:     2984
ABC RESULTS:            ANDNOT cells:       32
ABC RESULTS:              NAND cells:     6272
ABC RESULTS:               NOR cells:        8
ABC RESULTS:        internal signals:     4052
ABC RESULTS:           input signals:     4117
ABC RESULTS:          output signals:      256
Removing temp directory.

4.22.7. Extracting gate netlist of module `\gpu_top' to `<abc-temp-dir>/input.blif'..

4.22.7.1. Executed ABC.
Extracted 0 gates and 0 wires to a netlist network with 0 inputs and 0 outputs.
Don't call ABC as there is nothing to map.
Removing temp directory.
Removing global temp directory.

4.23. Executing OPT pass (performing simple optimizations).

4.23.1. Executing OPT_EXPR pass (perform const folding).
Optimizing module $paramod$fd0170a58924e6d7b2131d4623b428d1d1232fac\warp_scheduler.
Optimizing module $paramod$c340cd9ddb594af487b68a1f41f357874e13cce6\simt_execution_core.
<suppressed ~357 debug messages>
Optimizing module $paramod\pc_update_unit\PC_WIDTH=s32'00000000000000000000000000100000.
Optimizing module $paramod$bbdd970d5e9d5db000ca33c4cf0f699d1c916bbb\inst_mem.
Optimizing module $paramod$20f9d1ebf2d220d6d149ed1f156499717425796a\fetch_decode_unit.
Optimizing module $paramod$b2a1694e054de7dfdcdbcd4b1356480af6859439\data_mem.
Optimizing module gpu_top.

4.23.2. Executing OPT_MERGE pass (detect identical cells).
Finding identical cells in module `$paramod$fd0170a58924e6d7b2131d4623b428d1d1232fac\warp_scheduler'.
Computing hashes of 102 cells of `$paramod$fd0170a58924e6d7b2131d4623b428d1d1232fac\warp_scheduler'.
Finding duplicate cells in `$paramod$fd0170a58924e6d7b2131d4623b428d1d1232fac\warp_scheduler'.
Finding identical cells in module `$paramod$c340cd9ddb594af487b68a1f41f357874e13cce6\simt_execution_core'.
Computing hashes of 14217 cells of `$paramod$c340cd9ddb594af487b68a1f41f357874e13cce6\simt_execution_core'.
Finding duplicate cells in `$paramod$c340cd9ddb594af487b68a1f41f357874e13cce6\simt_execution_core'.
Finding identical cells in module `$paramod\pc_update_unit\PC_WIDTH=s32'00000000000000000000000000100000'.
Computing hashes of 90 cells of `$paramod\pc_update_unit\PC_WIDTH=s32'00000000000000000000000000100000'.
Finding duplicate cells in `$paramod\pc_update_unit\PC_WIDTH=s32'00000000000000000000000000100000'.
Finding identical cells in module `$paramod$bbdd970d5e9d5db000ca33c4cf0f699d1c916bbb\inst_mem'.
Computing hashes of 5 cells of `$paramod$bbdd970d5e9d5db000ca33c4cf0f699d1c916bbb\inst_mem'.
Finding duplicate cells in `$paramod$bbdd970d5e9d5db000ca33c4cf0f699d1c916bbb\inst_mem'.
Finding identical cells in module `$paramod$20f9d1ebf2d220d6d149ed1f156499717425796a\fetch_decode_unit'.
Computing hashes of 0 cells of `$paramod$20f9d1ebf2d220d6d149ed1f156499717425796a\fetch_decode_unit'.
Finding duplicate cells in `$paramod$20f9d1ebf2d220d6d149ed1f156499717425796a\fetch_decode_unit'.
Finding identical cells in module `$paramod$b2a1694e054de7dfdcdbcd4b1356480af6859439\data_mem'.
Computing hashes of 13520 cells of `$paramod$b2a1694e054de7dfdcdbcd4b1356480af6859439\data_mem'.
Finding duplicate cells in `$paramod$b2a1694e054de7dfdcdbcd4b1356480af6859439\data_mem'.
Finding identical cells in module `\gpu_top'.
Computing hashes of 6 cells of `\gpu_top'.
Finding duplicate cells in `\gpu_top'.
Removed a total of 0 cells.

4.23.3. Executing OPT_DFF pass (perform DFF optimizations).

4.23.4. Executing OPT_CLEAN pass (remove unused cells and wires).
Finding unused cells or wires in module $paramod$fd0170a58924e6d7b2131d4623b428d1d1232fac\warp_scheduler..
Finding unused cells or wires in module $paramod$c340cd9ddb594af487b68a1f41f357874e13cce6\simt_execution_core..
Finding unused cells or wires in module $paramod\pc_update_unit\PC_WIDTH=s32'00000000000000000000000000100000..
Finding unused cells or wires in module $paramod$bbdd970d5e9d5db000ca33c4cf0f699d1c916bbb\inst_mem..
Finding unused cells or wires in module $paramod$20f9d1ebf2d220d6d149ed1f156499717425796a\fetch_decode_unit..
Finding unused cells or wires in module $paramod$b2a1694e054de7dfdcdbcd4b1356480af6859439\data_mem..
Finding unused cells or wires in module \gpu_top..
Removed 0 unused cells and 10077 unused wires.
<suppressed ~5 debug messages>

4.23.5. Finished fast OPT passes.

4.24. Executing HIERARCHY pass (managing design hierarchy).
Attribute `top' found on module `gpu_top'. Setting top module to gpu_top.

4.24.1. Analyzing design hierarchy..
Top module:  \gpu_top
Used module:     $paramod$b2a1694e054de7dfdcdbcd4b1356480af6859439\data_mem
Used module:     $paramod$20f9d1ebf2d220d6d149ed1f156499717425796a\fetch_decode_unit
Used module:     $paramod$bbdd970d5e9d5db000ca33c4cf0f699d1c916bbb\inst_mem
Used module:     $paramod\pc_update_unit\PC_WIDTH=s32'00000000000000000000000000100000
Used module:     $paramod$c340cd9ddb594af487b68a1f41f357874e13cce6\simt_execution_core
Used module:     $paramod$fd0170a58924e6d7b2131d4623b428d1d1232fac\warp_scheduler

4.24.2. Analyzing design hierarchy..
Top module:  \gpu_top
Used module:     $paramod$b2a1694e054de7dfdcdbcd4b1356480af6859439\data_mem
Used module:     $paramod$20f9d1ebf2d220d6d149ed1f156499717425796a\fetch_decode_unit
Used module:     $paramod$bbdd970d5e9d5db000ca33c4cf0f699d1c916bbb\inst_mem
Used module:     $paramod\pc_update_unit\PC_WIDTH=s32'00000000000000000000000000100000
Used module:     $paramod$c340cd9ddb594af487b68a1f41f357874e13cce6\simt_execution_core
Used module:     $paramod$fd0170a58924e6d7b2131d4623b428d1d1232fac\warp_scheduler
Removed 0 unused modules.

4.25. Printing statistics.

=== $paramod$fd0170a58924e6d7b2131d4623b428d1d1232fac\warp_scheduler ===

        +----------Local Count, excluding submodules.
        | 
       13 wires
      141 wire bits
       10 public wires
      137 public wire bits
        7 ports
       71 port bits
      102 cells
        2   $_ANDNOT_
        1   $_AND_
       64   $_DFFE_PN0P_
        2   $_DFF_PN0_
       32   $_MUX_
        1   $_NOT_

=== $paramod$c340cd9ddb594af487b68a1f41f357874e13cce6\simt_execution_core ===

        +----------Local Count, excluding submodules.
        | 
    11638 wires
    14709 wire bits
      101 public wires
     2924 public wire bits
       13 ports
      444 port bits
    14217 cells
      373   $_ANDNOT_
     2555   $_AND_
     2048   $_DFFE_PP_
      256   $_DFF_P_
     3727   $_MUX_
     2864   $_NAND_
      295   $_NOR_
       26   $_NOT_
      834   $_ORNOT_
      978   $_OR_
      123   $_XNOR_
      138   $_XOR_

=== $paramod\pc_update_unit\PC_WIDTH=s32'00000000000000000000000000100000 ===

        +----------Local Count, excluding submodules.
        | 
       65 wires
      189 wire bits
        7 public wires
      131 public wire bits
        6 ports
       99 port bits
       90 cells
       27   $_AND_
       32   $_MUX_
        1   $_NAND_
        1   $_NOT_
        1   $_XNOR_
       28   $_XOR_

=== $paramod$bbdd970d5e9d5db000ca33c4cf0f699d1c916bbb\inst_mem ===

        +----------Local Count, excluding submodules.
        | 
        3 wires
       69 wire bits
        3 public wires
       69 public wire bits
        2 ports
       64 port bits
        5 cells
        4   $_ANDNOT_
        1   $_NOT_

=== $paramod$20f9d1ebf2d220d6d149ed1f156499717425796a\fetch_decode_unit ===

        +----------Local Count, excluding submodules.
        | 
       12 wires
      122 wire bits
       12 public wires
      122 public wire bits
       12 ports
      122 port bits

=== $paramod$b2a1694e054de7dfdcdbcd4b1356480af6859439\data_mem ===

        +----------Local Count, excluding submodules.
        | 
     9309 wires
    13798 wire bits
      137 public wires
     4502 public wire bits
        5 ports
      386 port bits
    13520 cells
       32   $_ANDNOT_
     2984   $_AND_
      128   $_DFFE_PN_
     4096   $_DFFE_PP_
     6272   $_NAND_
        8   $_NOR_

=== gpu_top ===

        +----------Local Count, excluding submodules.
        | 
       24 wires
      643 wire bits
       24 public wires
      643 public wire bits
        5 ports
       68 port bits
        6 submodules
        1   $paramod$20f9d1ebf2d220d6d149ed1f156499717425796a\fetch_decode_unit
        1   $paramod$b2a1694e054de7dfdcdbcd4b1356480af6859439\data_mem
        1   $paramod$bbdd970d5e9d5db000ca33c4cf0f699d1c916bbb\inst_mem
        1   $paramod$c340cd9ddb594af487b68a1f41f357874e13cce6\simt_execution_core
        1   $paramod$fd0170a58924e6d7b2131d4623b428d1d1232fac\warp_scheduler
        1   $paramod\pc_update_unit\PC_WIDTH=s32'00000000000000000000000000100000

=== design hierarchy ===

        +----------Count including submodules.
        | 
    27934 gpu_top
    13520 $paramod$b2a1694e054de7dfdcdbcd4b1356480af6859439\data_mem
        5 $paramod$bbdd970d5e9d5db000ca33c4cf0f699d1c916bbb\inst_mem
    14217 $paramod$c340cd9ddb594af487b68a1f41f357874e13cce6\simt_execution_core
      102 $paramod$fd0170a58924e6d7b2131d4623b428d1d1232fac\warp_scheduler
       90 $paramod\pc_update_unit\PC_WIDTH=s32'00000000000000000000000000100000

        +----------Count including submodules.
        | 
    21064 wires
    29671 wire bits
      294 public wires
     8528 public wire bits
       50 ports
     1254 port bits
        - memories
        - memory bits
        - processes
    27934 cells
      411   $_ANDNOT_
     5567   $_AND_
       64   $_DFFE_PN0P_
      128   $_DFFE_PN_
     6144   $_DFFE_PP_
        2   $_DFF_PN0_
      256   $_DFF_P_
     3791   $_MUX_
     9137   $_NAND_
      303   $_NOR_
       29   $_NOT_
      834   $_ORNOT_
      978   $_OR_
      124   $_XNOR_
      166   $_XOR_
        6 submodules
        1   $paramod$20f9d1ebf2d220d6d149ed1f156499717425796a\fetch_decode_unit
        1   $paramod$b2a1694e054de7dfdcdbcd4b1356480af6859439\data_mem
        1   $paramod$bbdd970d5e9d5db000ca33c4cf0f699d1c916bbb\inst_mem
        1   $paramod$c340cd9ddb594af487b68a1f41f357874e13cce6\simt_execution_core
        1   $paramod$fd0170a58924e6d7b2131d4623b428d1d1232fac\warp_scheduler
        1   $paramod\pc_update_unit\PC_WIDTH=s32'00000000000000000000000000100000

4.26. Executing CHECK pass (checking for obvious problems).
Checking module $paramod$fd0170a58924e6d7b2131d4623b428d1d1232fac\warp_scheduler...
Checking module $paramod$c340cd9ddb594af487b68a1f41f357874e13cce6\simt_execution_core...
Checking module $paramod\pc_update_unit\PC_WIDTH=s32'00000000000000000000000000100000...
Checking module $paramod$bbdd970d5e9d5db000ca33c4cf0f699d1c916bbb\inst_mem...
Checking module $paramod$20f9d1ebf2d220d6d149ed1f156499717425796a\fetch_decode_unit...
Checking module $paramod$b2a1694e054de7dfdcdbcd4b1356480af6859439\data_mem...
Checking module gpu_top...
Found and reported 0 problems.

5. Executing OPT_CLEAN pass (remove unused cells and wires).
Finding unused cells or wires in module $paramod$fd0170a58924e6d7b2131d4623b428d1d1232fac\warp_scheduler..
Finding unused cells or wires in module $paramod$c340cd9ddb594af487b68a1f41f357874e13cce6\simt_execution_core..
Finding unused cells or wires in module $paramod\pc_update_unit\PC_WIDTH=s32'00000000000000000000000000100000..
Finding unused cells or wires in module $paramod$bbdd970d5e9d5db000ca33c4cf0f699d1c916bbb\inst_mem..
Finding unused cells or wires in module $paramod$20f9d1ebf2d220d6d149ed1f156499717425796a\fetch_decode_unit..
Finding unused cells or wires in module $paramod$b2a1694e054de7dfdcdbcd4b1356480af6859439\data_mem..
Finding unused cells or wires in module \gpu_top..
Removed 0 unused cells and 33 unused wires.
<suppressed ~33 debug messages>

6. Printing statistics.

=== $paramod$fd0170a58924e6d7b2131d4623b428d1d1232fac\warp_scheduler ===

        +----------Local Count, excluding submodules.
        | 
       12 wires
      139 wire bits
        9 public wires
      135 public wire bits
        7 ports
       71 port bits
      102 cells
        2   $_ANDNOT_
        1   $_AND_
       64   $_DFFE_PN0P_
        2   $_DFF_PN0_
       32   $_MUX_
        1   $_NOT_

=== $paramod$c340cd9ddb594af487b68a1f41f357874e13cce6\simt_execution_core ===

        +----------Local Count, excluding submodules.
        | 
    11617 wires
    14373 wire bits
       80 public wires
     2588 public wire bits
       13 ports
      444 port bits
    14217 cells
      373   $_ANDNOT_
     2555   $_AND_
     2048   $_DFFE_PP_
      256   $_DFF_P_
     3727   $_MUX_
     2864   $_NAND_
      295   $_NOR_
       26   $_NOT_
      834   $_ORNOT_
      978   $_OR_
      123   $_XNOR_
      138   $_XOR_

=== $paramod\pc_update_unit\PC_WIDTH=s32'00000000000000000000000000100000 ===

        +----------Local Count, excluding submodules.
        | 
       64 wires
      157 wire bits
        6 public wires
       99 public wire bits
        6 ports
       99 port bits
       90 cells
       27   $_AND_
       32   $_MUX_
        1   $_NAND_
        1   $_NOT_
        1   $_XNOR_
       28   $_XOR_

=== $paramod$bbdd970d5e9d5db000ca33c4cf0f699d1c916bbb\inst_mem ===

        +----------Local Count, excluding submodules.
        | 
        2 wires
       64 wire bits
        2 public wires
       64 public wire bits
        2 ports
       64 port bits
        5 cells
        4   $_ANDNOT_
        1   $_NOT_

=== $paramod$20f9d1ebf2d220d6d149ed1f156499717425796a\fetch_decode_unit ===

        +----------Local Count, excluding submodules.
        | 
       12 wires
      122 wire bits
       12 public wires
      122 public wire bits
       12 ports
      122 port bits

=== $paramod$b2a1694e054de7dfdcdbcd4b1356480af6859439\data_mem ===

        +----------Local Count, excluding submodules.
        | 
     9305 wires
    13778 wire bits
      133 public wires
     4482 public wire bits
        5 ports
      386 port bits
    13520 cells
       32   $_ANDNOT_
     2984   $_AND_
      128   $_DFFE_PN_
     4096   $_DFFE_PP_
     6272   $_NAND_
        8   $_NOR_

=== gpu_top ===

        +----------Local Count, excluding submodules.
        | 
       19 wires
      572 wire bits
       19 public wires
      572 public wire bits
        5 ports
       68 port bits
        6 submodules
        1   $paramod$20f9d1ebf2d220d6d149ed1f156499717425796a\fetch_decode_unit
        1   $paramod$b2a1694e054de7dfdcdbcd4b1356480af6859439\data_mem
        1   $paramod$bbdd970d5e9d5db000ca33c4cf0f699d1c916bbb\inst_mem
        1   $paramod$c340cd9ddb594af487b68a1f41f357874e13cce6\simt_execution_core
        1   $paramod$fd0170a58924e6d7b2131d4623b428d1d1232fac\warp_scheduler
        1   $paramod\pc_update_unit\PC_WIDTH=s32'00000000000000000000000000100000

=== design hierarchy ===

        +----------Count including submodules.
        | 
    27934 gpu_top
    13520 $paramod$b2a1694e054de7dfdcdbcd4b1356480af6859439\data_mem
        5 $paramod$bbdd970d5e9d5db000ca33c4cf0f699d1c916bbb\inst_mem
    14217 $paramod$c340cd9ddb594af487b68a1f41f357874e13cce6\simt_execution_core
      102 $paramod$fd0170a58924e6d7b2131d4623b428d1d1232fac\warp_scheduler
       90 $paramod\pc_update_unit\PC_WIDTH=s32'00000000000000000000000000100000

        +----------Count including submodules.
        | 
    21031 wires
    29205 wire bits
      261 public wires
     8062 public wire bits
       50 ports
     1254 port bits
        - memories
        - memory bits
        - processes
    27934 cells
      411   $_ANDNOT_
     5567   $_AND_
       64   $_DFFE_PN0P_
      128   $_DFFE_PN_
     6144   $_DFFE_PP_
        2   $_DFF_PN0_
      256   $_DFF_P_
     3791   $_MUX_
     9137   $_NAND_
      303   $_NOR_
       29   $_NOT_
      834   $_ORNOT_
      978   $_OR_
      124   $_XNOR_
      166   $_XOR_
        6 submodules
        1   $paramod$20f9d1ebf2d220d6d149ed1f156499717425796a\fetch_decode_unit
        1   $paramod$b2a1694e054de7dfdcdbcd4b1356480af6859439\data_mem
        1   $paramod$bbdd970d5e9d5db000ca33c4cf0f699d1c916bbb\inst_mem
        1   $paramod$c340cd9ddb594af487b68a1f41f357874e13cce6\simt_execution_core
        1   $paramod$fd0170a58924e6d7b2131d4623b428d1d1232fac\warp_scheduler
        1   $paramod\pc_update_unit\PC_WIDTH=s32'00000000000000000000000000100000

7. Executing Verilog backend.

7.1. Executing BMUXMAP pass.

7.2. Executing DEMUXMAP pass.
ERROR: No such command: puts (type 'help' for a command overview)
Dumping module `$paramod$20f9d1ebf2d220d6d149ed1f156499717425796a\fetch_decode_unit'.
Dumping module `$paramod$b2a1694e054de7dfdcdbcd4b1356480af6859439\data_mem'.
Dumping module `$paramod$bbdd970d5e9d5db000ca33c4cf0f699d1c916bbb\inst_mem'.
Dumping module `$paramod$c340cd9ddb594af487b68a1f41f357874e13cce6\simt_execution_core'.
Dumping module `$paramod$fd0170a58924e6d7b2131d4623b428d1d1232fac\warp_scheduler'.
Dumping module `$paramod\pc_update_unit\PC_WIDTH=s32'00000000000000000000000000100000'.
Dumping module `\gpu_top'.
