
 /----------------------------------------------------------------------------\
 |  yosys -- Yosys Open SYnthesis Suite                                       |
 |  Copyright (C) 2012 - 2026  Claire Xenia Wolf <claire@yosyshq.com>         |
 |  Distributed under an ISC-like license, type "license" to see terms        |
 \----------------------------------------------------------------------------/
 Yosys 0.69+post (git sha1 143eb14f9cc55d6f8927e68523b0c9d2166ed02c, Release, AppleClang clang++ 21.0.0.21000101)

-- Executing script file `synth.tcl' --

1. Executing Verilog-2005 frontend: gpu_top.sv
Parsing SystemVerilog input from `gpu_top.sv' to AST representation.
Generating RTLIL representation for module `\data_mem'.
Generating RTLIL representation for module `\fetch_decode_unit'.
Generating RTLIL representation for module `\inst_mem'.
Generating RTLIL representation for module `\pc_update_unit'.
Generating RTLIL representation for module `\simt_execution_core'.
Warning: Replacing memory \lane[31].reg_file with list of registers. See simt_execution_core.sv:75
Warning: Replacing memory \lane[30].reg_file with list of registers. See simt_execution_core.sv:75
Warning: Replacing memory \lane[29].reg_file with list of registers. See simt_execution_core.sv:75
Warning: Replacing memory \lane[28].reg_file with list of registers. See simt_execution_core.sv:75
Warning: Replacing memory \lane[27].reg_file with list of registers. See simt_execution_core.sv:75
Warning: Replacing memory \lane[26].reg_file with list of registers. See simt_execution_core.sv:75
Warning: Replacing memory \lane[25].reg_file with list of registers. See simt_execution_core.sv:75
Warning: Replacing memory \lane[24].reg_file with list of registers. See simt_execution_core.sv:75
Warning: Replacing memory \lane[23].reg_file with list of registers. See simt_execution_core.sv:75
Warning: Replacing memory \lane[22].reg_file with list of registers. See simt_execution_core.sv:75
Warning: Replacing memory \lane[21].reg_file with list of registers. See simt_execution_core.sv:75
Warning: Replacing memory \lane[20].reg_file with list of registers. See simt_execution_core.sv:75
Warning: Replacing memory \lane[19].reg_file with list of registers. See simt_execution_core.sv:75
Warning: Replacing memory \lane[18].reg_file with list of registers. See simt_execution_core.sv:75
Warning: Replacing memory \lane[17].reg_file with list of registers. See simt_execution_core.sv:75
Warning: Replacing memory \lane[16].reg_file with list of registers. See simt_execution_core.sv:75
Warning: Replacing memory \lane[15].reg_file with list of registers. See simt_execution_core.sv:75
Warning: Replacing memory \lane[14].reg_file with list of registers. See simt_execution_core.sv:75
Warning: Replacing memory \lane[13].reg_file with list of registers. See simt_execution_core.sv:75
Warning: Replacing memory \lane[12].reg_file with list of registers. See simt_execution_core.sv:75
Warning: Replacing memory \lane[11].reg_file with list of registers. See simt_execution_core.sv:75
Warning: Replacing memory \lane[10].reg_file with list of registers. See simt_execution_core.sv:75
Warning: Replacing memory \lane[9].reg_file with list of registers. See simt_execution_core.sv:75
Warning: Replacing memory \lane[8].reg_file with list of registers. See simt_execution_core.sv:75
Warning: Replacing memory \lane[7].reg_file with list of registers. See simt_execution_core.sv:75
Warning: Replacing memory \lane[6].reg_file with list of registers. See simt_execution_core.sv:75
Warning: Replacing memory \lane[5].reg_file with list of registers. See simt_execution_core.sv:75
Warning: Replacing memory \lane[4].reg_file with list of registers. See simt_execution_core.sv:75
Warning: Replacing memory \lane[3].reg_file with list of registers. See simt_execution_core.sv:75
Warning: Replacing memory \lane[2].reg_file with list of registers. See simt_execution_core.sv:75
Warning: Replacing memory \lane[1].reg_file with list of registers. See simt_execution_core.sv:75
Warning: Replacing memory \lane[0].reg_file with list of registers. See simt_execution_core.sv:75
Generating RTLIL representation for module `\warp_scheduler'.
Warning: Replacing memory \pc_table with list of registers. See warp_scheduler.sv:22
Generating RTLIL representation for module `\gpu_top'.
Successfully finished Verilog frontend.

2. Executing HIERARCHY pass (managing design hierarchy).
Parameter \NUM_WARPS = 2
Parameter \NO_LANES = 4
Parameter \MEM_DEPTH = 32
Parameter \REGISTERS_PER_WARP = 8

3. Executing AST frontend in derive mode using pre-parsed AST for module `\gpu_top'.
Parameter \NUM_WARPS = 2
Parameter \NO_LANES = 4
Parameter \MEM_DEPTH = 32
Parameter \REGISTERS_PER_WARP = 8
Generating RTLIL representation for module `$paramod$97a892ab15a32c28f7f4862862616f313a548ef9\gpu_top'.

3.1. Analyzing design hierarchy..
Top module:  \gpu_top
Used module:     \data_mem
Used module:     \fetch_decode_unit
Used module:     \inst_mem
Used module:     \pc_update_unit
Used module:     \simt_execution_core
Used module:     \warp_scheduler
Parameter \DATA_WIDTH = 32
Parameter \MEM_DEPTH = 32
Parameter \NO_LANES = 4

3.2. Executing AST frontend in derive mode using pre-parsed AST for module `\data_mem'.
Parameter \DATA_WIDTH = 32
Parameter \MEM_DEPTH = 32
Parameter \NO_LANES = 4
Generating RTLIL representation for module `$paramod$b2a1694e054de7dfdcdbcd4b1356480af6859439\data_mem'.
Parameter \PC_WIDTH = 32
Parameter \INST_WIDTH = 32
Parameter \WARP_ID_WIDTH = 2

3.3. Executing AST frontend in derive mode using pre-parsed AST for module `\fetch_decode_unit'.
Parameter \PC_WIDTH = 32
Parameter \INST_WIDTH = 32
Parameter \WARP_ID_WIDTH = 2
Generating RTLIL representation for module `$paramod$20f9d1ebf2d220d6d149ed1f156499717425796a\fetch_decode_unit'.
Parameter \INST_WIDTH = 32
Parameter \PC_WIDTH = 32
Parameter \MEM_DEPTH = 32

3.4. Executing AST frontend in derive mode using pre-parsed AST for module `\inst_mem'.
Parameter \INST_WIDTH = 32
Parameter \PC_WIDTH = 32
Parameter \MEM_DEPTH = 32
Generating RTLIL representation for module `$paramod$bbdd970d5e9d5db000ca33c4cf0f699d1c916bbb\inst_mem'.
Parameter \PC_WIDTH = 32

3.5. Executing AST frontend in derive mode using pre-parsed AST for module `\pc_update_unit'.
Parameter \PC_WIDTH = 32
Generating RTLIL representation for module `$paramod\pc_update_unit\PC_WIDTH=s32'00000000000000000000000000100000'.
Parameter \NUM_WARPS = 2
Parameter \WARP_ID_WIDTH = 2
Parameter \NO_LANES = 4
Parameter \DATA_WIDTH = 32
Parameter \REG_ADDR_WIDTH = 5
Parameter \REGISTERS_PER_WARP = 8

3.6. Executing AST frontend in derive mode using pre-parsed AST for module `\simt_execution_core'.
Parameter \NUM_WARPS = 2
Parameter \WARP_ID_WIDTH = 2
Parameter \NO_LANES = 4
Parameter \DATA_WIDTH = 32
Parameter \REG_ADDR_WIDTH = 5
Parameter \REGISTERS_PER_WARP = 8
Generating RTLIL representation for module `$paramod$c340cd9ddb594af487b68a1f41f357874e13cce6\simt_execution_core'.
Warning: Replacing memory \lane[3].reg_file with list of registers. See simt_execution_core.sv:75
Warning: Replacing memory \lane[2].reg_file with list of registers. See simt_execution_core.sv:75
Warning: Replacing memory \lane[1].reg_file with list of registers. See simt_execution_core.sv:75
Warning: Replacing memory \lane[0].reg_file with list of registers. See simt_execution_core.sv:75
Parameter \NUM_WARPS = 2
Parameter \PC_WIDTH = 32

3.7. Executing AST frontend in derive mode using pre-parsed AST for module `\warp_scheduler'.
Parameter \NUM_WARPS = 2
Parameter \PC_WIDTH = 32
Generating RTLIL representation for module `$paramod$fd0170a58924e6d7b2131d4623b428d1d1232fac\warp_scheduler'.
Warning: Replacing memory \pc_table with list of registers. See warp_scheduler.sv:22

3.8. Analyzing design hierarchy..
Top module:  \gpu_top
Used module:     $paramod$b2a1694e054de7dfdcdbcd4b1356480af6859439\data_mem
Used module:     $paramod$20f9d1ebf2d220d6d149ed1f156499717425796a\fetch_decode_unit
Used module:     $paramod$bbdd970d5e9d5db000ca33c4cf0f699d1c916bbb\inst_mem
Used module:     $paramod\pc_update_unit\PC_WIDTH=s32'00000000000000000000000000100000
Used module:     $paramod$c340cd9ddb594af487b68a1f41f357874e13cce6\simt_execution_core
Used module:     $paramod$fd0170a58924e6d7b2131d4623b428d1d1232fac\warp_scheduler

3.9. Analyzing design hierarchy..
Top module:  \gpu_top
Used module:     $paramod$b2a1694e054de7dfdcdbcd4b1356480af6859439\data_mem
Used module:     $paramod$20f9d1ebf2d220d6d149ed1f156499717425796a\fetch_decode_unit
Used module:     $paramod$bbdd970d5e9d5db000ca33c4cf0f699d1c916bbb\inst_mem
Used module:     $paramod\pc_update_unit\PC_WIDTH=s32'00000000000000000000000000100000
Used module:     $paramod$c340cd9ddb594af487b68a1f41f357874e13cce6\simt_execution_core
Used module:     $paramod$fd0170a58924e6d7b2131d4623b428d1d1232fac\warp_scheduler
Removing unused module `$paramod$97a892ab15a32c28f7f4862862616f313a548ef9\gpu_top'.
Removing unused module `\warp_scheduler'.
Removing unused module `\simt_execution_core'.
Removing unused module `\pc_update_unit'.
Removing unused module `\inst_mem'.
Removing unused module `\fetch_decode_unit'.
Removing unused module `\data_mem'.
Removed 7 unused modules.

4. Executing SYNTH pass.

4.1. Executing HIERARCHY pass (managing design hierarchy).

4.1.1. Analyzing design hierarchy..
Top module:  \gpu_top
Used module:     $paramod$b2a1694e054de7dfdcdbcd4b1356480af6859439\data_mem
Used module:     $paramod$20f9d1ebf2d220d6d149ed1f156499717425796a\fetch_decode_unit
Used module:     $paramod$bbdd970d5e9d5db000ca33c4cf0f699d1c916bbb\inst_mem
Used module:     $paramod\pc_update_unit\PC_WIDTH=s32'00000000000000000000000000100000
Used module:     $paramod$c340cd9ddb594af487b68a1f41f357874e13cce6\simt_execution_core
Used module:     $paramod$fd0170a58924e6d7b2131d4623b428d1d1232fac\warp_scheduler

4.1.2. Analyzing design hierarchy..
Top module:  \gpu_top
Used module:     $paramod$b2a1694e054de7dfdcdbcd4b1356480af6859439\data_mem
Used module:     $paramod$20f9d1ebf2d220d6d149ed1f156499717425796a\fetch_decode_unit
Used module:     $paramod$bbdd970d5e9d5db000ca33c4cf0f699d1c916bbb\inst_mem
Used module:     $paramod\pc_update_unit\PC_WIDTH=s32'00000000000000000000000000100000
Used module:     $paramod$c340cd9ddb594af487b68a1f41f357874e13cce6\simt_execution_core
Used module:     $paramod$fd0170a58924e6d7b2131d4623b428d1d1232fac\warp_scheduler
Removed 0 unused modules.

4.2. Executing PROC pass (convert processes to netlists).

4.2.1. Executing PROC_CLEAN pass (remove empty switches from decision trees).
Cleaned up 0 empty switches.

4.2.2. Executing PROC_RMDEAD pass (remove dead branches from decision trees).
Removed 1 dead cases from process $proc$warp_scheduler.sv:38$2017 in module $paramod$fd0170a58924e6d7b2131d4623b428d1d1232fac\warp_scheduler.
Marked 1 switch rules as full_case in process $proc$warp_scheduler.sv:38$2017 in module $paramod$fd0170a58924e6d7b2131d4623b428d1d1232fac\warp_scheduler.
Marked 4 switch rules as full_case in process $proc$warp_scheduler.sv:19$2007 in module $paramod$fd0170a58924e6d7b2131d4623b428d1d1232fac\warp_scheduler.
Removed 1 dead cases from process $proc$simt_execution_core.sv:44$2000 in module $paramod$c340cd9ddb594af487b68a1f41f357874e13cce6\simt_execution_core.
Marked 1 switch rules as full_case in process $proc$simt_execution_core.sv:44$2000 in module $paramod$c340cd9ddb594af487b68a1f41f357874e13cce6\simt_execution_core.
Removed 1 dead cases from process $proc$simt_execution_core.sv:43$1995 in module $paramod$c340cd9ddb594af487b68a1f41f357874e13cce6\simt_execution_core.
Marked 1 switch rules as full_case in process $proc$simt_execution_core.sv:43$1995 in module $paramod$c340cd9ddb594af487b68a1f41f357874e13cce6\simt_execution_core.
Removed 1 dead cases from process $proc$simt_execution_core.sv:44$1990 in module $paramod$c340cd9ddb594af487b68a1f41f357874e13cce6\simt_execution_core.
Marked 1 switch rules as full_case in process $proc$simt_execution_core.sv:44$1990 in module $paramod$c340cd9ddb594af487b68a1f41f357874e13cce6\simt_execution_core.
Removed 1 dead cases from process $proc$simt_execution_core.sv:43$1985 in module $paramod$c340cd9ddb594af487b68a1f41f357874e13cce6\simt_execution_core.
Marked 1 switch rules as full_case in process $proc$simt_execution_core.sv:43$1985 in module $paramod$c340cd9ddb594af487b68a1f41f357874e13cce6\simt_execution_core.
Removed 1 dead cases from process $proc$simt_execution_core.sv:44$1980 in module $paramod$c340cd9ddb594af487b68a1f41f357874e13cce6\simt_execution_core.
Marked 1 switch rules as full_case in process $proc$simt_execution_core.sv:44$1980 in module $paramod$c340cd9ddb594af487b68a1f41f357874e13cce6\simt_execution_core.
Removed 1 dead cases from process $proc$simt_execution_core.sv:43$1975 in module $paramod$c340cd9ddb594af487b68a1f41f357874e13cce6\simt_execution_core.
Marked 1 switch rules as full_case in process $proc$simt_execution_core.sv:43$1975 in module $paramod$c340cd9ddb594af487b68a1f41f357874e13cce6\simt_execution_core.
Removed 1 dead cases from process $proc$simt_execution_core.sv:44$1970 in module $paramod$c340cd9ddb594af487b68a1f41f357874e13cce6\simt_execution_core.
Marked 1 switch rules as full_case in process $proc$simt_execution_core.sv:44$1970 in module $paramod$c340cd9ddb594af487b68a1f41f357874e13cce6\simt_execution_core.
Removed 1 dead cases from process $proc$simt_execution_core.sv:43$1965 in module $paramod$c340cd9ddb594af487b68a1f41f357874e13cce6\simt_execution_core.
Marked 1 switch rules as full_case in process $proc$simt_execution_core.sv:43$1965 in module $paramod$c340cd9ddb594af487b68a1f41f357874e13cce6\simt_execution_core.
Marked 3 switch rules as full_case in process $proc$simt_execution_core.sv:71$1948 in module $paramod$c340cd9ddb594af487b68a1f41f357874e13cce6\simt_execution_core.
Removed 1 dead cases from process $proc$simt_execution_core.sv:48$1928 in module $paramod$c340cd9ddb594af487b68a1f41f357874e13cce6\simt_execution_core.
Marked 1 switch rules as full_case in process $proc$simt_execution_core.sv:48$1928 in module $paramod$c340cd9ddb594af487b68a1f41f357874e13cce6\simt_execution_core.
Marked 3 switch rules as full_case in process $proc$simt_execution_core.sv:71$1911 in module $paramod$c340cd9ddb594af487b68a1f41f357874e13cce6\simt_execution_core.
Removed 1 dead cases from process $proc$simt_execution_core.sv:48$1891 in module $paramod$c340cd9ddb594af487b68a1f41f357874e13cce6\simt_execution_core.
Marked 1 switch rules as full_case in process $proc$simt_execution_core.sv:48$1891 in module $paramod$c340cd9ddb594af487b68a1f41f357874e13cce6\simt_execution_core.
Marked 3 switch rules as full_case in process $proc$simt_execution_core.sv:71$1874 in module $paramod$c340cd9ddb594af487b68a1f41f357874e13cce6\simt_execution_core.
Removed 1 dead cases from process $proc$simt_execution_core.sv:48$1854 in module $paramod$c340cd9ddb594af487b68a1f41f357874e13cce6\simt_execution_core.
Marked 1 switch rules as full_case in process $proc$simt_execution_core.sv:48$1854 in module $paramod$c340cd9ddb594af487b68a1f41f357874e13cce6\simt_execution_core.
Marked 3 switch rules as full_case in process $proc$simt_execution_core.sv:71$1837 in module $paramod$c340cd9ddb594af487b68a1f41f357874e13cce6\simt_execution_core.
Removed 1 dead cases from process $proc$simt_execution_core.sv:48$1817 in module $paramod$c340cd9ddb594af487b68a1f41f357874e13cce6\simt_execution_core.
Marked 1 switch rules as full_case in process $proc$simt_execution_core.sv:48$1817 in module $paramod$c340cd9ddb594af487b68a1f41f357874e13cce6\simt_execution_core.
Marked 1 switch rules as full_case in process $proc$inst_mem.sv:17$1802 in module $paramod$bbdd970d5e9d5db000ca33c4cf0f699d1c916bbb\inst_mem.
Marked 1 switch rules as full_case in process $proc$data_mem.sv:29$1793 in module $paramod$b2a1694e054de7dfdcdbcd4b1356480af6859439\data_mem.
Marked 1 switch rules as full_case in process $proc$data_mem.sv:29$1785 in module $paramod$b2a1694e054de7dfdcdbcd4b1356480af6859439\data_mem.
Marked 1 switch rules as full_case in process $proc$data_mem.sv:29$1777 in module $paramod$b2a1694e054de7dfdcdbcd4b1356480af6859439\data_mem.
Marked 1 switch rules as full_case in process $proc$data_mem.sv:29$1769 in module $paramod$b2a1694e054de7dfdcdbcd4b1356480af6859439\data_mem.
Removed a total of 13 dead cases.

4.2.3. Executing PROC_PRUNE pass (remove redundant assignments in processes).
Removed 1 redundant assignment.
Promoted 60 assignments to connections.

4.2.4. Executing PROC_INIT pass (extract init attributes).

4.2.5. Executing PROC_ARST pass (detect async resets in processes).
Found async reset \rstn in `$paramod$fd0170a58924e6d7b2131d4623b428d1d1232fac\warp_scheduler.$proc$warp_scheduler.sv:19$2007'.
Found async reset \rstn in `$paramod$c340cd9ddb594af487b68a1f41f357874e13cce6\simt_execution_core.$proc$simt_execution_core.sv:71$1948'.
Found async reset \rstn in `$paramod$c340cd9ddb594af487b68a1f41f357874e13cce6\simt_execution_core.$proc$simt_execution_core.sv:71$1911'.
Found async reset \rstn in `$paramod$c340cd9ddb594af487b68a1f41f357874e13cce6\simt_execution_core.$proc$simt_execution_core.sv:71$1874'.
Found async reset \rstn in `$paramod$c340cd9ddb594af487b68a1f41f357874e13cce6\simt_execution_core.$proc$simt_execution_core.sv:71$1837'.

4.2.6. Executing PROC_ROM pass (convert switches to ROMs).
Converted 1 switch.
<suppressed ~28 debug messages>

4.2.7. Executing PROC_MUX pass (convert decision trees to multiplexers).
Creating decoders for process `$paramod$fd0170a58924e6d7b2131d4623b428d1d1232fac\warp_scheduler.$proc$warp_scheduler.sv:38$2017'.
     1/1: $1$mem2reg_rd$\pc_table$warp_scheduler.sv:40$2006_DATA[31:0]$2020
Creating decoders for process `$paramod$fd0170a58924e6d7b2131d4623b428d1d1232fac\warp_scheduler.$proc$warp_scheduler.sv:19$2007'.
     1/8: $0\current_robin[1:0]
     2/8: $2$mem2reg_wr$\pc_table$warp_scheduler.sv:28$2005_ADDR[0:0]$2013
     3/8: $2$mem2reg_wr$\pc_table$warp_scheduler.sv:28$2005_DATA[31:0]$2014
     4/8: $1$mem2reg_wr$\pc_table$warp_scheduler.sv:28$2005_DATA[31:0]$2012
     5/8: $1$mem2reg_wr$\pc_table$warp_scheduler.sv:28$2005_ADDR[0:0]$2011
     6/8: $1\i[31:0]
     7/8: $0\pc_table[1][31:0]
     8/8: $0\pc_table[0][31:0]
Creating decoders for process `$paramod$c340cd9ddb594af487b68a1f41f357874e13cce6\simt_execution_core.$proc$simt_execution_core.sv:44$2000'.
     1/1: $1$mem2reg_rd$\lane[3].reg_file$simt_execution_core.sv:44$1815_DATA[31:0]$2002
Creating decoders for process `$paramod$c340cd9ddb594af487b68a1f41f357874e13cce6\simt_execution_core.$proc$simt_execution_core.sv:43$1995'.
     1/1: $1$mem2reg_rd$\lane[3].reg_file$simt_execution_core.sv:43$1814_DATA[31:0]$1997
Creating decoders for process `$paramod$c340cd9ddb594af487b68a1f41f357874e13cce6\simt_execution_core.$proc$simt_execution_core.sv:44$1990'.
     1/1: $1$mem2reg_rd$\lane[2].reg_file$simt_execution_core.sv:44$1812_DATA[31:0]$1992
Creating decoders for process `$paramod$c340cd9ddb594af487b68a1f41f357874e13cce6\simt_execution_core.$proc$simt_execution_core.sv:43$1985'.
     1/1: $1$mem2reg_rd$\lane[2].reg_file$simt_execution_core.sv:43$1811_DATA[31:0]$1987
Creating decoders for process `$paramod$c340cd9ddb594af487b68a1f41f357874e13cce6\simt_execution_core.$proc$simt_execution_core.sv:44$1980'.
     1/1: $1$mem2reg_rd$\lane[1].reg_file$simt_execution_core.sv:44$1809_DATA[31:0]$1982
Creating decoders for process `$paramod$c340cd9ddb594af487b68a1f41f357874e13cce6\simt_execution_core.$proc$simt_execution_core.sv:43$1975'.
     1/1: $1$mem2reg_rd$\lane[1].reg_file$simt_execution_core.sv:43$1808_DATA[31:0]$1977
Creating decoders for process `$paramod$c340cd9ddb594af487b68a1f41f357874e13cce6\simt_execution_core.$proc$simt_execution_core.sv:44$1970'.
     1/1: $1$mem2reg_rd$\lane[0].reg_file$simt_execution_core.sv:44$1806_DATA[31:0]$1972
Creating decoders for process `$paramod$c340cd9ddb594af487b68a1f41f357874e13cce6\simt_execution_core.$proc$simt_execution_core.sv:43$1965'.
     1/1: $1$mem2reg_rd$\lane[0].reg_file$simt_execution_core.sv:43$1805_DATA[31:0]$1967
Creating decoders for process `$paramod$c340cd9ddb594af487b68a1f41f357874e13cce6\simt_execution_core.$proc$simt_execution_core.sv:71$1948'.
     1/23: $2$mem2reg_wr$\lane[3].reg_file$simt_execution_core.sv:78$1816_ADDR[3:0]$1961
     2/23: $2$mem2reg_wr$\lane[3].reg_file$simt_execution_core.sv:78$1816_DATA[31:0]$1962
     3/23: $1$mem2reg_wr$\lane[3].reg_file$simt_execution_core.sv:78$1816_DATA[31:0]$1959
     4/23: $1$mem2reg_wr$\lane[3].reg_file$simt_execution_core.sv:78$1816_ADDR[3:0]$1958
     5/23: $1\lane[3].$fordecl_block$1.$for_loop$2[1].$fordecl_block$3.r[31:0]$1957
     6/23: $1\lane[3].$fordecl_block$1.$for_loop$2[0].$fordecl_block$3.r[31:0]$1956
     7/23: $1\lane[3].$fordecl_block$1.w[31:0]$1955
     8/23: $0\lane[3].reg_file[15][31:0]
     9/23: $0\lane[3].reg_file[14][31:0]
    10/23: $0\lane[3].reg_file[13][31:0]
    11/23: $0\lane[3].reg_file[12][31:0]
    12/23: $0\lane[3].reg_file[11][31:0]
    13/23: $0\lane[3].reg_file[10][31:0]
    14/23: $0\lane[3].reg_file[9][31:0]
    15/23: $0\lane[3].reg_file[8][31:0]
    16/23: $0\lane[3].reg_file[7][31:0]
    17/23: $0\lane[3].reg_file[6][31:0]
    18/23: $0\lane[3].reg_file[5][31:0]
    19/23: $0\lane[3].reg_file[4][31:0]
    20/23: $0\lane[3].reg_file[3][31:0]
    21/23: $0\lane[3].reg_file[2][31:0]
    22/23: $0\lane[3].reg_file[1][31:0]
    23/23: $0\lane[3].reg_file[0][31:0]
Creating decoders for process `$paramod$c340cd9ddb594af487b68a1f41f357874e13cce6\simt_execution_core.$proc$simt_execution_core.sv:48$1928'.
     1/1: $1\lane[3].alu_result[31:0]
Creating decoders for process `$paramod$c340cd9ddb594af487b68a1f41f357874e13cce6\simt_execution_core.$proc$simt_execution_core.sv:71$1911'.
     1/23: $2$mem2reg_wr$\lane[2].reg_file$simt_execution_core.sv:78$1813_ADDR[3:0]$1924
     2/23: $2$mem2reg_wr$\lane[2].reg_file$simt_execution_core.sv:78$1813_DATA[31:0]$1925
     3/23: $1$mem2reg_wr$\lane[2].reg_file$simt_execution_core.sv:78$1813_DATA[31:0]$1922
     4/23: $1$mem2reg_wr$\lane[2].reg_file$simt_execution_core.sv:78$1813_ADDR[3:0]$1921
     5/23: $1\lane[2].$fordecl_block$1.$for_loop$2[1].$fordecl_block$3.r[31:0]$1920
     6/23: $1\lane[2].$fordecl_block$1.$for_loop$2[0].$fordecl_block$3.r[31:0]$1919
     7/23: $1\lane[2].$fordecl_block$1.w[31:0]$1918
     8/23: $0\lane[2].reg_file[15][31:0]
     9/23: $0\lane[2].reg_file[14][31:0]
    10/23: $0\lane[2].reg_file[13][31:0]
    11/23: $0\lane[2].reg_file[12][31:0]
    12/23: $0\lane[2].reg_file[11][31:0]
    13/23: $0\lane[2].reg_file[10][31:0]
    14/23: $0\lane[2].reg_file[9][31:0]
    15/23: $0\lane[2].reg_file[8][31:0]
    16/23: $0\lane[2].reg_file[7][31:0]
    17/23: $0\lane[2].reg_file[6][31:0]
    18/23: $0\lane[2].reg_file[5][31:0]
    19/23: $0\lane[2].reg_file[4][31:0]
    20/23: $0\lane[2].reg_file[3][31:0]
    21/23: $0\lane[2].reg_file[2][31:0]
    22/23: $0\lane[2].reg_file[1][31:0]
    23/23: $0\lane[2].reg_file[0][31:0]
Creating decoders for process `$paramod$c340cd9ddb594af487b68a1f41f357874e13cce6\simt_execution_core.$proc$simt_execution_core.sv:48$1891'.
     1/1: $1\lane[2].alu_result[31:0]
Creating decoders for process `$paramod$c340cd9ddb594af487b68a1f41f357874e13cce6\simt_execution_core.$proc$simt_execution_core.sv:71$1874'.
     1/23: $2$mem2reg_wr$\lane[1].reg_file$simt_execution_core.sv:78$1810_ADDR[3:0]$1887
     2/23: $2$mem2reg_wr$\lane[1].reg_file$simt_execution_core.sv:78$1810_DATA[31:0]$1888
     3/23: $1$mem2reg_wr$\lane[1].reg_file$simt_execution_core.sv:78$1810_DATA[31:0]$1885
     4/23: $1$mem2reg_wr$\lane[1].reg_file$simt_execution_core.sv:78$1810_ADDR[3:0]$1884
     5/23: $1\lane[1].$fordecl_block$1.$for_loop$2[1].$fordecl_block$3.r[31:0]$1883
     6/23: $1\lane[1].$fordecl_block$1.$for_loop$2[0].$fordecl_block$3.r[31:0]$1882
     7/23: $1\lane[1].$fordecl_block$1.w[31:0]$1881
     8/23: $0\lane[1].reg_file[15][31:0]
     9/23: $0\lane[1].reg_file[14][31:0]
    10/23: $0\lane[1].reg_file[13][31:0]
    11/23: $0\lane[1].reg_file[12][31:0]
    12/23: $0\lane[1].reg_file[11][31:0]
    13/23: $0\lane[1].reg_file[10][31:0]
    14/23: $0\lane[1].reg_file[9][31:0]
    15/23: $0\lane[1].reg_file[8][31:0]
    16/23: $0\lane[1].reg_file[7][31:0]
    17/23: $0\lane[1].reg_file[6][31:0]
    18/23: $0\lane[1].reg_file[5][31:0]
    19/23: $0\lane[1].reg_file[4][31:0]
    20/23: $0\lane[1].reg_file[3][31:0]
    21/23: $0\lane[1].reg_file[2][31:0]
    22/23: $0\lane[1].reg_file[1][31:0]
    23/23: $0\lane[1].reg_file[0][31:0]
Creating decoders for process `$paramod$c340cd9ddb594af487b68a1f41f357874e13cce6\simt_execution_core.$proc$simt_execution_core.sv:48$1854'.
     1/1: $1\lane[1].alu_result[31:0]
Creating decoders for process `$paramod$c340cd9ddb594af487b68a1f41f357874e13cce6\simt_execution_core.$proc$simt_execution_core.sv:71$1837'.
     1/23: $2$mem2reg_wr$\lane[0].reg_file$simt_execution_core.sv:78$1807_ADDR[3:0]$1850
     2/23: $2$mem2reg_wr$\lane[0].reg_file$simt_execution_core.sv:78$1807_DATA[31:0]$1851
     3/23: $1$mem2reg_wr$\lane[0].reg_file$simt_execution_core.sv:78$1807_DATA[31:0]$1848
     4/23: $1$mem2reg_wr$\lane[0].reg_file$simt_execution_core.sv:78$1807_ADDR[3:0]$1847
     5/23: $1\lane[0].$fordecl_block$1.$for_loop$2[1].$fordecl_block$3.r[31:0]$1846
     6/23: $1\lane[0].$fordecl_block$1.$for_loop$2[0].$fordecl_block$3.r[31:0]$1845
     7/23: $1\lane[0].$fordecl_block$1.w[31:0]$1844
     8/23: $0\lane[0].reg_file[15][31:0]
     9/23: $0\lane[0].reg_file[14][31:0]
    10/23: $0\lane[0].reg_file[13][31:0]
    11/23: $0\lane[0].reg_file[12][31:0]
    12/23: $0\lane[0].reg_file[11][31:0]
    13/23: $0\lane[0].reg_file[10][31:0]
    14/23: $0\lane[0].reg_file[9][31:0]
    15/23: $0\lane[0].reg_file[8][31:0]
    16/23: $0\lane[0].reg_file[7][31:0]
    17/23: $0\lane[0].reg_file[6][31:0]
    18/23: $0\lane[0].reg_file[5][31:0]
    19/23: $0\lane[0].reg_file[4][31:0]
    20/23: $0\lane[0].reg_file[3][31:0]
    21/23: $0\lane[0].reg_file[2][31:0]
    22/23: $0\lane[0].reg_file[1][31:0]
    23/23: $0\lane[0].reg_file[0][31:0]
Creating decoders for process `$paramod$c340cd9ddb594af487b68a1f41f357874e13cce6\simt_execution_core.$proc$simt_execution_core.sv:48$1817'.
     1/1: $1\lane[0].alu_result[31:0]
Creating decoders for process `$paramod$bbdd970d5e9d5db000ca33c4cf0f699d1c916bbb\inst_mem.$proc$inst_mem.sv:17$1802'.
     1/1: $1\instruction[31:0]
Creating decoders for process `$paramod$20f9d1ebf2d220d6d149ed1f156499717425796a\fetch_decode_unit.$proc$fetch_decode_unit.sv:39$1801'.
Creating decoders for process `$paramod$b2a1694e054de7dfdcdbcd4b1356480af6859439\data_mem.$proc$data_mem.sv:29$1793'.
     1/4: $1$memwr$\mem_lanes[3].mem_file$data_mem.sv:31$1768_EN[31:0]$1799
     2/4: $1$memwr$\mem_lanes[3].mem_file$data_mem.sv:31$1768_DATA[31:0]$1798
     3/4: $1$memwr$\mem_lanes[3].mem_file$data_mem.sv:31$1768_ADDR[4:0]$1797
     4/4: $0\lane_load_data[127:96]
Creating decoders for process `$paramod$b2a1694e054de7dfdcdbcd4b1356480af6859439\data_mem.$proc$data_mem.sv:29$1785'.
     1/4: $1$memwr$\mem_lanes[2].mem_file$data_mem.sv:31$1767_EN[31:0]$1791
     2/4: $1$memwr$\mem_lanes[2].mem_file$data_mem.sv:31$1767_DATA[31:0]$1790
     3/4: $1$memwr$\mem_lanes[2].mem_file$data_mem.sv:31$1767_ADDR[4:0]$1789
     4/4: $0\lane_load_data[95:64]
Creating decoders for process `$paramod$b2a1694e054de7dfdcdbcd4b1356480af6859439\data_mem.$proc$data_mem.sv:29$1777'.
     1/4: $1$memwr$\mem_lanes[1].mem_file$data_mem.sv:31$1766_EN[31:0]$1783
     2/4: $1$memwr$\mem_lanes[1].mem_file$data_mem.sv:31$1766_DATA[31:0]$1782
     3/4: $1$memwr$\mem_lanes[1].mem_file$data_mem.sv:31$1766_ADDR[4:0]$1781
     4/4: $0\lane_load_data[63:32]
Creating decoders for process `$paramod$b2a1694e054de7dfdcdbcd4b1356480af6859439\data_mem.$proc$data_mem.sv:29$1769'.
     1/4: $1$memwr$\mem_lanes[0].mem_file$data_mem.sv:31$1765_EN[31:0]$1775
     2/4: $1$memwr$\mem_lanes[0].mem_file$data_mem.sv:31$1765_DATA[31:0]$1774
     3/4: $1$memwr$\mem_lanes[0].mem_file$data_mem.sv:31$1765_ADDR[4:0]$1773
     4/4: $0\lane_load_data[31:0]
Creating decoders for process `\gpu_top.$proc$gpu_top.sv:121$1764'.

4.2.8. Executing PROC_DLATCH pass (convert process syncs to latches).
No latch inferred for signal `$paramod$fd0170a58924e6d7b2131d4623b428d1d1232fac\warp_scheduler.\selected_pc' from process `$paramod$fd0170a58924e6d7b2131d4623b428d1d1232fac\warp_scheduler.$proc$warp_scheduler.sv:38$2017'.
No latch inferred for signal `$paramod$fd0170a58924e6d7b2131d4623b428d1d1232fac\warp_scheduler.\selected_warp_id' from process `$paramod$fd0170a58924e6d7b2131d4623b428d1d1232fac\warp_scheduler.$proc$warp_scheduler.sv:38$2017'.
No latch inferred for signal `$paramod$c340cd9ddb594af487b68a1f41f357874e13cce6\simt_execution_core.$mem2reg_rd$\lane[3].reg_file$simt_execution_core.sv:44$1815_DATA' from process `$paramod$c340cd9ddb594af487b68a1f41f357874e13cce6\simt_execution_core.$proc$simt_execution_core.sv:44$2000'.
No latch inferred for signal `$paramod$c340cd9ddb594af487b68a1f41f357874e13cce6\simt_execution_core.$mem2reg_rd$\lane[3].reg_file$simt_execution_core.sv:43$1814_DATA' from process `$paramod$c340cd9ddb594af487b68a1f41f357874e13cce6\simt_execution_core.$proc$simt_execution_core.sv:43$1995'.
No latch inferred for signal `$paramod$c340cd9ddb594af487b68a1f41f357874e13cce6\simt_execution_core.$mem2reg_rd$\lane[2].reg_file$simt_execution_core.sv:44$1812_DATA' from process `$paramod$c340cd9ddb594af487b68a1f41f357874e13cce6\simt_execution_core.$proc$simt_execution_core.sv:44$1990'.
No latch inferred for signal `$paramod$c340cd9ddb594af487b68a1f41f357874e13cce6\simt_execution_core.$mem2reg_rd$\lane[2].reg_file$simt_execution_core.sv:43$1811_DATA' from process `$paramod$c340cd9ddb594af487b68a1f41f357874e13cce6\simt_execution_core.$proc$simt_execution_core.sv:43$1985'.
No latch inferred for signal `$paramod$c340cd9ddb594af487b68a1f41f357874e13cce6\simt_execution_core.$mem2reg_rd$\lane[1].reg_file$simt_execution_core.sv:44$1809_DATA' from process `$paramod$c340cd9ddb594af487b68a1f41f357874e13cce6\simt_execution_core.$proc$simt_execution_core.sv:44$1980'.
No latch inferred for signal `$paramod$c340cd9ddb594af487b68a1f41f357874e13cce6\simt_execution_core.$mem2reg_rd$\lane[1].reg_file$simt_execution_core.sv:43$1808_DATA' from process `$paramod$c340cd9ddb594af487b68a1f41f357874e13cce6\simt_execution_core.$proc$simt_execution_core.sv:43$1975'.
No latch inferred for signal `$paramod$c340cd9ddb594af487b68a1f41f357874e13cce6\simt_execution_core.$mem2reg_rd$\lane[0].reg_file$simt_execution_core.sv:44$1806_DATA' from process `$paramod$c340cd9ddb594af487b68a1f41f357874e13cce6\simt_execution_core.$proc$simt_execution_core.sv:44$1970'.
No latch inferred for signal `$paramod$c340cd9ddb594af487b68a1f41f357874e13cce6\simt_execution_core.$mem2reg_rd$\lane[0].reg_file$simt_execution_core.sv:43$1805_DATA' from process `$paramod$c340cd9ddb594af487b68a1f41f357874e13cce6\simt_execution_core.$proc$simt_execution_core.sv:43$1965'.
No latch inferred for signal `$paramod$c340cd9ddb594af487b68a1f41f357874e13cce6\simt_execution_core.\lane[3].alu_result' from process `$paramod$c340cd9ddb594af487b68a1f41f357874e13cce6\simt_execution_core.$proc$simt_execution_core.sv:48$1928'.
No latch inferred for signal `$paramod$c340cd9ddb594af487b68a1f41f357874e13cce6\simt_execution_core.\lane[2].alu_result' from process `$paramod$c340cd9ddb594af487b68a1f41f357874e13cce6\simt_execution_core.$proc$simt_execution_core.sv:48$1891'.
No latch inferred for signal `$paramod$c340cd9ddb594af487b68a1f41f357874e13cce6\simt_execution_core.\lane[1].alu_result' from process `$paramod$c340cd9ddb594af487b68a1f41f357874e13cce6\simt_execution_core.$proc$simt_execution_core.sv:48$1854'.
No latch inferred for signal `$paramod$c340cd9ddb594af487b68a1f41f357874e13cce6\simt_execution_core.\lane[0].alu_result' from process `$paramod$c340cd9ddb594af487b68a1f41f357874e13cce6\simt_execution_core.$proc$simt_execution_core.sv:48$1817'.
No latch inferred for signal `$paramod$bbdd970d5e9d5db000ca33c4cf0f699d1c916bbb\inst_mem.\instruction' from process `$paramod$bbdd970d5e9d5db000ca33c4cf0f699d1c916bbb\inst_mem.$proc$inst_mem.sv:17$1802'.
No latch inferred for signal `$paramod$20f9d1ebf2d220d6d149ed1f156499717425796a\fetch_decode_unit.\alu_op_broadcast' from process `$paramod$20f9d1ebf2d220d6d149ed1f156499717425796a\fetch_decode_unit.$proc$fetch_decode_unit.sv:39$1801'.
No latch inferred for signal `$paramod$20f9d1ebf2d220d6d149ed1f156499717425796a\fetch_decode_unit.\rs1_addr_broadcast' from process `$paramod$20f9d1ebf2d220d6d149ed1f156499717425796a\fetch_decode_unit.$proc$fetch_decode_unit.sv:39$1801'.
No latch inferred for signal `$paramod$20f9d1ebf2d220d6d149ed1f156499717425796a\fetch_decode_unit.\rs2_addr_broadcast' from process `$paramod$20f9d1ebf2d220d6d149ed1f156499717425796a\fetch_decode_unit.$proc$fetch_decode_unit.sv:39$1801'.
No latch inferred for signal `$paramod$20f9d1ebf2d220d6d149ed1f156499717425796a\fetch_decode_unit.\rd_addr_broadcast' from process `$paramod$20f9d1ebf2d220d6d149ed1f156499717425796a\fetch_decode_unit.$proc$fetch_decode_unit.sv:39$1801'.
No latch inferred for signal `$paramod$20f9d1ebf2d220d6d149ed1f156499717425796a\fetch_decode_unit.\is_branch_broadcast' from process `$paramod$20f9d1ebf2d220d6d149ed1f156499717425796a\fetch_decode_unit.$proc$fetch_decode_unit.sv:39$1801'.
No latch inferred for signal `$paramod$20f9d1ebf2d220d6d149ed1f156499717425796a\fetch_decode_unit.\reg_write_enable_broadcast' from process `$paramod$20f9d1ebf2d220d6d149ed1f156499717425796a\fetch_decode_unit.$proc$fetch_decode_unit.sv:39$1801'.
No latch inferred for signal `$paramod$20f9d1ebf2d220d6d149ed1f156499717425796a\fetch_decode_unit.\warp_id_broadcast' from process `$paramod$20f9d1ebf2d220d6d149ed1f156499717425796a\fetch_decode_unit.$proc$fetch_decode_unit.sv:39$1801'.
No latch inferred for signal `\gpu_top.\default_mask' from process `\gpu_top.$proc$gpu_top.sv:121$1764'.

4.2.9. Executing PROC_DFF pass (convert process syncs to FFs).
Creating register for signal `$paramod$fd0170a58924e6d7b2131d4623b428d1d1232fac\warp_scheduler.\i' using process `$paramod$fd0170a58924e6d7b2131d4623b428d1d1232fac\warp_scheduler.$proc$warp_scheduler.sv:19$2007'.
  created $adff cell `$procdff$3131' with positive edge clock and positive level reset.
Creating register for signal `$paramod$fd0170a58924e6d7b2131d4623b428d1d1232fac\warp_scheduler.\current_robin' using process `$paramod$fd0170a58924e6d7b2131d4623b428d1d1232fac\warp_scheduler.$proc$warp_scheduler.sv:19$2007'.
  created $adff cell `$procdff$3136' with positive edge clock and positive level reset.
Creating register for signal `$paramod$fd0170a58924e6d7b2131d4623b428d1d1232fac\warp_scheduler.\pc_table[0]' using process `$paramod$fd0170a58924e6d7b2131d4623b428d1d1232fac\warp_scheduler.$proc$warp_scheduler.sv:19$2007'.
  created $adff cell `$procdff$3141' with positive edge clock and positive level reset.
Creating register for signal `$paramod$fd0170a58924e6d7b2131d4623b428d1d1232fac\warp_scheduler.\pc_table[1]' using process `$paramod$fd0170a58924e6d7b2131d4623b428d1d1232fac\warp_scheduler.$proc$warp_scheduler.sv:19$2007'.
  created $adff cell `$procdff$3146' with positive edge clock and positive level reset.
Creating register for signal `$paramod$fd0170a58924e6d7b2131d4623b428d1d1232fac\warp_scheduler.$mem2reg_wr$\pc_table$warp_scheduler.sv:28$2005_ADDR' using process `$paramod$fd0170a58924e6d7b2131d4623b428d1d1232fac\warp_scheduler.$proc$warp_scheduler.sv:19$2007'.
  created $adff cell `$procdff$3151' with positive edge clock and positive level reset.
Creating register for signal `$paramod$fd0170a58924e6d7b2131d4623b428d1d1232fac\warp_scheduler.$mem2reg_wr$\pc_table$warp_scheduler.sv:28$2005_DATA' using process `$paramod$fd0170a58924e6d7b2131d4623b428d1d1232fac\warp_scheduler.$proc$warp_scheduler.sv:19$2007'.
  created $adff cell `$procdff$3156' with positive edge clock and positive level reset.
Creating register for signal `$paramod$c340cd9ddb594af487b68a1f41f357874e13cce6\simt_execution_core.\lane[3].$fordecl_block$1.w' using process `$paramod$c340cd9ddb594af487b68a1f41f357874e13cce6\simt_execution_core.$proc$simt_execution_core.sv:71$1948'.
  created $adff cell `$procdff$3161' with positive edge clock and positive level reset.
Creating register for signal `$paramod$c340cd9ddb594af487b68a1f41f357874e13cce6\simt_execution_core.\lane[3].$fordecl_block$1.$for_loop$2[0].$fordecl_block$3.r' using process `$paramod$c340cd9ddb594af487b68a1f41f357874e13cce6\simt_execution_core.$proc$simt_execution_core.sv:71$1948'.
  created $adff cell `$procdff$3166' with positive edge clock and positive level reset.
Creating register for signal `$paramod$c340cd9ddb594af487b68a1f41f357874e13cce6\simt_execution_core.\lane[3].$fordecl_block$1.$for_loop$2[1].$fordecl_block$3.r' using process `$paramod$c340cd9ddb594af487b68a1f41f357874e13cce6\simt_execution_core.$proc$simt_execution_core.sv:71$1948'.
  created $adff cell `$procdff$3171' with positive edge clock and positive level reset.
Creating register for signal `$paramod$c340cd9ddb594af487b68a1f41f357874e13cce6\simt_execution_core.\lane[3].reg_file[0]' using process `$paramod$c340cd9ddb594af487b68a1f41f357874e13cce6\simt_execution_core.$proc$simt_execution_core.sv:71$1948'.
  created $adff cell `$procdff$3176' with positive edge clock and positive level reset.
Creating register for signal `$paramod$c340cd9ddb594af487b68a1f41f357874e13cce6\simt_execution_core.\lane[3].reg_file[1]' using process `$paramod$c340cd9ddb594af487b68a1f41f357874e13cce6\simt_execution_core.$proc$simt_execution_core.sv:71$1948'.
  created $adff cell `$procdff$3181' with positive edge clock and positive level reset.
Creating register for signal `$paramod$c340cd9ddb594af487b68a1f41f357874e13cce6\simt_execution_core.\lane[3].reg_file[2]' using process `$paramod$c340cd9ddb594af487b68a1f41f357874e13cce6\simt_execution_core.$proc$simt_execution_core.sv:71$1948'.
  created $adff cell `$procdff$3186' with positive edge clock and positive level reset.
Creating register for signal `$paramod$c340cd9ddb594af487b68a1f41f357874e13cce6\simt_execution_core.\lane[3].reg_file[3]' using process `$paramod$c340cd9ddb594af487b68a1f41f357874e13cce6\simt_execution_core.$proc$simt_execution_core.sv:71$1948'.
  created $adff cell `$procdff$3191' with positive edge clock and positive level reset.
Creating register for signal `$paramod$c340cd9ddb594af487b68a1f41f357874e13cce6\simt_execution_core.\lane[3].reg_file[4]' using process `$paramod$c340cd9ddb594af487b68a1f41f357874e13cce6\simt_execution_core.$proc$simt_execution_core.sv:71$1948'.
  created $adff cell `$procdff$3196' with positive edge clock and positive level reset.
Creating register for signal `$paramod$c340cd9ddb594af487b68a1f41f357874e13cce6\simt_execution_core.\lane[3].reg_file[5]' using process `$paramod$c340cd9ddb594af487b68a1f41f357874e13cce6\simt_execution_core.$proc$simt_execution_core.sv:71$1948'.
  created $adff cell `$procdff$3201' with positive edge clock and positive level reset.
Creating register for signal `$paramod$c340cd9ddb594af487b68a1f41f357874e13cce6\simt_execution_core.\lane[3].reg_file[6]' using process `$paramod$c340cd9ddb594af487b68a1f41f357874e13cce6\simt_execution_core.$proc$simt_execution_core.sv:71$1948'.
  created $adff cell `$procdff$3206' with positive edge clock and positive level reset.
Creating register for signal `$paramod$c340cd9ddb594af487b68a1f41f357874e13cce6\simt_execution_core.\lane[3].reg_file[7]' using process `$paramod$c340cd9ddb594af487b68a1f41f357874e13cce6\simt_execution_core.$proc$simt_execution_core.sv:71$1948'.
  created $adff cell `$procdff$3211' with positive edge clock and positive level reset.
Creating register for signal `$paramod$c340cd9ddb594af487b68a1f41f357874e13cce6\simt_execution_core.\lane[3].reg_file[8]' using process `$paramod$c340cd9ddb594af487b68a1f41f357874e13cce6\simt_execution_core.$proc$simt_execution_core.sv:71$1948'.
  created $adff cell `$procdff$3216' with positive edge clock and positive level reset.
Creating register for signal `$paramod$c340cd9ddb594af487b68a1f41f357874e13cce6\simt_execution_core.\lane[3].reg_file[9]' using process `$paramod$c340cd9ddb594af487b68a1f41f357874e13cce6\simt_execution_core.$proc$simt_execution_core.sv:71$1948'.
  created $adff cell `$procdff$3221' with positive edge clock and positive level reset.
Creating register for signal `$paramod$c340cd9ddb594af487b68a1f41f357874e13cce6\simt_execution_core.\lane[3].reg_file[10]' using process `$paramod$c340cd9ddb594af487b68a1f41f357874e13cce6\simt_execution_core.$proc$simt_execution_core.sv:71$1948'.
  created $adff cell `$procdff$3226' with positive edge clock and positive level reset.
Creating register for signal `$paramod$c340cd9ddb594af487b68a1f41f357874e13cce6\simt_execution_core.\lane[3].reg_file[11]' using process `$paramod$c340cd9ddb594af487b68a1f41f357874e13cce6\simt_execution_core.$proc$simt_execution_core.sv:71$1948'.
  created $adff cell `$procdff$3231' with positive edge clock and positive level reset.
Creating register for signal `$paramod$c340cd9ddb594af487b68a1f41f357874e13cce6\simt_execution_core.\lane[3].reg_file[12]' using process `$paramod$c340cd9ddb594af487b68a1f41f357874e13cce6\simt_execution_core.$proc$simt_execution_core.sv:71$1948'.
  created $adff cell `$procdff$3236' with positive edge clock and positive level reset.
Creating register for signal `$paramod$c340cd9ddb594af487b68a1f41f357874e13cce6\simt_execution_core.\lane[3].reg_file[13]' using process `$paramod$c340cd9ddb594af487b68a1f41f357874e13cce6\simt_execution_core.$proc$simt_execution_core.sv:71$1948'.
  created $adff cell `$procdff$3241' with positive edge clock and positive level reset.
Creating register for signal `$paramod$c340cd9ddb594af487b68a1f41f357874e13cce6\simt_execution_core.\lane[3].reg_file[14]' using process `$paramod$c340cd9ddb594af487b68a1f41f357874e13cce6\simt_execution_core.$proc$simt_execution_core.sv:71$1948'.
  created $adff cell `$procdff$3246' with positive edge clock and positive level reset.
Creating register for signal `$paramod$c340cd9ddb594af487b68a1f41f357874e13cce6\simt_execution_core.\lane[3].reg_file[15]' using process `$paramod$c340cd9ddb594af487b68a1f41f357874e13cce6\simt_execution_core.$proc$simt_execution_core.sv:71$1948'.
  created $adff cell `$procdff$3251' with positive edge clock and positive level reset.
Creating register for signal `$paramod$c340cd9ddb594af487b68a1f41f357874e13cce6\simt_execution_core.$mem2reg_wr$\lane[3].reg_file$simt_execution_core.sv:78$1816_ADDR' using process `$paramod$c340cd9ddb594af487b68a1f41f357874e13cce6\simt_execution_core.$proc$simt_execution_core.sv:71$1948'.
  created $adff cell `$procdff$3256' with positive edge clock and positive level reset.
Creating register for signal `$paramod$c340cd9ddb594af487b68a1f41f357874e13cce6\simt_execution_core.$mem2reg_wr$\lane[3].reg_file$simt_execution_core.sv:78$1816_DATA' using process `$paramod$c340cd9ddb594af487b68a1f41f357874e13cce6\simt_execution_core.$proc$simt_execution_core.sv:71$1948'.
  created $adff cell `$procdff$3261' with positive edge clock and positive level reset.
Creating register for signal `$paramod$c340cd9ddb594af487b68a1f41f357874e13cce6\simt_execution_core.\lane[2].$fordecl_block$1.w' using process `$paramod$c340cd9ddb594af487b68a1f41f357874e13cce6\simt_execution_core.$proc$simt_execution_core.sv:71$1911'.
  created $adff cell `$procdff$3266' with positive edge clock and positive level reset.
Creating register for signal `$paramod$c340cd9ddb594af487b68a1f41f357874e13cce6\simt_execution_core.\lane[2].$fordecl_block$1.$for_loop$2[0].$fordecl_block$3.r' using process `$paramod$c340cd9ddb594af487b68a1f41f357874e13cce6\simt_execution_core.$proc$simt_execution_core.sv:71$1911'.
  created $adff cell `$procdff$3271' with positive edge clock and positive level reset.
Creating register for signal `$paramod$c340cd9ddb594af487b68a1f41f357874e13cce6\simt_execution_core.\lane[2].$fordecl_block$1.$for_loop$2[1].$fordecl_block$3.r' using process `$paramod$c340cd9ddb594af487b68a1f41f357874e13cce6\simt_execution_core.$proc$simt_execution_core.sv:71$1911'.
  created $adff cell `$procdff$3276' with positive edge clock and positive level reset.
Creating register for signal `$paramod$c340cd9ddb594af487b68a1f41f357874e13cce6\simt_execution_core.\lane[2].reg_file[0]' using process `$paramod$c340cd9ddb594af487b68a1f41f357874e13cce6\simt_execution_core.$proc$simt_execution_core.sv:71$1911'.
  created $adff cell `$procdff$3281' with positive edge clock and positive level reset.
Creating register for signal `$paramod$c340cd9ddb594af487b68a1f41f357874e13cce6\simt_execution_core.\lane[2].reg_file[1]' using process `$paramod$c340cd9ddb594af487b68a1f41f357874e13cce6\simt_execution_core.$proc$simt_execution_core.sv:71$1911'.
  created $adff cell `$procdff$3286' with positive edge clock and positive level reset.
Creating register for signal `$paramod$c340cd9ddb594af487b68a1f41f357874e13cce6\simt_execution_core.\lane[2].reg_file[2]' using process `$paramod$c340cd9ddb594af487b68a1f41f357874e13cce6\simt_execution_core.$proc$simt_execution_core.sv:71$1911'.
  created $adff cell `$procdff$3291' with positive edge clock and positive level reset.
Creating register for signal `$paramod$c340cd9ddb594af487b68a1f41f357874e13cce6\simt_execution_core.\lane[2].reg_file[3]' using process `$paramod$c340cd9ddb594af487b68a1f41f357874e13cce6\simt_execution_core.$proc$simt_execution_core.sv:71$1911'.
  created $adff cell `$procdff$3296' with positive edge clock and positive level reset.
Creating register for signal `$paramod$c340cd9ddb594af487b68a1f41f357874e13cce6\simt_execution_core.\lane[2].reg_file[4]' using process `$paramod$c340cd9ddb594af487b68a1f41f357874e13cce6\simt_execution_core.$proc$simt_execution_core.sv:71$1911'.
  created $adff cell `$procdff$3301' with positive edge clock and positive level reset.
Creating register for signal `$paramod$c340cd9ddb594af487b68a1f41f357874e13cce6\simt_execution_core.\lane[2].reg_file[5]' using process `$paramod$c340cd9ddb594af487b68a1f41f357874e13cce6\simt_execution_core.$proc$simt_execution_core.sv:71$1911'.
  created $adff cell `$procdff$3306' with positive edge clock and positive level reset.
Creating register for signal `$paramod$c340cd9ddb594af487b68a1f41f357874e13cce6\simt_execution_core.\lane[2].reg_file[6]' using process `$paramod$c340cd9ddb594af487b68a1f41f357874e13cce6\simt_execution_core.$proc$simt_execution_core.sv:71$1911'.
  created $adff cell `$procdff$3311' with positive edge clock and positive level reset.
Creating register for signal `$paramod$c340cd9ddb594af487b68a1f41f357874e13cce6\simt_execution_core.\lane[2].reg_file[7]' using process `$paramod$c340cd9ddb594af487b68a1f41f357874e13cce6\simt_execution_core.$proc$simt_execution_core.sv:71$1911'.
  created $adff cell `$procdff$3316' with positive edge clock and positive level reset.
Creating register for signal `$paramod$c340cd9ddb594af487b68a1f41f357874e13cce6\simt_execution_core.\lane[2].reg_file[8]' using process `$paramod$c340cd9ddb594af487b68a1f41f357874e13cce6\simt_execution_core.$proc$simt_execution_core.sv:71$1911'.
  created $adff cell `$procdff$3321' with positive edge clock and positive level reset.
Creating register for signal `$paramod$c340cd9ddb594af487b68a1f41f357874e13cce6\simt_execution_core.\lane[2].reg_file[9]' using process `$paramod$c340cd9ddb594af487b68a1f41f357874e13cce6\simt_execution_core.$proc$simt_execution_core.sv:71$1911'.
  created $adff cell `$procdff$3326' with positive edge clock and positive level reset.
Creating register for signal `$paramod$c340cd9ddb594af487b68a1f41f357874e13cce6\simt_execution_core.\lane[2].reg_file[10]' using process `$paramod$c340cd9ddb594af487b68a1f41f357874e13cce6\simt_execution_core.$proc$simt_execution_core.sv:71$1911'.
  created $adff cell `$procdff$3331' with positive edge clock and positive level reset.
Creating register for signal `$paramod$c340cd9ddb594af487b68a1f41f357874e13cce6\simt_execution_core.\lane[2].reg_file[11]' using process `$paramod$c340cd9ddb594af487b68a1f41f357874e13cce6\simt_execution_core.$proc$simt_execution_core.sv:71$1911'.
  created $adff cell `$procdff$3336' with positive edge clock and positive level reset.
Creating register for signal `$paramod$c340cd9ddb594af487b68a1f41f357874e13cce6\simt_execution_core.\lane[2].reg_file[12]' using process `$paramod$c340cd9ddb594af487b68a1f41f357874e13cce6\simt_execution_core.$proc$simt_execution_core.sv:71$1911'.
  created $adff cell `$procdff$3341' with positive edge clock and positive level reset.
Creating register for signal `$paramod$c340cd9ddb594af487b68a1f41f357874e13cce6\simt_execution_core.\lane[2].reg_file[13]' using process `$paramod$c340cd9ddb594af487b68a1f41f357874e13cce6\simt_execution_core.$proc$simt_execution_core.sv:71$1911'.
  created $adff cell `$procdff$3346' with positive edge clock and positive level reset.
Creating register for signal `$paramod$c340cd9ddb594af487b68a1f41f357874e13cce6\simt_execution_core.\lane[2].reg_file[14]' using process `$paramod$c340cd9ddb594af487b68a1f41f357874e13cce6\simt_execution_core.$proc$simt_execution_core.sv:71$1911'.
  created $adff cell `$procdff$3351' with positive edge clock and positive level reset.
Creating register for signal `$paramod$c340cd9ddb594af487b68a1f41f357874e13cce6\simt_execution_core.\lane[2].reg_file[15]' using process `$paramod$c340cd9ddb594af487b68a1f41f357874e13cce6\simt_execution_core.$proc$simt_execution_core.sv:71$1911'.
  created $adff cell `$procdff$3356' with positive edge clock and positive level reset.
Creating register for signal `$paramod$c340cd9ddb594af487b68a1f41f357874e13cce6\simt_execution_core.$mem2reg_wr$\lane[2].reg_file$simt_execution_core.sv:78$1813_ADDR' using process `$paramod$c340cd9ddb594af487b68a1f41f357874e13cce6\simt_execution_core.$proc$simt_execution_core.sv:71$1911'.
  created $adff cell `$procdff$3361' with positive edge clock and positive level reset.
Creating register for signal `$paramod$c340cd9ddb594af487b68a1f41f357874e13cce6\simt_execution_core.$mem2reg_wr$\lane[2].reg_file$simt_execution_core.sv:78$1813_DATA' using process `$paramod$c340cd9ddb594af487b68a1f41f357874e13cce6\simt_execution_core.$proc$simt_execution_core.sv:71$1911'.
  created $adff cell `$procdff$3366' with positive edge clock and positive level reset.
Creating register for signal `$paramod$c340cd9ddb594af487b68a1f41f357874e13cce6\simt_execution_core.\lane[1].$fordecl_block$1.w' using process `$paramod$c340cd9ddb594af487b68a1f41f357874e13cce6\simt_execution_core.$proc$simt_execution_core.sv:71$1874'.
  created $adff cell `$procdff$3371' with positive edge clock and positive level reset.
Creating register for signal `$paramod$c340cd9ddb594af487b68a1f41f357874e13cce6\simt_execution_core.\lane[1].$fordecl_block$1.$for_loop$2[0].$fordecl_block$3.r' using process `$paramod$c340cd9ddb594af487b68a1f41f357874e13cce6\simt_execution_core.$proc$simt_execution_core.sv:71$1874'.
  created $adff cell `$procdff$3376' with positive edge clock and positive level reset.
Creating register for signal `$paramod$c340cd9ddb594af487b68a1f41f357874e13cce6\simt_execution_core.\lane[1].$fordecl_block$1.$for_loop$2[1].$fordecl_block$3.r' using process `$paramod$c340cd9ddb594af487b68a1f41f357874e13cce6\simt_execution_core.$proc$simt_execution_core.sv:71$1874'.
  created $adff cell `$procdff$3381' with positive edge clock and positive level reset.
Creating register for signal `$paramod$c340cd9ddb594af487b68a1f41f357874e13cce6\simt_execution_core.\lane[1].reg_file[0]' using process `$paramod$c340cd9ddb594af487b68a1f41f357874e13cce6\simt_execution_core.$proc$simt_execution_core.sv:71$1874'.
  created $adff cell `$procdff$3386' with positive edge clock and positive level reset.
Creating register for signal `$paramod$c340cd9ddb594af487b68a1f41f357874e13cce6\simt_execution_core.\lane[1].reg_file[1]' using process `$paramod$c340cd9ddb594af487b68a1f41f357874e13cce6\simt_execution_core.$proc$simt_execution_core.sv:71$1874'.
  created $adff cell `$procdff$3391' with positive edge clock and positive level reset.
Creating register for signal `$paramod$c340cd9ddb594af487b68a1f41f357874e13cce6\simt_execution_core.\lane[1].reg_file[2]' using process `$paramod$c340cd9ddb594af487b68a1f41f357874e13cce6\simt_execution_core.$proc$simt_execution_core.sv:71$1874'.
  created $adff cell `$procdff$3396' with positive edge clock and positive level reset.
Creating register for signal `$paramod$c340cd9ddb594af487b68a1f41f357874e13cce6\simt_execution_core.\lane[1].reg_file[3]' using process `$paramod$c340cd9ddb594af487b68a1f41f357874e13cce6\simt_execution_core.$proc$simt_execution_core.sv:71$1874'.
  created $adff cell `$procdff$3401' with positive edge clock and positive level reset.
Creating register for signal `$paramod$c340cd9ddb594af487b68a1f41f357874e13cce6\simt_execution_core.\lane[1].reg_file[4]' using process `$paramod$c340cd9ddb594af487b68a1f41f357874e13cce6\simt_execution_core.$proc$simt_execution_core.sv:71$1874'.
  created $adff cell `$procdff$3406' with positive edge clock and positive level reset.
Creating register for signal `$paramod$c340cd9ddb594af487b68a1f41f357874e13cce6\simt_execution_core.\lane[1].reg_file[5]' using process `$paramod$c340cd9ddb594af487b68a1f41f357874e13cce6\simt_execution_core.$proc$simt_execution_core.sv:71$1874'.
  created $adff cell `$procdff$3411' with positive edge clock and positive level reset.
Creating register for signal `$paramod$c340cd9ddb594af487b68a1f41f357874e13cce6\simt_execution_core.\lane[1].reg_file[6]' using process `$paramod$c340cd9ddb594af487b68a1f41f357874e13cce6\simt_execution_core.$proc$simt_execution_core.sv:71$1874'.
  created $adff cell `$procdff$3416' with positive edge clock and positive level reset.
Creating register for signal `$paramod$c340cd9ddb594af487b68a1f41f357874e13cce6\simt_execution_core.\lane[1].reg_file[7]' using process `$paramod$c340cd9ddb594af487b68a1f41f357874e13cce6\simt_execution_core.$proc$simt_execution_core.sv:71$1874'.
  created $adff cell `$procdff$3421' with positive edge clock and positive level reset.
Creating register for signal `$paramod$c340cd9ddb594af487b68a1f41f357874e13cce6\simt_execution_core.\lane[1].reg_file[8]' using process `$paramod$c340cd9ddb594af487b68a1f41f357874e13cce6\simt_execution_core.$proc$simt_execution_core.sv:71$1874'.
  created $adff cell `$procdff$3426' with positive edge clock and positive level reset.
Creating register for signal `$paramod$c340cd9ddb594af487b68a1f41f357874e13cce6\simt_execution_core.\lane[1].reg_file[9]' using process `$paramod$c340cd9ddb594af487b68a1f41f357874e13cce6\simt_execution_core.$proc$simt_execution_core.sv:71$1874'.
  created $adff cell `$procdff$3431' with positive edge clock and positive level reset.
Creating register for signal `$paramod$c340cd9ddb594af487b68a1f41f357874e13cce6\simt_execution_core.\lane[1].reg_file[10]' using process `$paramod$c340cd9ddb594af487b68a1f41f357874e13cce6\simt_execution_core.$proc$simt_execution_core.sv:71$1874'.
  created $adff cell `$procdff$3436' with positive edge clock and positive level reset.
Creating register for signal `$paramod$c340cd9ddb594af487b68a1f41f357874e13cce6\simt_execution_core.\lane[1].reg_file[11]' using process `$paramod$c340cd9ddb594af487b68a1f41f357874e13cce6\simt_execution_core.$proc$simt_execution_core.sv:71$1874'.
  created $adff cell `$procdff$3441' with positive edge clock and positive level reset.
Creating register for signal `$paramod$c340cd9ddb594af487b68a1f41f357874e13cce6\simt_execution_core.\lane[1].reg_file[12]' using process `$paramod$c340cd9ddb594af487b68a1f41f357874e13cce6\simt_execution_core.$proc$simt_execution_core.sv:71$1874'.
  created $adff cell `$procdff$3446' with positive edge clock and positive level reset.
Creating register for signal `$paramod$c340cd9ddb594af487b68a1f41f357874e13cce6\simt_execution_core.\lane[1].reg_file[13]' using process `$paramod$c340cd9ddb594af487b68a1f41f357874e13cce6\simt_execution_core.$proc$simt_execution_core.sv:71$1874'.
  created $adff cell `$procdff$3451' with positive edge clock and positive level reset.
Creating register for signal `$paramod$c340cd9ddb594af487b68a1f41f357874e13cce6\simt_execution_core.\lane[1].reg_file[14]' using process `$paramod$c340cd9ddb594af487b68a1f41f357874e13cce6\simt_execution_core.$proc$simt_execution_core.sv:71$1874'.
  created $adff cell `$procdff$3456' with positive edge clock and positive level reset.
Creating register for signal `$paramod$c340cd9ddb594af487b68a1f41f357874e13cce6\simt_execution_core.\lane[1].reg_file[15]' using process `$paramod$c340cd9ddb594af487b68a1f41f357874e13cce6\simt_execution_core.$proc$simt_execution_core.sv:71$1874'.
  created $adff cell `$procdff$3461' with positive edge clock and positive level reset.
Creating register for signal `$paramod$c340cd9ddb594af487b68a1f41f357874e13cce6\simt_execution_core.$mem2reg_wr$\lane[1].reg_file$simt_execution_core.sv:78$1810_ADDR' using process `$paramod$c340cd9ddb594af487b68a1f41f357874e13cce6\simt_execution_core.$proc$simt_execution_core.sv:71$1874'.
  created $adff cell `$procdff$3466' with positive edge clock and positive level reset.
Creating register for signal `$paramod$c340cd9ddb594af487b68a1f41f357874e13cce6\simt_execution_core.$mem2reg_wr$\lane[1].reg_file$simt_execution_core.sv:78$1810_DATA' using process `$paramod$c340cd9ddb594af487b68a1f41f357874e13cce6\simt_execution_core.$proc$simt_execution_core.sv:71$1874'.
  created $adff cell `$procdff$3471' with positive edge clock and positive level reset.
Creating register for signal `$paramod$c340cd9ddb594af487b68a1f41f357874e13cce6\simt_execution_core.\lane[0].$fordecl_block$1.w' using process `$paramod$c340cd9ddb594af487b68a1f41f357874e13cce6\simt_execution_core.$proc$simt_execution_core.sv:71$1837'.
  created $adff cell `$procdff$3476' with positive edge clock and positive level reset.
Creating register for signal `$paramod$c340cd9ddb594af487b68a1f41f357874e13cce6\simt_execution_core.\lane[0].$fordecl_block$1.$for_loop$2[0].$fordecl_block$3.r' using process `$paramod$c340cd9ddb594af487b68a1f41f357874e13cce6\simt_execution_core.$proc$simt_execution_core.sv:71$1837'.
  created $adff cell `$procdff$3481' with positive edge clock and positive level reset.
Creating register for signal `$paramod$c340cd9ddb594af487b68a1f41f357874e13cce6\simt_execution_core.\lane[0].$fordecl_block$1.$for_loop$2[1].$fordecl_block$3.r' using process `$paramod$c340cd9ddb594af487b68a1f41f357874e13cce6\simt_execution_core.$proc$simt_execution_core.sv:71$1837'.
  created $adff cell `$procdff$3486' with positive edge clock and positive level reset.
Creating register for signal `$paramod$c340cd9ddb594af487b68a1f41f357874e13cce6\simt_execution_core.\lane[0].reg_file[0]' using process `$paramod$c340cd9ddb594af487b68a1f41f357874e13cce6\simt_execution_core.$proc$simt_execution_core.sv:71$1837'.
  created $adff cell `$procdff$3491' with positive edge clock and positive level reset.
Creating register for signal `$paramod$c340cd9ddb594af487b68a1f41f357874e13cce6\simt_execution_core.\lane[0].reg_file[1]' using process `$paramod$c340cd9ddb594af487b68a1f41f357874e13cce6\simt_execution_core.$proc$simt_execution_core.sv:71$1837'.
  created $adff cell `$procdff$3496' with positive edge clock and positive level reset.
Creating register for signal `$paramod$c340cd9ddb594af487b68a1f41f357874e13cce6\simt_execution_core.\lane[0].reg_file[2]' using process `$paramod$c340cd9ddb594af487b68a1f41f357874e13cce6\simt_execution_core.$proc$simt_execution_core.sv:71$1837'.
  created $adff cell `$procdff$3501' with positive edge clock and positive level reset.
Creating register for signal `$paramod$c340cd9ddb594af487b68a1f41f357874e13cce6\simt_execution_core.\lane[0].reg_file[3]' using process `$paramod$c340cd9ddb594af487b68a1f41f357874e13cce6\simt_execution_core.$proc$simt_execution_core.sv:71$1837'.
  created $adff cell `$procdff$3506' with positive edge clock and positive level reset.
Creating register for signal `$paramod$c340cd9ddb594af487b68a1f41f357874e13cce6\simt_execution_core.\lane[0].reg_file[4]' using process `$paramod$c340cd9ddb594af487b68a1f41f357874e13cce6\simt_execution_core.$proc$simt_execution_core.sv:71$1837'.
  created $adff cell `$procdff$3511' with positive edge clock and positive level reset.
Creating register for signal `$paramod$c340cd9ddb594af487b68a1f41f357874e13cce6\simt_execution_core.\lane[0].reg_file[5]' using process `$paramod$c340cd9ddb594af487b68a1f41f357874e13cce6\simt_execution_core.$proc$simt_execution_core.sv:71$1837'.
  created $adff cell `$procdff$3516' with positive edge clock and positive level reset.
Creating register for signal `$paramod$c340cd9ddb594af487b68a1f41f357874e13cce6\simt_execution_core.\lane[0].reg_file[6]' using process `$paramod$c340cd9ddb594af487b68a1f41f357874e13cce6\simt_execution_core.$proc$simt_execution_core.sv:71$1837'.
  created $adff cell `$procdff$3521' with positive edge clock and positive level reset.
Creating register for signal `$paramod$c340cd9ddb594af487b68a1f41f357874e13cce6\simt_execution_core.\lane[0].reg_file[7]' using process `$paramod$c340cd9ddb594af487b68a1f41f357874e13cce6\simt_execution_core.$proc$simt_execution_core.sv:71$1837'.
  created $adff cell `$procdff$3526' with positive edge clock and positive level reset.
Creating register for signal `$paramod$c340cd9ddb594af487b68a1f41f357874e13cce6\simt_execution_core.\lane[0].reg_file[8]' using process `$paramod$c340cd9ddb594af487b68a1f41f357874e13cce6\simt_execution_core.$proc$simt_execution_core.sv:71$1837'.
  created $adff cell `$procdff$3531' with positive edge clock and positive level reset.
Creating register for signal `$paramod$c340cd9ddb594af487b68a1f41f357874e13cce6\simt_execution_core.\lane[0].reg_file[9]' using process `$paramod$c340cd9ddb594af487b68a1f41f357874e13cce6\simt_execution_core.$proc$simt_execution_core.sv:71$1837'.
  created $adff cell `$procdff$3536' with positive edge clock and positive level reset.
Creating register for signal `$paramod$c340cd9ddb594af487b68a1f41f357874e13cce6\simt_execution_core.\lane[0].reg_file[10]' using process `$paramod$c340cd9ddb594af487b68a1f41f357874e13cce6\simt_execution_core.$proc$simt_execution_core.sv:71$1837'.
  created $adff cell `$procdff$3541' with positive edge clock and positive level reset.
Creating register for signal `$paramod$c340cd9ddb594af487b68a1f41f357874e13cce6\simt_execution_core.\lane[0].reg_file[11]' using process `$paramod$c340cd9ddb594af487b68a1f41f357874e13cce6\simt_execution_core.$proc$simt_execution_core.sv:71$1837'.
  created $adff cell `$procdff$3546' with positive edge clock and positive level reset.
Creating register for signal `$paramod$c340cd9ddb594af487b68a1f41f357874e13cce6\simt_execution_core.\lane[0].reg_file[12]' using process `$paramod$c340cd9ddb594af487b68a1f41f357874e13cce6\simt_execution_core.$proc$simt_execution_core.sv:71$1837'.
  created $adff cell `$procdff$3551' with positive edge clock and positive level reset.
Creating register for signal `$paramod$c340cd9ddb594af487b68a1f41f357874e13cce6\simt_execution_core.\lane[0].reg_file[13]' using process `$paramod$c340cd9ddb594af487b68a1f41f357874e13cce6\simt_execution_core.$proc$simt_execution_core.sv:71$1837'.
  created $adff cell `$procdff$3556' with positive edge clock and positive level reset.
Creating register for signal `$paramod$c340cd9ddb594af487b68a1f41f357874e13cce6\simt_execution_core.\lane[0].reg_file[14]' using process `$paramod$c340cd9ddb594af487b68a1f41f357874e13cce6\simt_execution_core.$proc$simt_execution_core.sv:71$1837'.
  created $adff cell `$procdff$3561' with positive edge clock and positive level reset.
Creating register for signal `$paramod$c340cd9ddb594af487b68a1f41f357874e13cce6\simt_execution_core.\lane[0].reg_file[15]' using process `$paramod$c340cd9ddb594af487b68a1f41f357874e13cce6\simt_execution_core.$proc$simt_execution_core.sv:71$1837'.
  created $adff cell `$procdff$3566' with positive edge clock and positive level reset.
Creating register for signal `$paramod$c340cd9ddb594af487b68a1f41f357874e13cce6\simt_execution_core.$mem2reg_wr$\lane[0].reg_file$simt_execution_core.sv:78$1807_ADDR' using process `$paramod$c340cd9ddb594af487b68a1f41f357874e13cce6\simt_execution_core.$proc$simt_execution_core.sv:71$1837'.
  created $adff cell `$procdff$3571' with positive edge clock and positive level reset.
Creating register for signal `$paramod$c340cd9ddb594af487b68a1f41f357874e13cce6\simt_execution_core.$mem2reg_wr$\lane[0].reg_file$simt_execution_core.sv:78$1807_DATA' using process `$paramod$c340cd9ddb594af487b68a1f41f357874e13cce6\simt_execution_core.$proc$simt_execution_core.sv:71$1837'.
  created $adff cell `$procdff$3576' with positive edge clock and positive level reset.
Creating register for signal `$paramod$b2a1694e054de7dfdcdbcd4b1356480af6859439\data_mem.\lane_load_data [127:96]' using process `$paramod$b2a1694e054de7dfdcdbcd4b1356480af6859439\data_mem.$proc$data_mem.sv:29$1793'.
  created $dff cell `$procdff$3577' with positive edge clock.
Creating register for signal `$paramod$b2a1694e054de7dfdcdbcd4b1356480af6859439\data_mem.$memwr$\mem_lanes[3].mem_file$data_mem.sv:31$1768_ADDR' using process `$paramod$b2a1694e054de7dfdcdbcd4b1356480af6859439\data_mem.$proc$data_mem.sv:29$1793'.
  created $dff cell `$procdff$3578' with positive edge clock.
Creating register for signal `$paramod$b2a1694e054de7dfdcdbcd4b1356480af6859439\data_mem.$memwr$\mem_lanes[3].mem_file$data_mem.sv:31$1768_DATA' using process `$paramod$b2a1694e054de7dfdcdbcd4b1356480af6859439\data_mem.$proc$data_mem.sv:29$1793'.
  created $dff cell `$procdff$3579' with positive edge clock.
Creating register for signal `$paramod$b2a1694e054de7dfdcdbcd4b1356480af6859439\data_mem.$memwr$\mem_lanes[3].mem_file$data_mem.sv:31$1768_EN' using process `$paramod$b2a1694e054de7dfdcdbcd4b1356480af6859439\data_mem.$proc$data_mem.sv:29$1793'.
  created $dff cell `$procdff$3580' with positive edge clock.
Creating register for signal `$paramod$b2a1694e054de7dfdcdbcd4b1356480af6859439\data_mem.\lane_load_data [95:64]' using process `$paramod$b2a1694e054de7dfdcdbcd4b1356480af6859439\data_mem.$proc$data_mem.sv:29$1785'.
  created $dff cell `$procdff$3581' with positive edge clock.
Creating register for signal `$paramod$b2a1694e054de7dfdcdbcd4b1356480af6859439\data_mem.$memwr$\mem_lanes[2].mem_file$data_mem.sv:31$1767_ADDR' using process `$paramod$b2a1694e054de7dfdcdbcd4b1356480af6859439\data_mem.$proc$data_mem.sv:29$1785'.
  created $dff cell `$procdff$3582' with positive edge clock.
Creating register for signal `$paramod$b2a1694e054de7dfdcdbcd4b1356480af6859439\data_mem.$memwr$\mem_lanes[2].mem_file$data_mem.sv:31$1767_DATA' using process `$paramod$b2a1694e054de7dfdcdbcd4b1356480af6859439\data_mem.$proc$data_mem.sv:29$1785'.
  created $dff cell `$procdff$3583' with positive edge clock.
Creating register for signal `$paramod$b2a1694e054de7dfdcdbcd4b1356480af6859439\data_mem.$memwr$\mem_lanes[2].mem_file$data_mem.sv:31$1767_EN' using process `$paramod$b2a1694e054de7dfdcdbcd4b1356480af6859439\data_mem.$proc$data_mem.sv:29$1785'.
  created $dff cell `$procdff$3584' with positive edge clock.
Creating register for signal `$paramod$b2a1694e054de7dfdcdbcd4b1356480af6859439\data_mem.\lane_load_data [63:32]' using process `$paramod$b2a1694e054de7dfdcdbcd4b1356480af6859439\data_mem.$proc$data_mem.sv:29$1777'.
  created $dff cell `$procdff$3585' with positive edge clock.
Creating register for signal `$paramod$b2a1694e054de7dfdcdbcd4b1356480af6859439\data_mem.$memwr$\mem_lanes[1].mem_file$data_mem.sv:31$1766_ADDR' using process `$paramod$b2a1694e054de7dfdcdbcd4b1356480af6859439\data_mem.$proc$data_mem.sv:29$1777'.
  created $dff cell `$procdff$3586' with positive edge clock.
Creating register for signal `$paramod$b2a1694e054de7dfdcdbcd4b1356480af6859439\data_mem.$memwr$\mem_lanes[1].mem_file$data_mem.sv:31$1766_DATA' using process `$paramod$b2a1694e054de7dfdcdbcd4b1356480af6859439\data_mem.$proc$data_mem.sv:29$1777'.
  created $dff cell `$procdff$3587' with positive edge clock.
Creating register for signal `$paramod$b2a1694e054de7dfdcdbcd4b1356480af6859439\data_mem.$memwr$\mem_lanes[1].mem_file$data_mem.sv:31$1766_EN' using process `$paramod$b2a1694e054de7dfdcdbcd4b1356480af6859439\data_mem.$proc$data_mem.sv:29$1777'.
  created $dff cell `$procdff$3588' with positive edge clock.
Creating register for signal `$paramod$b2a1694e054de7dfdcdbcd4b1356480af6859439\data_mem.\lane_load_data [31:0]' using process `$paramod$b2a1694e054de7dfdcdbcd4b1356480af6859439\data_mem.$proc$data_mem.sv:29$1769'.
  created $dff cell `$procdff$3589' with positive edge clock.
Creating register for signal `$paramod$b2a1694e054de7dfdcdbcd4b1356480af6859439\data_mem.$memwr$\mem_lanes[0].mem_file$data_mem.sv:31$1765_ADDR' using process `$paramod$b2a1694e054de7dfdcdbcd4b1356480af6859439\data_mem.$proc$data_mem.sv:29$1769'.
  created $dff cell `$procdff$3590' with positive edge clock.
Creating register for signal `$paramod$b2a1694e054de7dfdcdbcd4b1356480af6859439\data_mem.$memwr$\mem_lanes[0].mem_file$data_mem.sv:31$1765_DATA' using process `$paramod$b2a1694e054de7dfdcdbcd4b1356480af6859439\data_mem.$proc$data_mem.sv:29$1769'.
  created $dff cell `$procdff$3591' with positive edge clock.
Creating register for signal `$paramod$b2a1694e054de7dfdcdbcd4b1356480af6859439\data_mem.$memwr$\mem_lanes[0].mem_file$data_mem.sv:31$1765_EN' using process `$paramod$b2a1694e054de7dfdcdbcd4b1356480af6859439\data_mem.$proc$data_mem.sv:29$1769'.
  created $dff cell `$procdff$3592' with positive edge clock.

4.2.10. Executing PROC_MEMWR pass (convert process memory writes to cells).

4.2.11. Executing PROC_CLEAN pass (remove empty switches from decision trees).
Found and cleaned up 1 empty switch in `$paramod$fd0170a58924e6d7b2131d4623b428d1d1232fac\warp_scheduler.$proc$warp_scheduler.sv:38$2017'.
Removing empty process `$paramod$fd0170a58924e6d7b2131d4623b428d1d1232fac\warp_scheduler.$proc$warp_scheduler.sv:38$2017'.
Found and cleaned up 3 empty switches in `$paramod$fd0170a58924e6d7b2131d4623b428d1d1232fac\warp_scheduler.$proc$warp_scheduler.sv:19$2007'.
Removing empty process `$paramod$fd0170a58924e6d7b2131d4623b428d1d1232fac\warp_scheduler.$proc$warp_scheduler.sv:19$2007'.
Found and cleaned up 1 empty switch in `$paramod$c340cd9ddb594af487b68a1f41f357874e13cce6\simt_execution_core.$proc$simt_execution_core.sv:44$2000'.
Removing empty process `$paramod$c340cd9ddb594af487b68a1f41f357874e13cce6\simt_execution_core.$proc$simt_execution_core.sv:44$2000'.
Found and cleaned up 1 empty switch in `$paramod$c340cd9ddb594af487b68a1f41f357874e13cce6\simt_execution_core.$proc$simt_execution_core.sv:43$1995'.
Removing empty process `$paramod$c340cd9ddb594af487b68a1f41f357874e13cce6\simt_execution_core.$proc$simt_execution_core.sv:43$1995'.
Found and cleaned up 1 empty switch in `$paramod$c340cd9ddb594af487b68a1f41f357874e13cce6\simt_execution_core.$proc$simt_execution_core.sv:44$1990'.
Removing empty process `$paramod$c340cd9ddb594af487b68a1f41f357874e13cce6\simt_execution_core.$proc$simt_execution_core.sv:44$1990'.
Found and cleaned up 1 empty switch in `$paramod$c340cd9ddb594af487b68a1f41f357874e13cce6\simt_execution_core.$proc$simt_execution_core.sv:43$1985'.
Removing empty process `$paramod$c340cd9ddb594af487b68a1f41f357874e13cce6\simt_execution_core.$proc$simt_execution_core.sv:43$1985'.
Found and cleaned up 1 empty switch in `$paramod$c340cd9ddb594af487b68a1f41f357874e13cce6\simt_execution_core.$proc$simt_execution_core.sv:44$1980'.
Removing empty process `$paramod$c340cd9ddb594af487b68a1f41f357874e13cce6\simt_execution_core.$proc$simt_execution_core.sv:44$1980'.
Found and cleaned up 1 empty switch in `$paramod$c340cd9ddb594af487b68a1f41f357874e13cce6\simt_execution_core.$proc$simt_execution_core.sv:43$1975'.
Removing empty process `$paramod$c340cd9ddb594af487b68a1f41f357874e13cce6\simt_execution_core.$proc$simt_execution_core.sv:43$1975'.
Found and cleaned up 1 empty switch in `$paramod$c340cd9ddb594af487b68a1f41f357874e13cce6\simt_execution_core.$proc$simt_execution_core.sv:44$1970'.
Removing empty process `$paramod$c340cd9ddb594af487b68a1f41f357874e13cce6\simt_execution_core.$proc$simt_execution_core.sv:44$1970'.
Found and cleaned up 1 empty switch in `$paramod$c340cd9ddb594af487b68a1f41f357874e13cce6\simt_execution_core.$proc$simt_execution_core.sv:43$1965'.
Removing empty process `$paramod$c340cd9ddb594af487b68a1f41f357874e13cce6\simt_execution_core.$proc$simt_execution_core.sv:43$1965'.
Found and cleaned up 2 empty switches in `$paramod$c340cd9ddb594af487b68a1f41f357874e13cce6\simt_execution_core.$proc$simt_execution_core.sv:71$1948'.
Removing empty process `$paramod$c340cd9ddb594af487b68a1f41f357874e13cce6\simt_execution_core.$proc$simt_execution_core.sv:71$1948'.
Found and cleaned up 1 empty switch in `$paramod$c340cd9ddb594af487b68a1f41f357874e13cce6\simt_execution_core.$proc$simt_execution_core.sv:48$1928'.
Removing empty process `$paramod$c340cd9ddb594af487b68a1f41f357874e13cce6\simt_execution_core.$proc$simt_execution_core.sv:48$1928'.
Found and cleaned up 2 empty switches in `$paramod$c340cd9ddb594af487b68a1f41f357874e13cce6\simt_execution_core.$proc$simt_execution_core.sv:71$1911'.
Removing empty process `$paramod$c340cd9ddb594af487b68a1f41f357874e13cce6\simt_execution_core.$proc$simt_execution_core.sv:71$1911'.
Found and cleaned up 1 empty switch in `$paramod$c340cd9ddb594af487b68a1f41f357874e13cce6\simt_execution_core.$proc$simt_execution_core.sv:48$1891'.
Removing empty process `$paramod$c340cd9ddb594af487b68a1f41f357874e13cce6\simt_execution_core.$proc$simt_execution_core.sv:48$1891'.
Found and cleaned up 2 empty switches in `$paramod$c340cd9ddb594af487b68a1f41f357874e13cce6\simt_execution_core.$proc$simt_execution_core.sv:71$1874'.
Removing empty process `$paramod$c340cd9ddb594af487b68a1f41f357874e13cce6\simt_execution_core.$proc$simt_execution_core.sv:71$1874'.
Found and cleaned up 1 empty switch in `$paramod$c340cd9ddb594af487b68a1f41f357874e13cce6\simt_execution_core.$proc$simt_execution_core.sv:48$1854'.
Removing empty process `$paramod$c340cd9ddb594af487b68a1f41f357874e13cce6\simt_execution_core.$proc$simt_execution_core.sv:48$1854'.
Found and cleaned up 2 empty switches in `$paramod$c340cd9ddb594af487b68a1f41f357874e13cce6\simt_execution_core.$proc$simt_execution_core.sv:71$1837'.
Removing empty process `$paramod$c340cd9ddb594af487b68a1f41f357874e13cce6\simt_execution_core.$proc$simt_execution_core.sv:71$1837'.
Found and cleaned up 1 empty switch in `$paramod$c340cd9ddb594af487b68a1f41f357874e13cce6\simt_execution_core.$proc$simt_execution_core.sv:48$1817'.
Removing empty process `$paramod$c340cd9ddb594af487b68a1f41f357874e13cce6\simt_execution_core.$proc$simt_execution_core.sv:48$1817'.
Found and cleaned up 1 empty switch in `$paramod$bbdd970d5e9d5db000ca33c4cf0f699d1c916bbb\inst_mem.$proc$inst_mem.sv:17$1802'.
Removing empty process `$paramod$bbdd970d5e9d5db000ca33c4cf0f699d1c916bbb\inst_mem.$proc$inst_mem.sv:17$1802'.
Removing empty process `$paramod$20f9d1ebf2d220d6d149ed1f156499717425796a\fetch_decode_unit.$proc$fetch_decode_unit.sv:39$1801'.
Found and cleaned up 1 empty switch in `$paramod$b2a1694e054de7dfdcdbcd4b1356480af6859439\data_mem.$proc$data_mem.sv:29$1793'.
Removing empty process `$paramod$b2a1694e054de7dfdcdbcd4b1356480af6859439\data_mem.$proc$data_mem.sv:29$1793'.
Found and cleaned up 1 empty switch in `$paramod$b2a1694e054de7dfdcdbcd4b1356480af6859439\data_mem.$proc$data_mem.sv:29$1785'.
Removing empty process `$paramod$b2a1694e054de7dfdcdbcd4b1356480af6859439\data_mem.$proc$data_mem.sv:29$1785'.
Found and cleaned up 1 empty switch in `$paramod$b2a1694e054de7dfdcdbcd4b1356480af6859439\data_mem.$proc$data_mem.sv:29$1777'.
Removing empty process `$paramod$b2a1694e054de7dfdcdbcd4b1356480af6859439\data_mem.$proc$data_mem.sv:29$1777'.
Found and cleaned up 1 empty switch in `$paramod$b2a1694e054de7dfdcdbcd4b1356480af6859439\data_mem.$proc$data_mem.sv:29$1769'.
Removing empty process `$paramod$b2a1694e054de7dfdcdbcd4b1356480af6859439\data_mem.$proc$data_mem.sv:29$1769'.
Removing empty process `gpu_top.$proc$gpu_top.sv:121$1764'.
Cleaned up 29 empty switches.

4.2.12. Executing OPT_EXPR pass (perform const folding).
Optimizing module $paramod$fd0170a58924e6d7b2131d4623b428d1d1232fac\warp_scheduler.
<suppressed ~15 debug messages>
Optimizing module $paramod$c340cd9ddb594af487b68a1f41f357874e13cce6\simt_execution_core.
<suppressed ~184 debug messages>
Optimizing module $paramod\pc_update_unit\PC_WIDTH=s32'00000000000000000000000000100000.
Optimizing module $paramod$bbdd970d5e9d5db000ca33c4cf0f699d1c916bbb\inst_mem.
<suppressed ~2 debug messages>
Optimizing module $paramod$20f9d1ebf2d220d6d149ed1f156499717425796a\fetch_decode_unit.
Optimizing module $paramod$b2a1694e054de7dfdcdbcd4b1356480af6859439\data_mem.
Optimizing module gpu_top.

4.3. Executing OPT_EXPR pass (perform const folding).
Optimizing module $paramod$fd0170a58924e6d7b2131d4623b428d1d1232fac\warp_scheduler.
Optimizing module $paramod$c340cd9ddb594af487b68a1f41f357874e13cce6\simt_execution_core.
<suppressed ~24 debug messages>
Optimizing module $paramod\pc_update_unit\PC_WIDTH=s32'00000000000000000000000000100000.
Optimizing module $paramod$bbdd970d5e9d5db000ca33c4cf0f699d1c916bbb\inst_mem.
Optimizing module $paramod$20f9d1ebf2d220d6d149ed1f156499717425796a\fetch_decode_unit.
Optimizing module $paramod$b2a1694e054de7dfdcdbcd4b1356480af6859439\data_mem.
Optimizing module gpu_top.

4.4. Executing OPT_CLEAN pass (remove unused cells and wires).
Finding unused cells or wires in module $paramod$fd0170a58924e6d7b2131d4623b428d1d1232fac\warp_scheduler..
Finding unused cells or wires in module $paramod$c340cd9ddb594af487b68a1f41f357874e13cce6\simt_execution_core..
Finding unused cells or wires in module $paramod\pc_update_unit\PC_WIDTH=s32'00000000000000000000000000100000..
Finding unused cells or wires in module $paramod$bbdd970d5e9d5db000ca33c4cf0f699d1c916bbb\inst_mem..
Finding unused cells or wires in module $paramod$20f9d1ebf2d220d6d149ed1f156499717425796a\fetch_decode_unit..
Finding unused cells or wires in module $paramod$b2a1694e054de7dfdcdbcd4b1356480af6859439\data_mem..
Finding unused cells or wires in module \gpu_top..
Removed 142 unused cells and 564 unused wires.
<suppressed ~151 debug messages>

4.5. Executing CHECK pass (checking for obvious problems).
Checking module $paramod$fd0170a58924e6d7b2131d4623b428d1d1232fac\warp_scheduler...
Checking module $paramod$c340cd9ddb594af487b68a1f41f357874e13cce6\simt_execution_core...
Checking module $paramod\pc_update_unit\PC_WIDTH=s32'00000000000000000000000000100000...
Checking module $paramod$bbdd970d5e9d5db000ca33c4cf0f699d1c916bbb\inst_mem...
Checking module $paramod$20f9d1ebf2d220d6d149ed1f156499717425796a\fetch_decode_unit...
Checking module $paramod$b2a1694e054de7dfdcdbcd4b1356480af6859439\data_mem...
Checking module gpu_top...
Found and reported 0 problems.

4.6. Executing OPT pass (performing simple optimizations).

4.6.1. Executing OPT_EXPR pass (perform const folding).
Optimizing module $paramod$fd0170a58924e6d7b2131d4623b428d1d1232fac\warp_scheduler.
Optimizing module $paramod$c340cd9ddb594af487b68a1f41f357874e13cce6\simt_execution_core.
Optimizing module $paramod\pc_update_unit\PC_WIDTH=s32'00000000000000000000000000100000.
Optimizing module $paramod$bbdd970d5e9d5db000ca33c4cf0f699d1c916bbb\inst_mem.
Optimizing module $paramod$20f9d1ebf2d220d6d149ed1f156499717425796a\fetch_decode_unit.
Optimizing module $paramod$b2a1694e054de7dfdcdbcd4b1356480af6859439\data_mem.
Optimizing module gpu_top.

4.6.2. Executing OPT_MERGE pass (detect identical cells).
Finding identical cells in module `$paramod$fd0170a58924e6d7b2131d4623b428d1d1232fac\warp_scheduler'.
Computing hashes of 12 cells of `$paramod$fd0170a58924e6d7b2131d4623b428d1d1232fac\warp_scheduler'.
Finding duplicate cells in `$paramod$fd0170a58924e6d7b2131d4623b428d1d1232fac\warp_scheduler'.
Finding identical cells in module `$paramod$c340cd9ddb594af487b68a1f41f357874e13cce6\simt_execution_core'.
Computing hashes of 552 cells of `$paramod$c340cd9ddb594af487b68a1f41f357874e13cce6\simt_execution_core'.
Finding duplicate cells in `$paramod$c340cd9ddb594af487b68a1f41f357874e13cce6\simt_execution_core'.
Computing hashes of 491 cells of `$paramod$c340cd9ddb594af487b68a1f41f357874e13cce6\simt_execution_core'.
Finding duplicate cells in `$paramod$c340cd9ddb594af487b68a1f41f357874e13cce6\simt_execution_core'.
Computing hashes of 347 cells of `$paramod$c340cd9ddb594af487b68a1f41f357874e13cce6\simt_execution_core'.
Finding duplicate cells in `$paramod$c340cd9ddb594af487b68a1f41f357874e13cce6\simt_execution_core'.
<suppressed ~615 debug messages>
Finding identical cells in module `$paramod\pc_update_unit\PC_WIDTH=s32'00000000000000000000000000100000'.
Computing hashes of 2 cells of `$paramod\pc_update_unit\PC_WIDTH=s32'00000000000000000000000000100000'.
Finding duplicate cells in `$paramod\pc_update_unit\PC_WIDTH=s32'00000000000000000000000000100000'.
Finding identical cells in module `$paramod$bbdd970d5e9d5db000ca33c4cf0f699d1c916bbb\inst_mem'.
Computing hashes of 3 cells of `$paramod$bbdd970d5e9d5db000ca33c4cf0f699d1c916bbb\inst_mem'.
Finding duplicate cells in `$paramod$bbdd970d5e9d5db000ca33c4cf0f699d1c916bbb\inst_mem'.
Finding identical cells in module `$paramod$20f9d1ebf2d220d6d149ed1f156499717425796a\fetch_decode_unit'.
Computing hashes of 0 cells of `$paramod$20f9d1ebf2d220d6d149ed1f156499717425796a\fetch_decode_unit'.
Finding duplicate cells in `$paramod$20f9d1ebf2d220d6d149ed1f156499717425796a\fetch_decode_unit'.
Finding identical cells in module `$paramod$b2a1694e054de7dfdcdbcd4b1356480af6859439\data_mem'.
Computing hashes of 28 cells of `$paramod$b2a1694e054de7dfdcdbcd4b1356480af6859439\data_mem'.
Finding duplicate cells in `$paramod$b2a1694e054de7dfdcdbcd4b1356480af6859439\data_mem'.
Finding identical cells in module `\gpu_top'.
Computing hashes of 6 cells of `\gpu_top'.
Finding duplicate cells in `\gpu_top'.
Removed a total of 205 cells.

4.6.3. Executing OPT_MUXTREE pass (detect dead branches in mux trees).
Running muxtree optimizer on module $paramod$fd0170a58924e6d7b2131d4623b428d1d1232fac\warp_scheduler..
  Creating internal representation of mux trees.
  Evaluating internal representation of mux trees.
  Analyzing evaluation results.
Running muxtree optimizer on module $paramod$c340cd9ddb594af487b68a1f41f357874e13cce6\simt_execution_core..
  Creating internal representation of mux trees.
  Evaluating internal representation of mux trees.
  Analyzing evaluation results.
Running muxtree optimizer on module $paramod\pc_update_unit\PC_WIDTH=s32'00000000000000000000000000100000..
  Creating internal representation of mux trees.
  Evaluating internal representation of mux trees.
  Analyzing evaluation results.
Running muxtree optimizer on module $paramod$bbdd970d5e9d5db000ca33c4cf0f699d1c916bbb\inst_mem..
  Creating internal representation of mux trees.
  Evaluating internal representation of mux trees.
  Analyzing evaluation results.
Running muxtree optimizer on module $paramod$20f9d1ebf2d220d6d149ed1f156499717425796a\fetch_decode_unit..
  Creating internal representation of mux trees.
  No muxes found in this module.
Running muxtree optimizer on module $paramod$b2a1694e054de7dfdcdbcd4b1356480af6859439\data_mem..
  Creating internal representation of mux trees.
  Evaluating internal representation of mux trees.
  Analyzing evaluation results.
Running muxtree optimizer on module \gpu_top..
  Creating internal representation of mux trees.
  No muxes found in this module.
Removed 0 multiplexer ports.
<suppressed ~518 debug messages>

4.6.4. Executing OPT_REDUCE pass (consolidate $*mux and $reduce_* inputs).
  Optimizing cells in module $paramod$fd0170a58924e6d7b2131d4623b428d1d1232fac\warp_scheduler.
  Optimizing cells in module $paramod$c340cd9ddb594af487b68a1f41f357874e13cce6\simt_execution_core.
  Optimizing cells in module $paramod\pc_update_unit\PC_WIDTH=s32'00000000000000000000000000100000.
  Optimizing cells in module $paramod$bbdd970d5e9d5db000ca33c4cf0f699d1c916bbb\inst_mem.
  Optimizing cells in module $paramod$20f9d1ebf2d220d6d149ed1f156499717425796a\fetch_decode_unit.
  Optimizing cells in module $paramod$b2a1694e054de7dfdcdbcd4b1356480af6859439\data_mem.
    Consolidated identical input bits for $mux cell $procmux$3116:
      Old ports: A=0, B=32'11111111111111111111111111111111, Y=$0$memwr$\mem_lanes[0].mem_file$data_mem.sv:31$1765_EN[31:0]$1772
      New ports: A=1'0, B=1'1, Y=$0$memwr$\mem_lanes[0].mem_file$data_mem.sv:31$1765_EN[31:0]$1772 [0]
      New connections: $0$memwr$\mem_lanes[0].mem_file$data_mem.sv:31$1765_EN[31:0]$1772 [31:1] = { $0$memwr$\mem_lanes[0].mem_file$data_mem.sv:31$1765_EN[31:0]$1772 [0] $0$memwr$\mem_lanes[0].mem_file$data_mem.sv:31$1765_EN[31:0]$1772 [0] $0$memwr$\mem_lanes[0].mem_file$data_mem.sv:31$1765_EN[31:0]$1772 [0] $0$memwr$\mem_lanes[0].mem_file$data_mem.sv:31$1765_EN[31:0]$1772 [0] $0$memwr$\mem_lanes[0].mem_file$data_mem.sv:31$1765_EN[31:0]$1772 [0] $0$memwr$\mem_lanes[0].mem_file$data_mem.sv:31$1765_EN[31:0]$1772 [0] $0$memwr$\mem_lanes[0].mem_file$data_mem.sv:31$1765_EN[31:0]$1772 [0] $0$memwr$\mem_lanes[0].mem_file$data_mem.sv:31$1765_EN[31:0]$1772 [0] $0$memwr$\mem_lanes[0].mem_file$data_mem.sv:31$1765_EN[31:0]$1772 [0] $0$memwr$\mem_lanes[0].mem_file$data_mem.sv:31$1765_EN[31:0]$1772 [0] $0$memwr$\mem_lanes[0].mem_file$data_mem.sv:31$1765_EN[31:0]$1772 [0] $0$memwr$\mem_lanes[0].mem_file$data_mem.sv:31$1765_EN[31:0]$1772 [0] $0$memwr$\mem_lanes[0].mem_file$data_mem.sv:31$1765_EN[31:0]$1772 [0] $0$memwr$\mem_lanes[0].mem_file$data_mem.sv:31$1765_EN[31:0]$1772 [0] $0$memwr$\mem_lanes[0].mem_file$data_mem.sv:31$1765_EN[31:0]$1772 [0] $0$memwr$\mem_lanes[0].mem_file$data_mem.sv:31$1765_EN[31:0]$1772 [0] $0$memwr$\mem_lanes[0].mem_file$data_mem.sv:31$1765_EN[31:0]$1772 [0] $0$memwr$\mem_lanes[0].mem_file$data_mem.sv:31$1765_EN[31:0]$1772 [0] $0$memwr$\mem_lanes[0].mem_file$data_mem.sv:31$1765_EN[31:0]$1772 [0] $0$memwr$\mem_lanes[0].mem_file$data_mem.sv:31$1765_EN[31:0]$1772 [0] $0$memwr$\mem_lanes[0].mem_file$data_mem.sv:31$1765_EN[31:0]$1772 [0] $0$memwr$\mem_lanes[0].mem_file$data_mem.sv:31$1765_EN[31:0]$1772 [0] $0$memwr$\mem_lanes[0].mem_file$data_mem.sv:31$1765_EN[31:0]$1772 [0] $0$memwr$\mem_lanes[0].mem_file$data_mem.sv:31$1765_EN[31:0]$1772 [0] $0$memwr$\mem_lanes[0].mem_file$data_mem.sv:31$1765_EN[31:0]$1772 [0] $0$memwr$\mem_lanes[0].mem_file$data_mem.sv:31$1765_EN[31:0]$1772 [0] $0$memwr$\mem_lanes[0].mem_file$data_mem.sv:31$1765_EN[31:0]$1772 [0] $0$memwr$\mem_lanes[0].mem_file$data_mem.sv:31$1765_EN[31:0]$1772 [0] $0$memwr$\mem_lanes[0].mem_file$data_mem.sv:31$1765_EN[31:0]$1772 [0] $0$memwr$\mem_lanes[0].mem_file$data_mem.sv:31$1765_EN[31:0]$1772 [0] $0$memwr$\mem_lanes[0].mem_file$data_mem.sv:31$1765_EN[31:0]$1772 [0] }
    Consolidated identical input bits for $mux cell $procmux$3104:
      Old ports: A=0, B=32'11111111111111111111111111111111, Y=$0$memwr$\mem_lanes[1].mem_file$data_mem.sv:31$1766_EN[31:0]$1780
      New ports: A=1'0, B=1'1, Y=$0$memwr$\mem_lanes[1].mem_file$data_mem.sv:31$1766_EN[31:0]$1780 [0]
      New connections: $0$memwr$\mem_lanes[1].mem_file$data_mem.sv:31$1766_EN[31:0]$1780 [31:1] = { $0$memwr$\mem_lanes[1].mem_file$data_mem.sv:31$1766_EN[31:0]$1780 [0] $0$memwr$\mem_lanes[1].mem_file$data_mem.sv:31$1766_EN[31:0]$1780 [0] $0$memwr$\mem_lanes[1].mem_file$data_mem.sv:31$1766_EN[31:0]$1780 [0] $0$memwr$\mem_lanes[1].mem_file$data_mem.sv:31$1766_EN[31:0]$1780 [0] $0$memwr$\mem_lanes[1].mem_file$data_mem.sv:31$1766_EN[31:0]$1780 [0] $0$memwr$\mem_lanes[1].mem_file$data_mem.sv:31$1766_EN[31:0]$1780 [0] $0$memwr$\mem_lanes[1].mem_file$data_mem.sv:31$1766_EN[31:0]$1780 [0] $0$memwr$\mem_lanes[1].mem_file$data_mem.sv:31$1766_EN[31:0]$1780 [0] $0$memwr$\mem_lanes[1].mem_file$data_mem.sv:31$1766_EN[31:0]$1780 [0] $0$memwr$\mem_lanes[1].mem_file$data_mem.sv:31$1766_EN[31:0]$1780 [0] $0$memwr$\mem_lanes[1].mem_file$data_mem.sv:31$1766_EN[31:0]$1780 [0] $0$memwr$\mem_lanes[1].mem_file$data_mem.sv:31$1766_EN[31:0]$1780 [0] $0$memwr$\mem_lanes[1].mem_file$data_mem.sv:31$1766_EN[31:0]$1780 [0] $0$memwr$\mem_lanes[1].mem_file$data_mem.sv:31$1766_EN[31:0]$1780 [0] $0$memwr$\mem_lanes[1].mem_file$data_mem.sv:31$1766_EN[31:0]$1780 [0] $0$memwr$\mem_lanes[1].mem_file$data_mem.sv:31$1766_EN[31:0]$1780 [0] $0$memwr$\mem_lanes[1].mem_file$data_mem.sv:31$1766_EN[31:0]$1780 [0] $0$memwr$\mem_lanes[1].mem_file$data_mem.sv:31$1766_EN[31:0]$1780 [0] $0$memwr$\mem_lanes[1].mem_file$data_mem.sv:31$1766_EN[31:0]$1780 [0] $0$memwr$\mem_lanes[1].mem_file$data_mem.sv:31$1766_EN[31:0]$1780 [0] $0$memwr$\mem_lanes[1].mem_file$data_mem.sv:31$1766_EN[31:0]$1780 [0] $0$memwr$\mem_lanes[1].mem_file$data_mem.sv:31$1766_EN[31:0]$1780 [0] $0$memwr$\mem_lanes[1].mem_file$data_mem.sv:31$1766_EN[31:0]$1780 [0] $0$memwr$\mem_lanes[1].mem_file$data_mem.sv:31$1766_EN[31:0]$1780 [0] $0$memwr$\mem_lanes[1].mem_file$data_mem.sv:31$1766_EN[31:0]$1780 [0] $0$memwr$\mem_lanes[1].mem_file$data_mem.sv:31$1766_EN[31:0]$1780 [0] $0$memwr$\mem_lanes[1].mem_file$data_mem.sv:31$1766_EN[31:0]$1780 [0] $0$memwr$\mem_lanes[1].mem_file$data_mem.sv:31$1766_EN[31:0]$1780 [0] $0$memwr$\mem_lanes[1].mem_file$data_mem.sv:31$1766_EN[31:0]$1780 [0] $0$memwr$\mem_lanes[1].mem_file$data_mem.sv:31$1766_EN[31:0]$1780 [0] $0$memwr$\mem_lanes[1].mem_file$data_mem.sv:31$1766_EN[31:0]$1780 [0] }
    Consolidated identical input bits for $mux cell $procmux$3092:
      Old ports: A=0, B=32'11111111111111111111111111111111, Y=$0$memwr$\mem_lanes[2].mem_file$data_mem.sv:31$1767_EN[31:0]$1788
      New ports: A=1'0, B=1'1, Y=$0$memwr$\mem_lanes[2].mem_file$data_mem.sv:31$1767_EN[31:0]$1788 [0]
      New connections: $0$memwr$\mem_lanes[2].mem_file$data_mem.sv:31$1767_EN[31:0]$1788 [31:1] = { $0$memwr$\mem_lanes[2].mem_file$data_mem.sv:31$1767_EN[31:0]$1788 [0] $0$memwr$\mem_lanes[2].mem_file$data_mem.sv:31$1767_EN[31:0]$1788 [0] $0$memwr$\mem_lanes[2].mem_file$data_mem.sv:31$1767_EN[31:0]$1788 [0] $0$memwr$\mem_lanes[2].mem_file$data_mem.sv:31$1767_EN[31:0]$1788 [0] $0$memwr$\mem_lanes[2].mem_file$data_mem.sv:31$1767_EN[31:0]$1788 [0] $0$memwr$\mem_lanes[2].mem_file$data_mem.sv:31$1767_EN[31:0]$1788 [0] $0$memwr$\mem_lanes[2].mem_file$data_mem.sv:31$1767_EN[31:0]$1788 [0] $0$memwr$\mem_lanes[2].mem_file$data_mem.sv:31$1767_EN[31:0]$1788 [0] $0$memwr$\mem_lanes[2].mem_file$data_mem.sv:31$1767_EN[31:0]$1788 [0] $0$memwr$\mem_lanes[2].mem_file$data_mem.sv:31$1767_EN[31:0]$1788 [0] $0$memwr$\mem_lanes[2].mem_file$data_mem.sv:31$1767_EN[31:0]$1788 [0] $0$memwr$\mem_lanes[2].mem_file$data_mem.sv:31$1767_EN[31:0]$1788 [0] $0$memwr$\mem_lanes[2].mem_file$data_mem.sv:31$1767_EN[31:0]$1788 [0] $0$memwr$\mem_lanes[2].mem_file$data_mem.sv:31$1767_EN[31:0]$1788 [0] $0$memwr$\mem_lanes[2].mem_file$data_mem.sv:31$1767_EN[31:0]$1788 [0] $0$memwr$\mem_lanes[2].mem_file$data_mem.sv:31$1767_EN[31:0]$1788 [0] $0$memwr$\mem_lanes[2].mem_file$data_mem.sv:31$1767_EN[31:0]$1788 [0] $0$memwr$\mem_lanes[2].mem_file$data_mem.sv:31$1767_EN[31:0]$1788 [0] $0$memwr$\mem_lanes[2].mem_file$data_mem.sv:31$1767_EN[31:0]$1788 [0] $0$memwr$\mem_lanes[2].mem_file$data_mem.sv:31$1767_EN[31:0]$1788 [0] $0$memwr$\mem_lanes[2].mem_file$data_mem.sv:31$1767_EN[31:0]$1788 [0] $0$memwr$\mem_lanes[2].mem_file$data_mem.sv:31$1767_EN[31:0]$1788 [0] $0$memwr$\mem_lanes[2].mem_file$data_mem.sv:31$1767_EN[31:0]$1788 [0] $0$memwr$\mem_lanes[2].mem_file$data_mem.sv:31$1767_EN[31:0]$1788 [0] $0$memwr$\mem_lanes[2].mem_file$data_mem.sv:31$1767_EN[31:0]$1788 [0] $0$memwr$\mem_lanes[2].mem_file$data_mem.sv:31$1767_EN[31:0]$1788 [0] $0$memwr$\mem_lanes[2].mem_file$data_mem.sv:31$1767_EN[31:0]$1788 [0] $0$memwr$\mem_lanes[2].mem_file$data_mem.sv:31$1767_EN[31:0]$1788 [0] $0$memwr$\mem_lanes[2].mem_file$data_mem.sv:31$1767_EN[31:0]$1788 [0] $0$memwr$\mem_lanes[2].mem_file$data_mem.sv:31$1767_EN[31:0]$1788 [0] $0$memwr$\mem_lanes[2].mem_file$data_mem.sv:31$1767_EN[31:0]$1788 [0] }
    Consolidated identical input bits for $mux cell $procmux$3080:
      Old ports: A=0, B=32'11111111111111111111111111111111, Y=$0$memwr$\mem_lanes[3].mem_file$data_mem.sv:31$1768_EN[31:0]$1796
      New ports: A=1'0, B=1'1, Y=$0$memwr$\mem_lanes[3].mem_file$data_mem.sv:31$1768_EN[31:0]$1796 [0]
      New connections: $0$memwr$\mem_lanes[3].mem_file$data_mem.sv:31$1768_EN[31:0]$1796 [31:1] = { $0$memwr$\mem_lanes[3].mem_file$data_mem.sv:31$1768_EN[31:0]$1796 [0] $0$memwr$\mem_lanes[3].mem_file$data_mem.sv:31$1768_EN[31:0]$1796 [0] $0$memwr$\mem_lanes[3].mem_file$data_mem.sv:31$1768_EN[31:0]$1796 [0] $0$memwr$\mem_lanes[3].mem_file$data_mem.sv:31$1768_EN[31:0]$1796 [0] $0$memwr$\mem_lanes[3].mem_file$data_mem.sv:31$1768_EN[31:0]$1796 [0] $0$memwr$\mem_lanes[3].mem_file$data_mem.sv:31$1768_EN[31:0]$1796 [0] $0$memwr$\mem_lanes[3].mem_file$data_mem.sv:31$1768_EN[31:0]$1796 [0] $0$memwr$\mem_lanes[3].mem_file$data_mem.sv:31$1768_EN[31:0]$1796 [0] $0$memwr$\mem_lanes[3].mem_file$data_mem.sv:31$1768_EN[31:0]$1796 [0] $0$memwr$\mem_lanes[3].mem_file$data_mem.sv:31$1768_EN[31:0]$1796 [0] $0$memwr$\mem_lanes[3].mem_file$data_mem.sv:31$1768_EN[31:0]$1796 [0] $0$memwr$\mem_lanes[3].mem_file$data_mem.sv:31$1768_EN[31:0]$1796 [0] $0$memwr$\mem_lanes[3].mem_file$data_mem.sv:31$1768_EN[31:0]$1796 [0] $0$memwr$\mem_lanes[3].mem_file$data_mem.sv:31$1768_EN[31:0]$1796 [0] $0$memwr$\mem_lanes[3].mem_file$data_mem.sv:31$1768_EN[31:0]$1796 [0] $0$memwr$\mem_lanes[3].mem_file$data_mem.sv:31$1768_EN[31:0]$1796 [0] $0$memwr$\mem_lanes[3].mem_file$data_mem.sv:31$1768_EN[31:0]$1796 [0] $0$memwr$\mem_lanes[3].mem_file$data_mem.sv:31$1768_EN[31:0]$1796 [0] $0$memwr$\mem_lanes[3].mem_file$data_mem.sv:31$1768_EN[31:0]$1796 [0] $0$memwr$\mem_lanes[3].mem_file$data_mem.sv:31$1768_EN[31:0]$1796 [0] $0$memwr$\mem_lanes[3].mem_file$data_mem.sv:31$1768_EN[31:0]$1796 [0] $0$memwr$\mem_lanes[3].mem_file$data_mem.sv:31$1768_EN[31:0]$1796 [0] $0$memwr$\mem_lanes[3].mem_file$data_mem.sv:31$1768_EN[31:0]$1796 [0] $0$memwr$\mem_lanes[3].mem_file$data_mem.sv:31$1768_EN[31:0]$1796 [0] $0$memwr$\mem_lanes[3].mem_file$data_mem.sv:31$1768_EN[31:0]$1796 [0] $0$memwr$\mem_lanes[3].mem_file$data_mem.sv:31$1768_EN[31:0]$1796 [0] $0$memwr$\mem_lanes[3].mem_file$data_mem.sv:31$1768_EN[31:0]$1796 [0] $0$memwr$\mem_lanes[3].mem_file$data_mem.sv:31$1768_EN[31:0]$1796 [0] $0$memwr$\mem_lanes[3].mem_file$data_mem.sv:31$1768_EN[31:0]$1796 [0] $0$memwr$\mem_lanes[3].mem_file$data_mem.sv:31$1768_EN[31:0]$1796 [0] $0$memwr$\mem_lanes[3].mem_file$data_mem.sv:31$1768_EN[31:0]$1796 [0] }
  Optimizing cells in module $paramod$b2a1694e054de7dfdcdbcd4b1356480af6859439\data_mem.
  Optimizing cells in module \gpu_top.
Performed a total of 4 changes.

4.6.5. Executing OPT_MERGE pass (detect identical cells).
Finding identical cells in module `$paramod$fd0170a58924e6d7b2131d4623b428d1d1232fac\warp_scheduler'.
Computing hashes of 12 cells of `$paramod$fd0170a58924e6d7b2131d4623b428d1d1232fac\warp_scheduler'.
Finding duplicate cells in `$paramod$fd0170a58924e6d7b2131d4623b428d1d1232fac\warp_scheduler'.
Finding identical cells in module `$paramod$c340cd9ddb594af487b68a1f41f357874e13cce6\simt_execution_core'.
Computing hashes of 347 cells of `$paramod$c340cd9ddb594af487b68a1f41f357874e13cce6\simt_execution_core'.
Finding duplicate cells in `$paramod$c340cd9ddb594af487b68a1f41f357874e13cce6\simt_execution_core'.
Finding identical cells in module `$paramod\pc_update_unit\PC_WIDTH=s32'00000000000000000000000000100000'.
Computing hashes of 2 cells of `$paramod\pc_update_unit\PC_WIDTH=s32'00000000000000000000000000100000'.
Finding duplicate cells in `$paramod\pc_update_unit\PC_WIDTH=s32'00000000000000000000000000100000'.
Finding identical cells in module `$paramod$bbdd970d5e9d5db000ca33c4cf0f699d1c916bbb\inst_mem'.
Computing hashes of 3 cells of `$paramod$bbdd970d5e9d5db000ca33c4cf0f699d1c916bbb\inst_mem'.
Finding duplicate cells in `$paramod$bbdd970d5e9d5db000ca33c4cf0f699d1c916bbb\inst_mem'.
Finding identical cells in module `$paramod$20f9d1ebf2d220d6d149ed1f156499717425796a\fetch_decode_unit'.
Computing hashes of 0 cells of `$paramod$20f9d1ebf2d220d6d149ed1f156499717425796a\fetch_decode_unit'.
Finding duplicate cells in `$paramod$20f9d1ebf2d220d6d149ed1f156499717425796a\fetch_decode_unit'.
Finding identical cells in module `$paramod$b2a1694e054de7dfdcdbcd4b1356480af6859439\data_mem'.
Computing hashes of 28 cells of `$paramod$b2a1694e054de7dfdcdbcd4b1356480af6859439\data_mem'.
Finding duplicate cells in `$paramod$b2a1694e054de7dfdcdbcd4b1356480af6859439\data_mem'.
Computing hashes of 25 cells of `$paramod$b2a1694e054de7dfdcdbcd4b1356480af6859439\data_mem'.
Finding duplicate cells in `$paramod$b2a1694e054de7dfdcdbcd4b1356480af6859439\data_mem'.
<suppressed ~9 debug messages>
Finding identical cells in module `\gpu_top'.
Computing hashes of 6 cells of `\gpu_top'.
Finding duplicate cells in `\gpu_top'.
Removed a total of 3 cells.

4.6.6. Executing OPT_DFF pass (perform DFF optimizations).

4.6.7. Executing OPT_CLEAN pass (remove unused cells and wires).
Finding unused cells or wires in module $paramod$fd0170a58924e6d7b2131d4623b428d1d1232fac\warp_scheduler..
Finding unused cells or wires in module $paramod$c340cd9ddb594af487b68a1f41f357874e13cce6\simt_execution_core..
Finding unused cells or wires in module $paramod\pc_update_unit\PC_WIDTH=s32'00000000000000000000000000100000..
Finding unused cells or wires in module $paramod$bbdd970d5e9d5db000ca33c4cf0f699d1c916bbb\inst_mem..
Finding unused cells or wires in module $paramod$20f9d1ebf2d220d6d149ed1f156499717425796a\fetch_decode_unit..
Finding unused cells or wires in module $paramod$b2a1694e054de7dfdcdbcd4b1356480af6859439\data_mem..
Finding unused cells or wires in module \gpu_top..
Removed 0 unused cells and 208 unused wires.
<suppressed ~2 debug messages>

4.6.8. Executing OPT_EXPR pass (perform const folding).
Optimizing module $paramod$fd0170a58924e6d7b2131d4623b428d1d1232fac\warp_scheduler.
Optimizing module $paramod$c340cd9ddb594af487b68a1f41f357874e13cce6\simt_execution_core.
Optimizing module $paramod\pc_update_unit\PC_WIDTH=s32'00000000000000000000000000100000.
Optimizing module $paramod$bbdd970d5e9d5db000ca33c4cf0f699d1c916bbb\inst_mem.
Optimizing module $paramod$20f9d1ebf2d220d6d149ed1f156499717425796a\fetch_decode_unit.
Optimizing module $paramod$b2a1694e054de7dfdcdbcd4b1356480af6859439\data_mem.
Optimizing module gpu_top.

4.6.9. Rerunning OPT passes. (Maybe there is more to do..)

4.6.10. Executing OPT_MUXTREE pass (detect dead branches in mux trees).
Running muxtree optimizer on module $paramod$fd0170a58924e6d7b2131d4623b428d1d1232fac\warp_scheduler..
  Creating internal representation of mux trees.
  Evaluating internal representation of mux trees.
  Analyzing evaluation results.
Running muxtree optimizer on module $paramod$c340cd9ddb594af487b68a1f41f357874e13cce6\simt_execution_core..
  Creating internal representation of mux trees.
  Evaluating internal representation of mux trees.
  Analyzing evaluation results.
Running muxtree optimizer on module $paramod\pc_update_unit\PC_WIDTH=s32'00000000000000000000000000100000..
  Creating internal representation of mux trees.
  Evaluating internal representation of mux trees.
  Analyzing evaluation results.
Running muxtree optimizer on module $paramod$bbdd970d5e9d5db000ca33c4cf0f699d1c916bbb\inst_mem..
  Creating internal representation of mux trees.
  Evaluating internal representation of mux trees.
  Analyzing evaluation results.
Running muxtree optimizer on module $paramod$20f9d1ebf2d220d6d149ed1f156499717425796a\fetch_decode_unit..
  Creating internal representation of mux trees.
  No muxes found in this module.
Running muxtree optimizer on module $paramod$b2a1694e054de7dfdcdbcd4b1356480af6859439\data_mem..
  Creating internal representation of mux trees.
  Evaluating internal representation of mux trees.
  Analyzing evaluation results.
Running muxtree optimizer on module \gpu_top..
  Creating internal representation of mux trees.
  No muxes found in this module.
Removed 0 multiplexer ports.
<suppressed ~512 debug messages>

4.6.11. Executing OPT_REDUCE pass (consolidate $*mux and $reduce_* inputs).
  Optimizing cells in module $paramod$fd0170a58924e6d7b2131d4623b428d1d1232fac\warp_scheduler.
  Optimizing cells in module $paramod$c340cd9ddb594af487b68a1f41f357874e13cce6\simt_execution_core.
  Optimizing cells in module $paramod\pc_update_unit\PC_WIDTH=s32'00000000000000000000000000100000.
  Optimizing cells in module $paramod$bbdd970d5e9d5db000ca33c4cf0f699d1c916bbb\inst_mem.
  Optimizing cells in module $paramod$20f9d1ebf2d220d6d149ed1f156499717425796a\fetch_decode_unit.
  Optimizing cells in module $paramod$b2a1694e054de7dfdcdbcd4b1356480af6859439\data_mem.
  Optimizing cells in module \gpu_top.
Performed a total of 0 changes.

4.6.12. Executing OPT_MERGE pass (detect identical cells).
Finding identical cells in module `$paramod$fd0170a58924e6d7b2131d4623b428d1d1232fac\warp_scheduler'.
Computing hashes of 12 cells of `$paramod$fd0170a58924e6d7b2131d4623b428d1d1232fac\warp_scheduler'.
Finding duplicate cells in `$paramod$fd0170a58924e6d7b2131d4623b428d1d1232fac\warp_scheduler'.
Finding identical cells in module `$paramod$c340cd9ddb594af487b68a1f41f357874e13cce6\simt_execution_core'.
Computing hashes of 347 cells of `$paramod$c340cd9ddb594af487b68a1f41f357874e13cce6\simt_execution_core'.
Finding duplicate cells in `$paramod$c340cd9ddb594af487b68a1f41f357874e13cce6\simt_execution_core'.
Finding identical cells in module `$paramod\pc_update_unit\PC_WIDTH=s32'00000000000000000000000000100000'.
Computing hashes of 2 cells of `$paramod\pc_update_unit\PC_WIDTH=s32'00000000000000000000000000100000'.
Finding duplicate cells in `$paramod\pc_update_unit\PC_WIDTH=s32'00000000000000000000000000100000'.
Finding identical cells in module `$paramod$bbdd970d5e9d5db000ca33c4cf0f699d1c916bbb\inst_mem'.
Computing hashes of 3 cells of `$paramod$bbdd970d5e9d5db000ca33c4cf0f699d1c916bbb\inst_mem'.
Finding duplicate cells in `$paramod$bbdd970d5e9d5db000ca33c4cf0f699d1c916bbb\inst_mem'.
Finding identical cells in module `$paramod$20f9d1ebf2d220d6d149ed1f156499717425796a\fetch_decode_unit'.
Computing hashes of 0 cells of `$paramod$20f9d1ebf2d220d6d149ed1f156499717425796a\fetch_decode_unit'.
Finding duplicate cells in `$paramod$20f9d1ebf2d220d6d149ed1f156499717425796a\fetch_decode_unit'.
Finding identical cells in module `$paramod$b2a1694e054de7dfdcdbcd4b1356480af6859439\data_mem'.
Computing hashes of 25 cells of `$paramod$b2a1694e054de7dfdcdbcd4b1356480af6859439\data_mem'.
Finding duplicate cells in `$paramod$b2a1694e054de7dfdcdbcd4b1356480af6859439\data_mem'.
Finding identical cells in module `\gpu_top'.
Computing hashes of 6 cells of `\gpu_top'.
Finding duplicate cells in `\gpu_top'.
Removed a total of 0 cells.

4.6.13. Executing OPT_DFF pass (perform DFF optimizations).

4.6.14. Executing OPT_CLEAN pass (remove unused cells and wires).
Finding unused cells or wires in module $paramod$fd0170a58924e6d7b2131d4623b428d1d1232fac\warp_scheduler..
Finding unused cells or wires in module $paramod$c340cd9ddb594af487b68a1f41f357874e13cce6\simt_execution_core..
Finding unused cells or wires in module $paramod\pc_update_unit\PC_WIDTH=s32'00000000000000000000000000100000..
Finding unused cells or wires in module $paramod$bbdd970d5e9d5db000ca33c4cf0f699d1c916bbb\inst_mem..
Finding unused cells or wires in module $paramod$20f9d1ebf2d220d6d149ed1f156499717425796a\fetch_decode_unit..
Finding unused cells or wires in module $paramod$b2a1694e054de7dfdcdbcd4b1356480af6859439\data_mem..
Finding unused cells or wires in module \gpu_top..

4.6.15. Executing OPT_EXPR pass (perform const folding).
Optimizing module $paramod$fd0170a58924e6d7b2131d4623b428d1d1232fac\warp_scheduler.
Optimizing module $paramod$c340cd9ddb594af487b68a1f41f357874e13cce6\simt_execution_core.
Optimizing module $paramod\pc_update_unit\PC_WIDTH=s32'00000000000000000000000000100000.
Optimizing module $paramod$bbdd970d5e9d5db000ca33c4cf0f699d1c916bbb\inst_mem.
Optimizing module $paramod$20f9d1ebf2d220d6d149ed1f156499717425796a\fetch_decode_unit.
Optimizing module $paramod$b2a1694e054de7dfdcdbcd4b1356480af6859439\data_mem.
Optimizing module gpu_top.

4.6.16. Finished fast OPT passes. (There is nothing left to do.)

4.7. Executing FSM pass (extract and optimize FSM).

4.7.1. Executing FSM_DETECT pass (finding FSMs in design).

4.7.2. Executing FSM_EXTRACT pass (extracting FSM from design).

4.7.3. Executing FSM_OPT pass (simple optimizations of FSMs).

4.7.4. Executing OPT_CLEAN pass (remove unused cells and wires).
Finding unused cells or wires in module $paramod$fd0170a58924e6d7b2131d4623b428d1d1232fac\warp_scheduler..
Finding unused cells or wires in module $paramod$c340cd9ddb594af487b68a1f41f357874e13cce6\simt_execution_core..
Finding unused cells or wires in module $paramod\pc_update_unit\PC_WIDTH=s32'00000000000000000000000000100000..
Finding unused cells or wires in module $paramod$bbdd970d5e9d5db000ca33c4cf0f699d1c916bbb\inst_mem..
Finding unused cells or wires in module $paramod$20f9d1ebf2d220d6d149ed1f156499717425796a\fetch_decode_unit..
Finding unused cells or wires in module $paramod$b2a1694e054de7dfdcdbcd4b1356480af6859439\data_mem..
Finding unused cells or wires in module \gpu_top..

4.7.5. Executing FSM_OPT pass (simple optimizations of FSMs).

4.7.6. Executing FSM_RECODE pass (re-assigning FSM state encoding).

4.7.7. Executing FSM_INFO pass (dumping all available information on FSM cells).

4.7.8. Executing FSM_MAP pass (mapping FSMs to basic logic).

4.8. Executing OPT pass (performing simple optimizations).

4.8.1. Executing OPT_EXPR pass (perform const folding).
Optimizing module $paramod$fd0170a58924e6d7b2131d4623b428d1d1232fac\warp_scheduler.
Optimizing module $paramod$c340cd9ddb594af487b68a1f41f357874e13cce6\simt_execution_core.
Optimizing module $paramod\pc_update_unit\PC_WIDTH=s32'00000000000000000000000000100000.
Optimizing module $paramod$bbdd970d5e9d5db000ca33c4cf0f699d1c916bbb\inst_mem.
Optimizing module $paramod$20f9d1ebf2d220d6d149ed1f156499717425796a\fetch_decode_unit.
Optimizing module $paramod$b2a1694e054de7dfdcdbcd4b1356480af6859439\data_mem.
Optimizing module gpu_top.

4.8.2. Executing OPT_MERGE pass (detect identical cells).
Finding identical cells in module `$paramod$fd0170a58924e6d7b2131d4623b428d1d1232fac\warp_scheduler'.
Computing hashes of 12 cells of `$paramod$fd0170a58924e6d7b2131d4623b428d1d1232fac\warp_scheduler'.
Finding duplicate cells in `$paramod$fd0170a58924e6d7b2131d4623b428d1d1232fac\warp_scheduler'.
Finding identical cells in module `$paramod$c340cd9ddb594af487b68a1f41f357874e13cce6\simt_execution_core'.
Computing hashes of 347 cells of `$paramod$c340cd9ddb594af487b68a1f41f357874e13cce6\simt_execution_core'.
Finding duplicate cells in `$paramod$c340cd9ddb594af487b68a1f41f357874e13cce6\simt_execution_core'.
Finding identical cells in module `$paramod\pc_update_unit\PC_WIDTH=s32'00000000000000000000000000100000'.
Computing hashes of 2 cells of `$paramod\pc_update_unit\PC_WIDTH=s32'00000000000000000000000000100000'.
Finding duplicate cells in `$paramod\pc_update_unit\PC_WIDTH=s32'00000000000000000000000000100000'.
Finding identical cells in module `$paramod$bbdd970d5e9d5db000ca33c4cf0f699d1c916bbb\inst_mem'.
Computing hashes of 3 cells of `$paramod$bbdd970d5e9d5db000ca33c4cf0f699d1c916bbb\inst_mem'.
Finding duplicate cells in `$paramod$bbdd970d5e9d5db000ca33c4cf0f699d1c916bbb\inst_mem'.
Finding identical cells in module `$paramod$20f9d1ebf2d220d6d149ed1f156499717425796a\fetch_decode_unit'.
Computing hashes of 0 cells of `$paramod$20f9d1ebf2d220d6d149ed1f156499717425796a\fetch_decode_unit'.
Finding duplicate cells in `$paramod$20f9d1ebf2d220d6d149ed1f156499717425796a\fetch_decode_unit'.
Finding identical cells in module `$paramod$b2a1694e054de7dfdcdbcd4b1356480af6859439\data_mem'.
Computing hashes of 25 cells of `$paramod$b2a1694e054de7dfdcdbcd4b1356480af6859439\data_mem'.
Finding duplicate cells in `$paramod$b2a1694e054de7dfdcdbcd4b1356480af6859439\data_mem'.
Finding identical cells in module `\gpu_top'.
Computing hashes of 6 cells of `\gpu_top'.
Finding duplicate cells in `\gpu_top'.
Removed a total of 0 cells.

4.8.3. Executing OPT_MUXTREE pass (detect dead branches in mux trees).
Running muxtree optimizer on module $paramod$fd0170a58924e6d7b2131d4623b428d1d1232fac\warp_scheduler..
  Creating internal representation of mux trees.
  Evaluating internal representation of mux trees.
  Analyzing evaluation results.
Running muxtree optimizer on module $paramod$c340cd9ddb594af487b68a1f41f357874e13cce6\simt_execution_core..
  Creating internal representation of mux trees.
  Evaluating internal representation of mux trees.
  Analyzing evaluation results.
Running muxtree optimizer on module $paramod\pc_update_unit\PC_WIDTH=s32'00000000000000000000000000100000..
  Creating internal representation of mux trees.
  Evaluating internal representation of mux trees.
  Analyzing evaluation results.
Running muxtree optimizer on module $paramod$bbdd970d5e9d5db000ca33c4cf0f699d1c916bbb\inst_mem..
  Creating internal representation of mux trees.
  Evaluating internal representation of mux trees.
  Analyzing evaluation results.
Running muxtree optimizer on module $paramod$20f9d1ebf2d220d6d149ed1f156499717425796a\fetch_decode_unit..
  Creating internal representation of mux trees.
  No muxes found in this module.
Running muxtree optimizer on module $paramod$b2a1694e054de7dfdcdbcd4b1356480af6859439\data_mem..
  Creating internal representation of mux trees.
  Evaluating internal representation of mux trees.
  Analyzing evaluation results.
Running muxtree optimizer on module \gpu_top..
  Creating internal representation of mux trees.
  No muxes found in this module.
Removed 0 multiplexer ports.
<suppressed ~512 debug messages>

4.8.4. Executing OPT_REDUCE pass (consolidate $*mux and $reduce_* inputs).
  Optimizing cells in module $paramod$fd0170a58924e6d7b2131d4623b428d1d1232fac\warp_scheduler.
  Optimizing cells in module $paramod$c340cd9ddb594af487b68a1f41f357874e13cce6\simt_execution_core.
  Optimizing cells in module $paramod\pc_update_unit\PC_WIDTH=s32'00000000000000000000000000100000.
  Optimizing cells in module $paramod$bbdd970d5e9d5db000ca33c4cf0f699d1c916bbb\inst_mem.
  Optimizing cells in module $paramod$20f9d1ebf2d220d6d149ed1f156499717425796a\fetch_decode_unit.
  Optimizing cells in module $paramod$b2a1694e054de7dfdcdbcd4b1356480af6859439\data_mem.
  Optimizing cells in module \gpu_top.
Performed a total of 0 changes.

4.8.5. Executing OPT_MERGE pass (detect identical cells).
Finding identical cells in module `$paramod$fd0170a58924e6d7b2131d4623b428d1d1232fac\warp_scheduler'.
Computing hashes of 12 cells of `$paramod$fd0170a58924e6d7b2131d4623b428d1d1232fac\warp_scheduler'.
Finding duplicate cells in `$paramod$fd0170a58924e6d7b2131d4623b428d1d1232fac\warp_scheduler'.
Finding identical cells in module `$paramod$c340cd9ddb594af487b68a1f41f357874e13cce6\simt_execution_core'.
Computing hashes of 347 cells of `$paramod$c340cd9ddb594af487b68a1f41f357874e13cce6\simt_execution_core'.
Finding duplicate cells in `$paramod$c340cd9ddb594af487b68a1f41f357874e13cce6\simt_execution_core'.
Finding identical cells in module `$paramod\pc_update_unit\PC_WIDTH=s32'00000000000000000000000000100000'.
Computing hashes of 2 cells of `$paramod\pc_update_unit\PC_WIDTH=s32'00000000000000000000000000100000'.
Finding duplicate cells in `$paramod\pc_update_unit\PC_WIDTH=s32'00000000000000000000000000100000'.
Finding identical cells in module `$paramod$bbdd970d5e9d5db000ca33c4cf0f699d1c916bbb\inst_mem'.
Computing hashes of 3 cells of `$paramod$bbdd970d5e9d5db000ca33c4cf0f699d1c916bbb\inst_mem'.
Finding duplicate cells in `$paramod$bbdd970d5e9d5db000ca33c4cf0f699d1c916bbb\inst_mem'.
Finding identical cells in module `$paramod$20f9d1ebf2d220d6d149ed1f156499717425796a\fetch_decode_unit'.
Computing hashes of 0 cells of `$paramod$20f9d1ebf2d220d6d149ed1f156499717425796a\fetch_decode_unit'.
Finding duplicate cells in `$paramod$20f9d1ebf2d220d6d149ed1f156499717425796a\fetch_decode_unit'.
Finding identical cells in module `$paramod$b2a1694e054de7dfdcdbcd4b1356480af6859439\data_mem'.
Computing hashes of 25 cells of `$paramod$b2a1694e054de7dfdcdbcd4b1356480af6859439\data_mem'.
Finding duplicate cells in `$paramod$b2a1694e054de7dfdcdbcd4b1356480af6859439\data_mem'.
Finding identical cells in module `\gpu_top'.
Computing hashes of 6 cells of `\gpu_top'.
Finding duplicate cells in `\gpu_top'.
Removed a total of 0 cells.

4.8.6. Executing OPT_DFF pass (perform DFF optimizations).
Adding EN signal on $procdff$3141 ($adff) from module $paramod$fd0170a58924e6d7b2131d4623b428d1d1232fac\warp_scheduler (D = \new_pc_in, Q = \pc_table[0]).
Adding EN signal on $procdff$3146 ($adff) from module $paramod$fd0170a58924e6d7b2131d4623b428d1d1232fac\warp_scheduler (D = \new_pc_in, Q = \pc_table[1]).
Adding EN signal on $procdff$3511 ($adff) from module $paramod$c340cd9ddb594af487b68a1f41f357874e13cce6\simt_execution_core (D = \lane[0].alu_result, Q = \lane[0].reg_file[4]).
Adding EN signal on $procdff$3516 ($adff) from module $paramod$c340cd9ddb594af487b68a1f41f357874e13cce6\simt_execution_core (D = \lane[0].alu_result, Q = \lane[0].reg_file[5]).
Adding EN signal on $procdff$3231 ($adff) from module $paramod$c340cd9ddb594af487b68a1f41f357874e13cce6\simt_execution_core (D = \lane[3].alu_result, Q = \lane[3].reg_file[11]).
Adding EN signal on $procdff$3341 ($adff) from module $paramod$c340cd9ddb594af487b68a1f41f357874e13cce6\simt_execution_core (D = \lane[2].alu_result, Q = \lane[2].reg_file[12]).
Adding EN signal on $procdff$3316 ($adff) from module $paramod$c340cd9ddb594af487b68a1f41f357874e13cce6\simt_execution_core (D = \lane[2].alu_result, Q = \lane[2].reg_file[7]).
Adding EN signal on $procdff$3241 ($adff) from module $paramod$c340cd9ddb594af487b68a1f41f357874e13cce6\simt_execution_core (D = \lane[3].alu_result, Q = \lane[3].reg_file[13]).
Adding EN signal on $procdff$3246 ($adff) from module $paramod$c340cd9ddb594af487b68a1f41f357874e13cce6\simt_execution_core (D = \lane[3].alu_result, Q = \lane[3].reg_file[14]).
Adding EN signal on $procdff$3506 ($adff) from module $paramod$c340cd9ddb594af487b68a1f41f357874e13cce6\simt_execution_core (D = \lane[0].alu_result, Q = \lane[0].reg_file[3]).
Adding EN signal on $procdff$3561 ($adff) from module $paramod$c340cd9ddb594af487b68a1f41f357874e13cce6\simt_execution_core (D = \lane[0].alu_result, Q = \lane[0].reg_file[14]).
Adding EN signal on $procdff$3436 ($adff) from module $paramod$c340cd9ddb594af487b68a1f41f357874e13cce6\simt_execution_core (D = \lane[1].alu_result, Q = \lane[1].reg_file[10]).
Adding EN signal on $procdff$3401 ($adff) from module $paramod$c340cd9ddb594af487b68a1f41f357874e13cce6\simt_execution_core (D = \lane[1].alu_result, Q = \lane[1].reg_file[3]).
Adding EN signal on $procdff$3431 ($adff) from module $paramod$c340cd9ddb594af487b68a1f41f357874e13cce6\simt_execution_core (D = \lane[1].alu_result, Q = \lane[1].reg_file[9]).
Adding EN signal on $procdff$3526 ($adff) from module $paramod$c340cd9ddb594af487b68a1f41f357874e13cce6\simt_execution_core (D = \lane[0].alu_result, Q = \lane[0].reg_file[7]).
Adding EN signal on $procdff$3426 ($adff) from module $paramod$c340cd9ddb594af487b68a1f41f357874e13cce6\simt_execution_core (D = \lane[1].alu_result, Q = \lane[1].reg_file[8]).
Adding EN signal on $procdff$3226 ($adff) from module $paramod$c340cd9ddb594af487b68a1f41f357874e13cce6\simt_execution_core (D = \lane[3].alu_result, Q = \lane[3].reg_file[10]).
Adding EN signal on $procdff$3421 ($adff) from module $paramod$c340cd9ddb594af487b68a1f41f357874e13cce6\simt_execution_core (D = \lane[1].alu_result, Q = \lane[1].reg_file[7]).
Adding EN signal on $procdff$3356 ($adff) from module $paramod$c340cd9ddb594af487b68a1f41f357874e13cce6\simt_execution_core (D = \lane[2].alu_result, Q = \lane[2].reg_file[15]).
Adding EN signal on $procdff$3491 ($adff) from module $paramod$c340cd9ddb594af487b68a1f41f357874e13cce6\simt_execution_core (D = \lane[0].alu_result, Q = \lane[0].reg_file[0]).
Adding EN signal on $procdff$3501 ($adff) from module $paramod$c340cd9ddb594af487b68a1f41f357874e13cce6\simt_execution_core (D = \lane[0].alu_result, Q = \lane[0].reg_file[2]).
Adding EN signal on $procdff$3176 ($adff) from module $paramod$c340cd9ddb594af487b68a1f41f357874e13cce6\simt_execution_core (D = \lane[3].alu_result, Q = \lane[3].reg_file[0]).
Adding EN signal on $procdff$3566 ($adff) from module $paramod$c340cd9ddb594af487b68a1f41f357874e13cce6\simt_execution_core (D = \lane[0].alu_result, Q = \lane[0].reg_file[15]).
Adding EN signal on $procdff$3521 ($adff) from module $paramod$c340cd9ddb594af487b68a1f41f357874e13cce6\simt_execution_core (D = \lane[0].alu_result, Q = \lane[0].reg_file[6]).
Adding EN signal on $procdff$3181 ($adff) from module $paramod$c340cd9ddb594af487b68a1f41f357874e13cce6\simt_execution_core (D = \lane[3].alu_result, Q = \lane[3].reg_file[1]).
Adding EN signal on $procdff$3286 ($adff) from module $paramod$c340cd9ddb594af487b68a1f41f357874e13cce6\simt_execution_core (D = \lane[2].alu_result, Q = \lane[2].reg_file[1]).
Adding EN signal on $procdff$3446 ($adff) from module $paramod$c340cd9ddb594af487b68a1f41f357874e13cce6\simt_execution_core (D = \lane[1].alu_result, Q = \lane[1].reg_file[12]).
Adding EN signal on $procdff$3186 ($adff) from module $paramod$c340cd9ddb594af487b68a1f41f357874e13cce6\simt_execution_core (D = \lane[3].alu_result, Q = \lane[3].reg_file[2]).
Adding EN signal on $procdff$3321 ($adff) from module $paramod$c340cd9ddb594af487b68a1f41f357874e13cce6\simt_execution_core (D = \lane[2].alu_result, Q = \lane[2].reg_file[8]).
Adding EN signal on $procdff$3411 ($adff) from module $paramod$c340cd9ddb594af487b68a1f41f357874e13cce6\simt_execution_core (D = \lane[1].alu_result, Q = \lane[1].reg_file[5]).
Adding EN signal on $procdff$3191 ($adff) from module $paramod$c340cd9ddb594af487b68a1f41f357874e13cce6\simt_execution_core (D = \lane[3].alu_result, Q = \lane[3].reg_file[3]).
Adding EN signal on $procdff$3461 ($adff) from module $paramod$c340cd9ddb594af487b68a1f41f357874e13cce6\simt_execution_core (D = \lane[1].alu_result, Q = \lane[1].reg_file[15]).
Adding EN signal on $procdff$3346 ($adff) from module $paramod$c340cd9ddb594af487b68a1f41f357874e13cce6\simt_execution_core (D = \lane[2].alu_result, Q = \lane[2].reg_file[13]).
Adding EN signal on $procdff$3196 ($adff) from module $paramod$c340cd9ddb594af487b68a1f41f357874e13cce6\simt_execution_core (D = \lane[3].alu_result, Q = \lane[3].reg_file[4]).
Adding EN signal on $procdff$3551 ($adff) from module $paramod$c340cd9ddb594af487b68a1f41f357874e13cce6\simt_execution_core (D = \lane[0].alu_result, Q = \lane[0].reg_file[12]).
Adding EN signal on $procdff$3236 ($adff) from module $paramod$c340cd9ddb594af487b68a1f41f357874e13cce6\simt_execution_core (D = \lane[3].alu_result, Q = \lane[3].reg_file[12]).
Adding EN signal on $procdff$3291 ($adff) from module $paramod$c340cd9ddb594af487b68a1f41f357874e13cce6\simt_execution_core (D = \lane[2].alu_result, Q = \lane[2].reg_file[2]).
Adding EN signal on $procdff$3451 ($adff) from module $paramod$c340cd9ddb594af487b68a1f41f357874e13cce6\simt_execution_core (D = \lane[1].alu_result, Q = \lane[1].reg_file[13]).
Adding EN signal on $procdff$3201 ($adff) from module $paramod$c340cd9ddb594af487b68a1f41f357874e13cce6\simt_execution_core (D = \lane[3].alu_result, Q = \lane[3].reg_file[5]).
Adding EN signal on $procdff$3336 ($adff) from module $paramod$c340cd9ddb594af487b68a1f41f357874e13cce6\simt_execution_core (D = \lane[2].alu_result, Q = \lane[2].reg_file[11]).
Adding EN signal on $procdff$3301 ($adff) from module $paramod$c340cd9ddb594af487b68a1f41f357874e13cce6\simt_execution_core (D = \lane[2].alu_result, Q = \lane[2].reg_file[4]).
Adding EN signal on $procdff$3206 ($adff) from module $paramod$c340cd9ddb594af487b68a1f41f357874e13cce6\simt_execution_core (D = \lane[3].alu_result, Q = \lane[3].reg_file[6]).
Adding EN signal on $procdff$3386 ($adff) from module $paramod$c340cd9ddb594af487b68a1f41f357874e13cce6\simt_execution_core (D = \lane[1].alu_result, Q = \lane[1].reg_file[0]).
Adding EN signal on $procdff$3536 ($adff) from module $paramod$c340cd9ddb594af487b68a1f41f357874e13cce6\simt_execution_core (D = \lane[0].alu_result, Q = \lane[0].reg_file[9]).
Adding EN signal on $procdff$3211 ($adff) from module $paramod$c340cd9ddb594af487b68a1f41f357874e13cce6\simt_execution_core (D = \lane[3].alu_result, Q = \lane[3].reg_file[7]).
Adding EN signal on $procdff$3296 ($adff) from module $paramod$c340cd9ddb594af487b68a1f41f357874e13cce6\simt_execution_core (D = \lane[2].alu_result, Q = \lane[2].reg_file[3]).
Adding EN signal on $procdff$3456 ($adff) from module $paramod$c340cd9ddb594af487b68a1f41f357874e13cce6\simt_execution_core (D = \lane[1].alu_result, Q = \lane[1].reg_file[14]).
Adding EN signal on $procdff$3216 ($adff) from module $paramod$c340cd9ddb594af487b68a1f41f357874e13cce6\simt_execution_core (D = \lane[3].alu_result, Q = \lane[3].reg_file[8]).
Adding EN signal on $procdff$3556 ($adff) from module $paramod$c340cd9ddb594af487b68a1f41f357874e13cce6\simt_execution_core (D = \lane[0].alu_result, Q = \lane[0].reg_file[13]).
Adding EN signal on $procdff$3351 ($adff) from module $paramod$c340cd9ddb594af487b68a1f41f357874e13cce6\simt_execution_core (D = \lane[2].alu_result, Q = \lane[2].reg_file[14]).
Adding EN signal on $procdff$3221 ($adff) from module $paramod$c340cd9ddb594af487b68a1f41f357874e13cce6\simt_execution_core (D = \lane[3].alu_result, Q = \lane[3].reg_file[9]).
Adding EN signal on $procdff$3406 ($adff) from module $paramod$c340cd9ddb594af487b68a1f41f357874e13cce6\simt_execution_core (D = \lane[1].alu_result, Q = \lane[1].reg_file[4]).
Adding EN signal on $procdff$3306 ($adff) from module $paramod$c340cd9ddb594af487b68a1f41f357874e13cce6\simt_execution_core (D = \lane[2].alu_result, Q = \lane[2].reg_file[5]).
Adding EN signal on $procdff$3546 ($adff) from module $paramod$c340cd9ddb594af487b68a1f41f357874e13cce6\simt_execution_core (D = \lane[0].alu_result, Q = \lane[0].reg_file[11]).
Adding EN signal on $procdff$3326 ($adff) from module $paramod$c340cd9ddb594af487b68a1f41f357874e13cce6\simt_execution_core (D = \lane[2].alu_result, Q = \lane[2].reg_file[9]).
Adding EN signal on $procdff$3311 ($adff) from module $paramod$c340cd9ddb594af487b68a1f41f357874e13cce6\simt_execution_core (D = \lane[2].alu_result, Q = \lane[2].reg_file[6]).
Adding EN signal on $procdff$3331 ($adff) from module $paramod$c340cd9ddb594af487b68a1f41f357874e13cce6\simt_execution_core (D = \lane[2].alu_result, Q = \lane[2].reg_file[10]).
Adding EN signal on $procdff$3416 ($adff) from module $paramod$c340cd9ddb594af487b68a1f41f357874e13cce6\simt_execution_core (D = \lane[1].alu_result, Q = \lane[1].reg_file[6]).
Adding EN signal on $procdff$3251 ($adff) from module $paramod$c340cd9ddb594af487b68a1f41f357874e13cce6\simt_execution_core (D = \lane[3].alu_result, Q = \lane[3].reg_file[15]).
Adding EN signal on $procdff$3396 ($adff) from module $paramod$c340cd9ddb594af487b68a1f41f357874e13cce6\simt_execution_core (D = \lane[1].alu_result, Q = \lane[1].reg_file[2]).
Adding EN signal on $procdff$3531 ($adff) from module $paramod$c340cd9ddb594af487b68a1f41f357874e13cce6\simt_execution_core (D = \lane[0].alu_result, Q = \lane[0].reg_file[8]).
Adding EN signal on $procdff$3541 ($adff) from module $paramod$c340cd9ddb594af487b68a1f41f357874e13cce6\simt_execution_core (D = \lane[0].alu_result, Q = \lane[0].reg_file[10]).
Adding EN signal on $procdff$3281 ($adff) from module $paramod$c340cd9ddb594af487b68a1f41f357874e13cce6\simt_execution_core (D = \lane[2].alu_result, Q = \lane[2].reg_file[0]).
Adding EN signal on $procdff$3441 ($adff) from module $paramod$c340cd9ddb594af487b68a1f41f357874e13cce6\simt_execution_core (D = \lane[1].alu_result, Q = \lane[1].reg_file[11]).
Adding EN signal on $procdff$3496 ($adff) from module $paramod$c340cd9ddb594af487b68a1f41f357874e13cce6\simt_execution_core (D = \lane[0].alu_result, Q = \lane[0].reg_file[1]).
Adding EN signal on $procdff$3391 ($adff) from module $paramod$c340cd9ddb594af487b68a1f41f357874e13cce6\simt_execution_core (D = \lane[1].alu_result, Q = \lane[1].reg_file[1]).
Adding EN signal on $procdff$3585 ($dff) from module $paramod$b2a1694e054de7dfdcdbcd4b1356480af6859439\data_mem (D = $memrd$\mem_lanes[1].mem_file$data_mem.sv:33$1784_DATA, Q = \lane_load_data [63:32]).
Adding EN signal on $procdff$3589 ($dff) from module $paramod$b2a1694e054de7dfdcdbcd4b1356480af6859439\data_mem (D = $memrd$\mem_lanes[0].mem_file$data_mem.sv:33$1776_DATA, Q = \lane_load_data [31:0]).
Adding EN signal on $procdff$3577 ($dff) from module $paramod$b2a1694e054de7dfdcdbcd4b1356480af6859439\data_mem (D = $memrd$\mem_lanes[3].mem_file$data_mem.sv:33$1800_DATA, Q = \lane_load_data [127:96]).
Adding EN signal on $procdff$3581 ($dff) from module $paramod$b2a1694e054de7dfdcdbcd4b1356480af6859439\data_mem (D = $memrd$\mem_lanes[2].mem_file$data_mem.sv:33$1792_DATA, Q = \lane_load_data [95:64]).

4.8.7. Executing OPT_CLEAN pass (remove unused cells and wires).
Finding unused cells or wires in module $paramod$fd0170a58924e6d7b2131d4623b428d1d1232fac\warp_scheduler..
Finding unused cells or wires in module $paramod$c340cd9ddb594af487b68a1f41f357874e13cce6\simt_execution_core..
Finding unused cells or wires in module $paramod\pc_update_unit\PC_WIDTH=s32'00000000000000000000000000100000..
Finding unused cells or wires in module $paramod$bbdd970d5e9d5db000ca33c4cf0f699d1c916bbb\inst_mem..
Finding unused cells or wires in module $paramod$20f9d1ebf2d220d6d149ed1f156499717425796a\fetch_decode_unit..
Finding unused cells or wires in module $paramod$b2a1694e054de7dfdcdbcd4b1356480af6859439\data_mem..
Finding unused cells or wires in module \gpu_top..
Removed 136 unused cells and 136 unused wires.
<suppressed ~139 debug messages>

4.8.8. Executing OPT_EXPR pass (perform const folding).
Optimizing module $paramod$fd0170a58924e6d7b2131d4623b428d1d1232fac\warp_scheduler.
Optimizing module $paramod$c340cd9ddb594af487b68a1f41f357874e13cce6\simt_execution_core.
Optimizing module $paramod\pc_update_unit\PC_WIDTH=s32'00000000000000000000000000100000.
Optimizing module $paramod$bbdd970d5e9d5db000ca33c4cf0f699d1c916bbb\inst_mem.
Optimizing module $paramod$20f9d1ebf2d220d6d149ed1f156499717425796a\fetch_decode_unit.
Optimizing module $paramod$b2a1694e054de7dfdcdbcd4b1356480af6859439\data_mem.
Optimizing module gpu_top.

4.8.9. Rerunning OPT passes. (Maybe there is more to do..)

4.8.10. Executing OPT_MUXTREE pass (detect dead branches in mux trees).
Running muxtree optimizer on module $paramod$fd0170a58924e6d7b2131d4623b428d1d1232fac\warp_scheduler..
  Creating internal representation of mux trees.
  Evaluating internal representation of mux trees.
  Analyzing evaluation results.
Running muxtree optimizer on module $paramod$c340cd9ddb594af487b68a1f41f357874e13cce6\simt_execution_core..
  Creating internal representation of mux trees.
  Evaluating internal representation of mux trees.
  Analyzing evaluation results.
Running muxtree optimizer on module $paramod\pc_update_unit\PC_WIDTH=s32'00000000000000000000000000100000..
  Creating internal representation of mux trees.
  Evaluating internal representation of mux trees.
  Analyzing evaluation results.
Running muxtree optimizer on module $paramod$bbdd970d5e9d5db000ca33c4cf0f699d1c916bbb\inst_mem..
  Creating internal representation of mux trees.
  Evaluating internal representation of mux trees.
  Analyzing evaluation results.
Running muxtree optimizer on module $paramod$20f9d1ebf2d220d6d149ed1f156499717425796a\fetch_decode_unit..
  Creating internal representation of mux trees.
  No muxes found in this module.
Running muxtree optimizer on module $paramod$b2a1694e054de7dfdcdbcd4b1356480af6859439\data_mem..
  Creating internal representation of mux trees.
  Evaluating internal representation of mux trees.
  Analyzing evaluation results.
Running muxtree optimizer on module \gpu_top..
  Creating internal representation of mux trees.
  No muxes found in this module.
Removed 0 multiplexer ports.
<suppressed ~66 debug messages>

4.8.11. Executing OPT_REDUCE pass (consolidate $*mux and $reduce_* inputs).
  Optimizing cells in module $paramod$fd0170a58924e6d7b2131d4623b428d1d1232fac\warp_scheduler.
  Optimizing cells in module $paramod$c340cd9ddb594af487b68a1f41f357874e13cce6\simt_execution_core.
  Optimizing cells in module $paramod\pc_update_unit\PC_WIDTH=s32'00000000000000000000000000100000.
  Optimizing cells in module $paramod$bbdd970d5e9d5db000ca33c4cf0f699d1c916bbb\inst_mem.
  Optimizing cells in module $paramod$20f9d1ebf2d220d6d149ed1f156499717425796a\fetch_decode_unit.
  Optimizing cells in module $paramod$b2a1694e054de7dfdcdbcd4b1356480af6859439\data_mem.
  Optimizing cells in module \gpu_top.
Performed a total of 0 changes.

4.8.12. Executing OPT_MERGE pass (detect identical cells).
Finding identical cells in module `$paramod$fd0170a58924e6d7b2131d4623b428d1d1232fac\warp_scheduler'.
Computing hashes of 11 cells of `$paramod$fd0170a58924e6d7b2131d4623b428d1d1232fac\warp_scheduler'.
Finding duplicate cells in `$paramod$fd0170a58924e6d7b2131d4623b428d1d1232fac\warp_scheduler'.
Finding identical cells in module `$paramod$c340cd9ddb594af487b68a1f41f357874e13cce6\simt_execution_core'.
Computing hashes of 283 cells of `$paramod$c340cd9ddb594af487b68a1f41f357874e13cce6\simt_execution_core'.
Finding duplicate cells in `$paramod$c340cd9ddb594af487b68a1f41f357874e13cce6\simt_execution_core'.
Finding identical cells in module `$paramod\pc_update_unit\PC_WIDTH=s32'00000000000000000000000000100000'.
Computing hashes of 2 cells of `$paramod\pc_update_unit\PC_WIDTH=s32'00000000000000000000000000100000'.
Finding duplicate cells in `$paramod\pc_update_unit\PC_WIDTH=s32'00000000000000000000000000100000'.
Finding identical cells in module `$paramod$bbdd970d5e9d5db000ca33c4cf0f699d1c916bbb\inst_mem'.
Computing hashes of 3 cells of `$paramod$bbdd970d5e9d5db000ca33c4cf0f699d1c916bbb\inst_mem'.
Finding duplicate cells in `$paramod$bbdd970d5e9d5db000ca33c4cf0f699d1c916bbb\inst_mem'.
Finding identical cells in module `$paramod$20f9d1ebf2d220d6d149ed1f156499717425796a\fetch_decode_unit'.
Computing hashes of 0 cells of `$paramod$20f9d1ebf2d220d6d149ed1f156499717425796a\fetch_decode_unit'.
Finding duplicate cells in `$paramod$20f9d1ebf2d220d6d149ed1f156499717425796a\fetch_decode_unit'.
Finding identical cells in module `$paramod$b2a1694e054de7dfdcdbcd4b1356480af6859439\data_mem'.
Computing hashes of 21 cells of `$paramod$b2a1694e054de7dfdcdbcd4b1356480af6859439\data_mem'.
Finding duplicate cells in `$paramod$b2a1694e054de7dfdcdbcd4b1356480af6859439\data_mem'.
Finding identical cells in module `\gpu_top'.
Computing hashes of 6 cells of `\gpu_top'.
Finding duplicate cells in `\gpu_top'.
Removed a total of 0 cells.

4.8.13. Executing OPT_DFF pass (perform DFF optimizations).

4.8.14. Executing OPT_CLEAN pass (remove unused cells and wires).
Finding unused cells or wires in module $paramod$fd0170a58924e6d7b2131d4623b428d1d1232fac\warp_scheduler..
Finding unused cells or wires in module $paramod$c340cd9ddb594af487b68a1f41f357874e13cce6\simt_execution_core..
Finding unused cells or wires in module $paramod\pc_update_unit\PC_WIDTH=s32'00000000000000000000000000100000..
Finding unused cells or wires in module $paramod$bbdd970d5e9d5db000ca33c4cf0f699d1c916bbb\inst_mem..
Finding unused cells or wires in module $paramod$20f9d1ebf2d220d6d149ed1f156499717425796a\fetch_decode_unit..
Finding unused cells or wires in module $paramod$b2a1694e054de7dfdcdbcd4b1356480af6859439\data_mem..
Finding unused cells or wires in module \gpu_top..

4.8.15. Executing OPT_EXPR pass (perform const folding).
Optimizing module $paramod$fd0170a58924e6d7b2131d4623b428d1d1232fac\warp_scheduler.
Optimizing module $paramod$c340cd9ddb594af487b68a1f41f357874e13cce6\simt_execution_core.
Optimizing module $paramod\pc_update_unit\PC_WIDTH=s32'00000000000000000000000000100000.
Optimizing module $paramod$bbdd970d5e9d5db000ca33c4cf0f699d1c916bbb\inst_mem.
Optimizing module $paramod$20f9d1ebf2d220d6d149ed1f156499717425796a\fetch_decode_unit.
Optimizing module $paramod$b2a1694e054de7dfdcdbcd4b1356480af6859439\data_mem.
Optimizing module gpu_top.

4.8.16. Finished fast OPT passes. (There is nothing left to do.)

4.9. Executing WREDUCE pass (reducing word size of cells).
Removed top 1 bits (of 2) from port B of cell $paramod$fd0170a58924e6d7b2131d4623b428d1d1232fac\warp_scheduler.$eq$warp_scheduler.sv:31$2015 ($eq).
Removed top 31 bits (of 32) from mux cell $paramod$c340cd9ddb594af487b68a1f41f357874e13cce6\simt_execution_core.$ternary$simt_execution_core.sv:52$1821 ($mux).
Removed top 31 bits (of 32) from mux cell $paramod$c340cd9ddb594af487b68a1f41f357874e13cce6\simt_execution_core.$ternary$simt_execution_core.sv:53$1823 ($mux).
Removed top 31 bits (of 32) from mux cell $paramod$c340cd9ddb594af487b68a1f41f357874e13cce6\simt_execution_core.$ternary$simt_execution_core.sv:61$1833 ($mux).
Removed top 31 bits (of 32) from mux cell $paramod$c340cd9ddb594af487b68a1f41f357874e13cce6\simt_execution_core.$ternary$simt_execution_core.sv:62$1835 ($mux).
Removed top 31 bits (of 32) from mux cell $paramod$c340cd9ddb594af487b68a1f41f357874e13cce6\simt_execution_core.$ternary$simt_execution_core.sv:52$1858 ($mux).
Removed top 31 bits (of 32) from mux cell $paramod$c340cd9ddb594af487b68a1f41f357874e13cce6\simt_execution_core.$ternary$simt_execution_core.sv:53$1860 ($mux).
Removed top 31 bits (of 32) from mux cell $paramod$c340cd9ddb594af487b68a1f41f357874e13cce6\simt_execution_core.$ternary$simt_execution_core.sv:61$1870 ($mux).
Removed top 31 bits (of 32) from mux cell $paramod$c340cd9ddb594af487b68a1f41f357874e13cce6\simt_execution_core.$ternary$simt_execution_core.sv:62$1872 ($mux).
Removed top 31 bits (of 32) from mux cell $paramod$c340cd9ddb594af487b68a1f41f357874e13cce6\simt_execution_core.$ternary$simt_execution_core.sv:52$1895 ($mux).
Removed top 31 bits (of 32) from mux cell $paramod$c340cd9ddb594af487b68a1f41f357874e13cce6\simt_execution_core.$ternary$simt_execution_core.sv:53$1897 ($mux).
Removed top 31 bits (of 32) from mux cell $paramod$c340cd9ddb594af487b68a1f41f357874e13cce6\simt_execution_core.$ternary$simt_execution_core.sv:61$1907 ($mux).
Removed top 31 bits (of 32) from mux cell $paramod$c340cd9ddb594af487b68a1f41f357874e13cce6\simt_execution_core.$ternary$simt_execution_core.sv:62$1909 ($mux).
Removed top 31 bits (of 32) from mux cell $paramod$c340cd9ddb594af487b68a1f41f357874e13cce6\simt_execution_core.$ternary$simt_execution_core.sv:52$1932 ($mux).
Removed top 31 bits (of 32) from mux cell $paramod$c340cd9ddb594af487b68a1f41f357874e13cce6\simt_execution_core.$ternary$simt_execution_core.sv:53$1934 ($mux).
Removed top 31 bits (of 32) from mux cell $paramod$c340cd9ddb594af487b68a1f41f357874e13cce6\simt_execution_core.$ternary$simt_execution_core.sv:61$1944 ($mux).
Removed top 31 bits (of 32) from mux cell $paramod$c340cd9ddb594af487b68a1f41f357874e13cce6\simt_execution_core.$ternary$simt_execution_core.sv:62$1946 ($mux).
Removed top 27 bits (of 32) from port A of cell $paramod$c340cd9ddb594af487b68a1f41f357874e13cce6\simt_execution_core.$add$simt_execution_core.sv:78$1964 ($add).
Removed top 28 bits (of 32) from port Y of cell $paramod$c340cd9ddb594af487b68a1f41f357874e13cce6\simt_execution_core.$add$simt_execution_core.sv:78$1964 ($add).
Removed top 1 bits (of 5) from port A of cell $paramod$c340cd9ddb594af487b68a1f41f357874e13cce6\simt_execution_core.$add$simt_execution_core.sv:78$1964 ($add).
Removed top 1 bits (of 5) from port B of cell $paramod$c340cd9ddb594af487b68a1f41f357874e13cce6\simt_execution_core.$add$simt_execution_core.sv:78$1964 ($add).
Removed top 27 bits (of 32) from port A of cell $paramod$c340cd9ddb594af487b68a1f41f357874e13cce6\simt_execution_core.$add$simt_execution_core.sv:43$1999 ($add).
Removed top 28 bits (of 32) from port Y of cell $paramod$c340cd9ddb594af487b68a1f41f357874e13cce6\simt_execution_core.$add$simt_execution_core.sv:43$1999 ($add).
Removed top 1 bits (of 5) from port A of cell $paramod$c340cd9ddb594af487b68a1f41f357874e13cce6\simt_execution_core.$add$simt_execution_core.sv:43$1999 ($add).
Removed top 1 bits (of 5) from port B of cell $paramod$c340cd9ddb594af487b68a1f41f357874e13cce6\simt_execution_core.$add$simt_execution_core.sv:43$1999 ($add).
Removed top 27 bits (of 32) from port A of cell $paramod$c340cd9ddb594af487b68a1f41f357874e13cce6\simt_execution_core.$add$simt_execution_core.sv:44$2004 ($add).
Removed top 28 bits (of 32) from port Y of cell $paramod$c340cd9ddb594af487b68a1f41f357874e13cce6\simt_execution_core.$add$simt_execution_core.sv:44$2004 ($add).
Removed top 1 bits (of 5) from port A of cell $paramod$c340cd9ddb594af487b68a1f41f357874e13cce6\simt_execution_core.$add$simt_execution_core.sv:44$2004 ($add).
Removed top 1 bits (of 5) from port B of cell $paramod$c340cd9ddb594af487b68a1f41f357874e13cce6\simt_execution_core.$add$simt_execution_core.sv:44$2004 ($add).
Removed top 1 bits (of 4) from port B of cell $paramod$c340cd9ddb594af487b68a1f41f357874e13cce6\simt_execution_core.$procmux$2159_CMP0 ($eq).
Removed top 1 bits (of 4) from port B of cell $paramod$c340cd9ddb594af487b68a1f41f357874e13cce6\simt_execution_core.$procmux$2160_CMP0 ($eq).
Removed top 1 bits (of 4) from port B of cell $paramod$c340cd9ddb594af487b68a1f41f357874e13cce6\simt_execution_core.$procmux$2161_CMP0 ($eq).
Removed top 1 bits (of 4) from port B of cell $paramod$c340cd9ddb594af487b68a1f41f357874e13cce6\simt_execution_core.$procmux$2162_CMP0 ($eq).
Removed top 2 bits (of 4) from port B of cell $paramod$c340cd9ddb594af487b68a1f41f357874e13cce6\simt_execution_core.$procmux$2163_CMP0 ($eq).
Removed top 2 bits (of 4) from port B of cell $paramod$c340cd9ddb594af487b68a1f41f357874e13cce6\simt_execution_core.$procmux$2164_CMP0 ($eq).
Removed top 3 bits (of 4) from port B of cell $paramod$c340cd9ddb594af487b68a1f41f357874e13cce6\simt_execution_core.$procmux$2165_CMP0 ($eq).
Removed top 1 bits (of 4) from port B of cell $paramod$c340cd9ddb594af487b68a1f41f357874e13cce6\simt_execution_core.$procmux$2176_CMP0 ($eq).
Removed top 1 bits (of 4) from port B of cell $paramod$c340cd9ddb594af487b68a1f41f357874e13cce6\simt_execution_core.$procmux$2177_CMP0 ($eq).
Removed top 1 bits (of 4) from port B of cell $paramod$c340cd9ddb594af487b68a1f41f357874e13cce6\simt_execution_core.$procmux$2178_CMP0 ($eq).
Removed top 1 bits (of 4) from port B of cell $paramod$c340cd9ddb594af487b68a1f41f357874e13cce6\simt_execution_core.$procmux$2179_CMP0 ($eq).
Removed top 2 bits (of 4) from port B of cell $paramod$c340cd9ddb594af487b68a1f41f357874e13cce6\simt_execution_core.$procmux$2180_CMP0 ($eq).
Removed top 2 bits (of 4) from port B of cell $paramod$c340cd9ddb594af487b68a1f41f357874e13cce6\simt_execution_core.$procmux$2181_CMP0 ($eq).
Removed top 3 bits (of 4) from port B of cell $paramod$c340cd9ddb594af487b68a1f41f357874e13cce6\simt_execution_core.$procmux$2182_CMP0 ($eq).
Removed top 1 bits (of 4) from port B of cell $paramod$c340cd9ddb594af487b68a1f41f357874e13cce6\simt_execution_core.$procmux$2937_CMP0 ($eq).
Removed top 1 bits (of 4) from port B of cell $paramod$c340cd9ddb594af487b68a1f41f357874e13cce6\simt_execution_core.$procmux$2951_CMP0 ($eq).
Removed top 1 bits (of 4) from port B of cell $paramod$c340cd9ddb594af487b68a1f41f357874e13cce6\simt_execution_core.$procmux$2966_CMP0 ($eq).
Removed top 1 bits (of 4) from port B of cell $paramod$c340cd9ddb594af487b68a1f41f357874e13cce6\simt_execution_core.$procmux$2982_CMP0 ($eq).
Removed top 2 bits (of 4) from port B of cell $paramod$c340cd9ddb594af487b68a1f41f357874e13cce6\simt_execution_core.$procmux$2999_CMP0 ($eq).
Removed top 2 bits (of 4) from port B of cell $paramod$c340cd9ddb594af487b68a1f41f357874e13cce6\simt_execution_core.$procmux$3017_CMP0 ($eq).
Removed top 3 bits (of 4) from port B of cell $paramod$c340cd9ddb594af487b68a1f41f357874e13cce6\simt_execution_core.$procmux$3036_CMP0 ($eq).
Removed top 1 bits (of 4) from port B of cell $paramod$c340cd9ddb594af487b68a1f41f357874e13cce6\simt_execution_core.$procmux$3068_CMP0 ($eq).
Removed top 1 bits (of 4) from port B of cell $paramod$c340cd9ddb594af487b68a1f41f357874e13cce6\simt_execution_core.$procmux$3069_CMP0 ($eq).
Removed top 1 bits (of 4) from port B of cell $paramod$c340cd9ddb594af487b68a1f41f357874e13cce6\simt_execution_core.$procmux$3070_CMP0 ($eq).
Removed top 1 bits (of 4) from port B of cell $paramod$c340cd9ddb594af487b68a1f41f357874e13cce6\simt_execution_core.$procmux$3071_CMP0 ($eq).
Removed top 2 bits (of 4) from port B of cell $paramod$c340cd9ddb594af487b68a1f41f357874e13cce6\simt_execution_core.$procmux$3072_CMP0 ($eq).
Removed top 2 bits (of 4) from port B of cell $paramod$c340cd9ddb594af487b68a1f41f357874e13cce6\simt_execution_core.$procmux$3073_CMP0 ($eq).
Removed top 3 bits (of 4) from port B of cell $paramod$c340cd9ddb594af487b68a1f41f357874e13cce6\simt_execution_core.$procmux$3074_CMP0 ($eq).
Removed top 31 bits (of 32) from wire $paramod$c340cd9ddb594af487b68a1f41f357874e13cce6\simt_execution_core.$ternary$simt_execution_core.sv:53$1934_Y.
Removed top 31 bits (of 32) from wire $paramod$c340cd9ddb594af487b68a1f41f357874e13cce6\simt_execution_core.$ternary$simt_execution_core.sv:52$1932_Y.
Removed top 31 bits (of 32) from wire $paramod$c340cd9ddb594af487b68a1f41f357874e13cce6\simt_execution_core.$ternary$simt_execution_core.sv:62$1946_Y.
Removed top 31 bits (of 32) from wire $paramod$c340cd9ddb594af487b68a1f41f357874e13cce6\simt_execution_core.$ternary$simt_execution_core.sv:61$1944_Y.
Removed top 28 bits (of 32) from wire $paramod$c340cd9ddb594af487b68a1f41f357874e13cce6\simt_execution_core.$add$simt_execution_core.sv:43$1969_Y.
Removed top 28 bits (of 32) from wire $paramod$c340cd9ddb594af487b68a1f41f357874e13cce6\simt_execution_core.$add$simt_execution_core.sv:44$1974_Y.
Removed top 31 bits (of 32) from wire $paramod$c340cd9ddb594af487b68a1f41f357874e13cce6\simt_execution_core.$ternary$simt_execution_core.sv:62$1909_Y.
Removed top 31 bits (of 32) from wire $paramod$c340cd9ddb594af487b68a1f41f357874e13cce6\simt_execution_core.$ternary$simt_execution_core.sv:61$1907_Y.
Removed top 31 bits (of 32) from wire $paramod$c340cd9ddb594af487b68a1f41f357874e13cce6\simt_execution_core.$ternary$simt_execution_core.sv:53$1897_Y.
Removed top 31 bits (of 32) from wire $paramod$c340cd9ddb594af487b68a1f41f357874e13cce6\simt_execution_core.$ternary$simt_execution_core.sv:52$1895_Y.
Removed top 31 bits (of 32) from wire $paramod$c340cd9ddb594af487b68a1f41f357874e13cce6\simt_execution_core.$ternary$simt_execution_core.sv:62$1872_Y.
Removed top 31 bits (of 32) from wire $paramod$c340cd9ddb594af487b68a1f41f357874e13cce6\simt_execution_core.$ternary$simt_execution_core.sv:61$1870_Y.
Removed top 31 bits (of 32) from wire $paramod$c340cd9ddb594af487b68a1f41f357874e13cce6\simt_execution_core.$ternary$simt_execution_core.sv:53$1860_Y.
Removed top 31 bits (of 32) from wire $paramod$c340cd9ddb594af487b68a1f41f357874e13cce6\simt_execution_core.$ternary$simt_execution_core.sv:52$1858_Y.
Removed top 28 bits (of 32) from wire $paramod$c340cd9ddb594af487b68a1f41f357874e13cce6\simt_execution_core.$add$simt_execution_core.sv:78$1853_Y.
Removed top 31 bits (of 32) from wire $paramod$c340cd9ddb594af487b68a1f41f357874e13cce6\simt_execution_core.$ternary$simt_execution_core.sv:62$1835_Y.
Removed top 31 bits (of 32) from wire $paramod$c340cd9ddb594af487b68a1f41f357874e13cce6\simt_execution_core.$ternary$simt_execution_core.sv:61$1833_Y.
Removed top 31 bits (of 32) from wire $paramod$c340cd9ddb594af487b68a1f41f357874e13cce6\simt_execution_core.$ternary$simt_execution_core.sv:53$1823_Y.
Removed top 31 bits (of 32) from wire $paramod$c340cd9ddb594af487b68a1f41f357874e13cce6\simt_execution_core.$ternary$simt_execution_core.sv:52$1821_Y.
Removed top 29 bits (of 32) from port B of cell $paramod\pc_update_unit\PC_WIDTH=s32'00000000000000000000000000100000.$add$pc_update_unit.sv:14$1803 ($add).
Removed top 28 address bits (of 32) from memory init port $paramod$bbdd970d5e9d5db000ca33c4cf0f699d1c916bbb\inst_mem.$auto$mem.cc:351:emit$2024 ($auto$proc_rom.cc:155:do_switch$2022).

4.10. Executing PEEPOPT pass (run peephole optimizers).

4.11. Executing OPT_CLEAN pass (remove unused cells and wires).
Finding unused cells or wires in module $paramod$fd0170a58924e6d7b2131d4623b428d1d1232fac\warp_scheduler..
Finding unused cells or wires in module $paramod$c340cd9ddb594af487b68a1f41f357874e13cce6\simt_execution_core..
Finding unused cells or wires in module $paramod\pc_update_unit\PC_WIDTH=s32'00000000000000000000000000100000..
Finding unused cells or wires in module $paramod$bbdd970d5e9d5db000ca33c4cf0f699d1c916bbb\inst_mem..
Finding unused cells or wires in module $paramod$20f9d1ebf2d220d6d149ed1f156499717425796a\fetch_decode_unit..
Finding unused cells or wires in module $paramod$b2a1694e054de7dfdcdbcd4b1356480af6859439\data_mem..
Finding unused cells or wires in module \gpu_top..
Removed 0 unused cells and 19 unused wires.
<suppressed ~1 debug messages>

4.12. Executing ALUMACC pass (create $alu and $macc cells).
Extracting $alu and $macc cells in module $paramod$fd0170a58924e6d7b2131d4623b428d1d1232fac\warp_scheduler:
  creating $macc model for $add$warp_scheduler.sv:34$2016 ($add).
  creating $alu model for $macc $add$warp_scheduler.sv:34$2016.
  creating $alu cell for $add$warp_scheduler.sv:34$2016: $auto$alumacc.cc:548:replace_alu$3820
  created 1 $alu and 0 $macc cells.
Extracting $alu and $macc cells in module $paramod$c340cd9ddb594af487b68a1f41f357874e13cce6\simt_execution_core:
  creating $macc model for $add$simt_execution_core.sv:44$2004 ($add).
  creating $macc model for $add$simt_execution_core.sv:43$1999 ($add).
  creating $macc model for $add$simt_execution_core.sv:78$1964 ($add).
  creating $macc model for $sub$simt_execution_core.sv:51$1930 ($sub).
  creating $macc model for $add$simt_execution_core.sv:50$1929 ($add).
  creating $macc model for $sub$simt_execution_core.sv:51$1893 ($sub).
  creating $macc model for $add$simt_execution_core.sv:50$1892 ($add).
  creating $macc model for $sub$simt_execution_core.sv:51$1856 ($sub).
  creating $macc model for $add$simt_execution_core.sv:50$1855 ($add).
  creating $macc model for $sub$simt_execution_core.sv:51$1819 ($sub).
  creating $macc model for $add$simt_execution_core.sv:50$1818 ($add).
  creating $alu model for $macc $add$simt_execution_core.sv:50$1818.
  creating $alu model for $macc $sub$simt_execution_core.sv:51$1819.
  creating $alu model for $macc $add$simt_execution_core.sv:50$1855.
  creating $alu model for $macc $sub$simt_execution_core.sv:51$1856.
  creating $alu model for $macc $add$simt_execution_core.sv:50$1892.
  creating $alu model for $macc $sub$simt_execution_core.sv:51$1893.
  creating $alu model for $macc $add$simt_execution_core.sv:50$1929.
  creating $alu model for $macc $sub$simt_execution_core.sv:51$1930.
  creating $alu model for $macc $add$simt_execution_core.sv:78$1964.
  creating $alu model for $macc $add$simt_execution_core.sv:43$1999.
  creating $alu model for $macc $add$simt_execution_core.sv:44$2004.
  creating $alu model for $lt$simt_execution_core.sv:53$1933 ($lt): merged with $sub$simt_execution_core.sv:51$1930.
  creating $alu model for $lt$simt_execution_core.sv:52$1931 ($lt): merged with $sub$simt_execution_core.sv:51$1930.
  creating $alu model for $lt$simt_execution_core.sv:53$1896 ($lt): merged with $sub$simt_execution_core.sv:51$1893.
  creating $alu model for $lt$simt_execution_core.sv:52$1894 ($lt): merged with $sub$simt_execution_core.sv:51$1893.
  creating $alu model for $lt$simt_execution_core.sv:53$1859 ($lt): merged with $sub$simt_execution_core.sv:51$1856.
  creating $alu model for $lt$simt_execution_core.sv:52$1857 ($lt): merged with $sub$simt_execution_core.sv:51$1856.
  creating $alu model for $lt$simt_execution_core.sv:53$1822 ($lt): merged with $sub$simt_execution_core.sv:51$1819.
  creating $alu model for $lt$simt_execution_core.sv:52$1820 ($lt): merged with $sub$simt_execution_core.sv:51$1819.
  creating $alu model for $ne$simt_execution_core.sv:62$1945 ($ne): merged with $sub$simt_execution_core.sv:51$1930.
  creating $alu model for $eq$simt_execution_core.sv:61$1943 ($eq): merged with $sub$simt_execution_core.sv:51$1930.
  creating $alu model for $ne$simt_execution_core.sv:62$1908 ($ne): merged with $sub$simt_execution_core.sv:51$1893.
  creating $alu model for $eq$simt_execution_core.sv:61$1906 ($eq): merged with $sub$simt_execution_core.sv:51$1893.
  creating $alu model for $ne$simt_execution_core.sv:62$1871 ($ne): merged with $sub$simt_execution_core.sv:51$1856.
  creating $alu model for $eq$simt_execution_core.sv:61$1869 ($eq): merged with $sub$simt_execution_core.sv:51$1856.
  creating $alu model for $ne$simt_execution_core.sv:62$1834 ($ne): merged with $sub$simt_execution_core.sv:51$1819.
  creating $alu model for $eq$simt_execution_core.sv:61$1832 ($eq): merged with $sub$simt_execution_core.sv:51$1819.
  creating $alu cell for $add$simt_execution_core.sv:44$2004: $auto$alumacc.cc:548:replace_alu$3823
  creating $alu cell for $add$simt_execution_core.sv:43$1999: $auto$alumacc.cc:548:replace_alu$3826
  creating $alu cell for $add$simt_execution_core.sv:78$1964: $auto$alumacc.cc:548:replace_alu$3829
  creating $alu cell for $sub$simt_execution_core.sv:51$1930, $lt$simt_execution_core.sv:53$1933, $lt$simt_execution_core.sv:52$1931, $ne$simt_execution_core.sv:62$1945, $eq$simt_execution_core.sv:61$1943: $auto$alumacc.cc:548:replace_alu$3832
  creating $alu cell for $add$simt_execution_core.sv:50$1929: $auto$alumacc.cc:548:replace_alu$3845
  creating $alu cell for $sub$simt_execution_core.sv:51$1893, $lt$simt_execution_core.sv:53$1896, $lt$simt_execution_core.sv:52$1894, $ne$simt_execution_core.sv:62$1908, $eq$simt_execution_core.sv:61$1906: $auto$alumacc.cc:548:replace_alu$3848
  creating $alu cell for $add$simt_execution_core.sv:50$1892: $auto$alumacc.cc:548:replace_alu$3861
  creating $alu cell for $sub$simt_execution_core.sv:51$1856, $lt$simt_execution_core.sv:53$1859, $lt$simt_execution_core.sv:52$1857, $ne$simt_execution_core.sv:62$1871, $eq$simt_execution_core.sv:61$1869: $auto$alumacc.cc:548:replace_alu$3864
  creating $alu cell for $add$simt_execution_core.sv:50$1855: $auto$alumacc.cc:548:replace_alu$3877
  creating $alu cell for $sub$simt_execution_core.sv:51$1819, $lt$simt_execution_core.sv:53$1822, $lt$simt_execution_core.sv:52$1820, $ne$simt_execution_core.sv:62$1834, $eq$simt_execution_core.sv:61$1832: $auto$alumacc.cc:548:replace_alu$3880
  creating $alu cell for $add$simt_execution_core.sv:50$1818: $auto$alumacc.cc:548:replace_alu$3893
  created 11 $alu and 0 $macc cells.
Extracting $alu and $macc cells in module $paramod\pc_update_unit\PC_WIDTH=s32'00000000000000000000000000100000:
  creating $macc model for $add$pc_update_unit.sv:14$1803 ($add).
  creating $alu model for $macc $add$pc_update_unit.sv:14$1803.
  creating $alu cell for $add$pc_update_unit.sv:14$1803: $auto$alumacc.cc:548:replace_alu$3896
  created 1 $alu and 0 $macc cells.
Extracting $alu and $macc cells in module $paramod$bbdd970d5e9d5db000ca33c4cf0f699d1c916bbb\inst_mem:
  created 0 $alu and 0 $macc cells.
Extracting $alu and $macc cells in module $paramod$20f9d1ebf2d220d6d149ed1f156499717425796a\fetch_decode_unit:
  created 0 $alu and 0 $macc cells.
Extracting $alu and $macc cells in module $paramod$b2a1694e054de7dfdcdbcd4b1356480af6859439\data_mem:
  created 0 $alu and 0 $macc cells.
Extracting $alu and $macc cells in module gpu_top:
  created 0 $alu and 0 $macc cells.

4.13. Executing SHARE pass (SAT-based resource sharing).
Found 12 cells in module $paramod$c340cd9ddb594af487b68a1f41f357874e13cce6\simt_execution_core that may be considered for resource sharing.
  Analyzing resource sharing options for $shl$simt_execution_core.sv:58$1829 ($shl):
    Found 1 activation_patterns using ctrl signal $procmux$2398_CMP.
    Found 3 candidates: $shl$simt_execution_core.sv:58$1866 $shl$simt_execution_core.sv:58$1903 $shl$simt_execution_core.sv:58$1940
    Analyzing resource sharing with $shl$simt_execution_core.sv:58$1866 ($shl):
      Found 1 activation_patterns using ctrl signal $procmux$2398_CMP.
      Activation pattern for cell $shl$simt_execution_core.sv:58$1829: $procmux$2398_CMP = 1'1
      Activation pattern for cell $shl$simt_execution_core.sv:58$1866: $procmux$2398_CMP = 1'1
      Size of SAT problem: 1 cells, 21 variables, 48 clauses
      According to the SAT solver this pair of cells can not be shared.
      Model from SAT solver: $procmux$2398_CMP = 1'1
    Analyzing resource sharing with $shl$simt_execution_core.sv:58$1903 ($shl):
      Found 1 activation_patterns using ctrl signal $procmux$2398_CMP.
      Activation pattern for cell $shl$simt_execution_core.sv:58$1829: $procmux$2398_CMP = 1'1
      Activation pattern for cell $shl$simt_execution_core.sv:58$1903: $procmux$2398_CMP = 1'1
      Size of SAT problem: 1 cells, 21 variables, 48 clauses
      According to the SAT solver this pair of cells can not be shared.
      Model from SAT solver: $procmux$2398_CMP = 1'1
    Analyzing resource sharing with $shl$simt_execution_core.sv:58$1940 ($shl):
      Found 1 activation_patterns using ctrl signal $procmux$2398_CMP.
      Activation pattern for cell $shl$simt_execution_core.sv:58$1829: $procmux$2398_CMP = 1'1
      Activation pattern for cell $shl$simt_execution_core.sv:58$1940: $procmux$2398_CMP = 1'1
      Size of SAT problem: 1 cells, 21 variables, 48 clauses
      According to the SAT solver this pair of cells can not be shared.
      Model from SAT solver: $procmux$2398_CMP = 1'1
  Analyzing resource sharing options for $shr$simt_execution_core.sv:59$1830 ($shr):
    Found 1 activation_patterns using ctrl signal $procmux$2397_CMP.
    Found 3 candidates: $shr$simt_execution_core.sv:59$1867 $shr$simt_execution_core.sv:59$1904 $shr$simt_execution_core.sv:59$1941
    Analyzing resource sharing with $shr$simt_execution_core.sv:59$1867 ($shr):
      Found 1 activation_patterns using ctrl signal $procmux$2397_CMP.
      Activation pattern for cell $shr$simt_execution_core.sv:59$1830: $procmux$2397_CMP = 1'1
      Activation pattern for cell $shr$simt_execution_core.sv:59$1867: $procmux$2397_CMP = 1'1
      Size of SAT problem: 1 cells, 21 variables, 48 clauses
      According to the SAT solver this pair of cells can not be shared.
      Model from SAT solver: $procmux$2397_CMP = 1'1
    Analyzing resource sharing with $shr$simt_execution_core.sv:59$1904 ($shr):
      Found 1 activation_patterns using ctrl signal $procmux$2397_CMP.
      Activation pattern for cell $shr$simt_execution_core.sv:59$1830: $procmux$2397_CMP = 1'1
      Activation pattern for cell $shr$simt_execution_core.sv:59$1904: $procmux$2397_CMP = 1'1
      Size of SAT problem: 1 cells, 21 variables, 48 clauses
      According to the SAT solver this pair of cells can not be shared.
      Model from SAT solver: $procmux$2397_CMP = 1'1
    Analyzing resource sharing with $shr$simt_execution_core.sv:59$1941 ($shr):
      Found 1 activation_patterns using ctrl signal $procmux$2397_CMP.
      Activation pattern for cell $shr$simt_execution_core.sv:59$1830: $procmux$2397_CMP = 1'1
      Activation pattern for cell $shr$simt_execution_core.sv:59$1941: $procmux$2397_CMP = 1'1
      Size of SAT problem: 1 cells, 21 variables, 48 clauses
      According to the SAT solver this pair of cells can not be shared.
      Model from SAT solver: $procmux$2397_CMP = 1'1
  Analyzing resource sharing options for $sshr$simt_execution_core.sv:60$1831 ($sshr):
    Found 1 activation_patterns using ctrl signal $procmux$2396_CMP.
    Found 3 candidates: $sshr$simt_execution_core.sv:60$1868 $sshr$simt_execution_core.sv:60$1905 $sshr$simt_execution_core.sv:60$1942
    Analyzing resource sharing with $sshr$simt_execution_core.sv:60$1868 ($sshr):
      Found 1 activation_patterns using ctrl signal $procmux$2396_CMP.
      Activation pattern for cell $sshr$simt_execution_core.sv:60$1831: $procmux$2396_CMP = 1'1
      Activation pattern for cell $sshr$simt_execution_core.sv:60$1868: $procmux$2396_CMP = 1'1
      Size of SAT problem: 1 cells, 21 variables, 48 clauses
      According to the SAT solver this pair of cells can not be shared.
      Model from SAT solver: $procmux$2396_CMP = 1'1
    Analyzing resource sharing with $sshr$simt_execution_core.sv:60$1905 ($sshr):
      Found 1 activation_patterns using ctrl signal $procmux$2396_CMP.
      Activation pattern for cell $sshr$simt_execution_core.sv:60$1831: $procmux$2396_CMP = 1'1
      Activation pattern for cell $sshr$simt_execution_core.sv:60$1905: $procmux$2396_CMP = 1'1
      Size of SAT problem: 1 cells, 21 variables, 48 clauses
      According to the SAT solver this pair of cells can not be shared.
      Model from SAT solver: $procmux$2396_CMP = 1'1
    Analyzing resource sharing with $sshr$simt_execution_core.sv:60$1942 ($sshr):
      Found 1 activation_patterns using ctrl signal $procmux$2396_CMP.
      Activation pattern for cell $sshr$simt_execution_core.sv:60$1831: $procmux$2396_CMP = 1'1
      Activation pattern for cell $sshr$simt_execution_core.sv:60$1942: $procmux$2396_CMP = 1'1
      Size of SAT problem: 1 cells, 21 variables, 48 clauses
      According to the SAT solver this pair of cells can not be shared.
      Model from SAT solver: $procmux$2396_CMP = 1'1
  Analyzing resource sharing options for $shl$simt_execution_core.sv:58$1866 ($shl):
    Found 1 activation_patterns using ctrl signal $procmux$2398_CMP.
    Found 2 candidates: $shl$simt_execution_core.sv:58$1903 $shl$simt_execution_core.sv:58$1940
    Analyzing resource sharing with $shl$simt_execution_core.sv:58$1903 ($shl):
      Found 1 activation_patterns using ctrl signal $procmux$2398_CMP.
      Activation pattern for cell $shl$simt_execution_core.sv:58$1866: $procmux$2398_CMP = 1'1
      Activation pattern for cell $shl$simt_execution_core.sv:58$1903: $procmux$2398_CMP = 1'1
      Size of SAT problem: 1 cells, 21 variables, 48 clauses
      According to the SAT solver this pair of cells can not be shared.
      Model from SAT solver: $procmux$2398_CMP = 1'1
    Analyzing resource sharing with $shl$simt_execution_core.sv:58$1940 ($shl):
      Found 1 activation_patterns using ctrl signal $procmux$2398_CMP.
      Activation pattern for cell $shl$simt_execution_core.sv:58$1866: $procmux$2398_CMP = 1'1
      Activation pattern for cell $shl$simt_execution_core.sv:58$1940: $procmux$2398_CMP = 1'1
      Size of SAT problem: 1 cells, 21 variables, 48 clauses
      According to the SAT solver this pair of cells can not be shared.
      Model from SAT solver: $procmux$2398_CMP = 1'1
  Analyzing resource sharing options for $shr$simt_execution_core.sv:59$1867 ($shr):
    Found 1 activation_patterns using ctrl signal $procmux$2397_CMP.
    Found 2 candidates: $shr$simt_execution_core.sv:59$1904 $shr$simt_execution_core.sv:59$1941
    Analyzing resource sharing with $shr$simt_execution_core.sv:59$1904 ($shr):
      Found 1 activation_patterns using ctrl signal $procmux$2397_CMP.
      Activation pattern for cell $shr$simt_execution_core.sv:59$1867: $procmux$2397_CMP = 1'1
      Activation pattern for cell $shr$simt_execution_core.sv:59$1904: $procmux$2397_CMP = 1'1
      Size of SAT problem: 1 cells, 21 variables, 48 clauses
      According to the SAT solver this pair of cells can not be shared.
      Model from SAT solver: $procmux$2397_CMP = 1'1
    Analyzing resource sharing with $shr$simt_execution_core.sv:59$1941 ($shr):
      Found 1 activation_patterns using ctrl signal $procmux$2397_CMP.
      Activation pattern for cell $shr$simt_execution_core.sv:59$1867: $procmux$2397_CMP = 1'1
      Activation pattern for cell $shr$simt_execution_core.sv:59$1941: $procmux$2397_CMP = 1'1
      Size of SAT problem: 1 cells, 21 variables, 48 clauses
      According to the SAT solver this pair of cells can not be shared.
      Model from SAT solver: $procmux$2397_CMP = 1'1
  Analyzing resource sharing options for $sshr$simt_execution_core.sv:60$1868 ($sshr):
    Found 1 activation_patterns using ctrl signal $procmux$2396_CMP.
    Found 2 candidates: $sshr$simt_execution_core.sv:60$1905 $sshr$simt_execution_core.sv:60$1942
    Analyzing resource sharing with $sshr$simt_execution_core.sv:60$1905 ($sshr):
      Found 1 activation_patterns using ctrl signal $procmux$2396_CMP.
      Activation pattern for cell $sshr$simt_execution_core.sv:60$1868: $procmux$2396_CMP = 1'1
      Activation pattern for cell $sshr$simt_execution_core.sv:60$1905: $procmux$2396_CMP = 1'1
      Size of SAT problem: 1 cells, 21 variables, 48 clauses
      According to the SAT solver this pair of cells can not be shared.
      Model from SAT solver: $procmux$2396_CMP = 1'1
    Analyzing resource sharing with $sshr$simt_execution_core.sv:60$1942 ($sshr):
      Found 1 activation_patterns using ctrl signal $procmux$2396_CMP.
      Activation pattern for cell $sshr$simt_execution_core.sv:60$1868: $procmux$2396_CMP = 1'1
      Activation pattern for cell $sshr$simt_execution_core.sv:60$1942: $procmux$2396_CMP = 1'1
      Size of SAT problem: 1 cells, 21 variables, 48 clauses
      According to the SAT solver this pair of cells can not be shared.
      Model from SAT solver: $procmux$2396_CMP = 1'1
  Analyzing resource sharing options for $shl$simt_execution_core.sv:58$1903 ($shl):
    Found 1 activation_patterns using ctrl signal $procmux$2398_CMP.
    Found 1 candidates: $shl$simt_execution_core.sv:58$1940
    Analyzing resource sharing with $shl$simt_execution_core.sv:58$1940 ($shl):
      Found 1 activation_patterns using ctrl signal $procmux$2398_CMP.
      Activation pattern for cell $shl$simt_execution_core.sv:58$1903: $procmux$2398_CMP = 1'1
      Activation pattern for cell $shl$simt_execution_core.sv:58$1940: $procmux$2398_CMP = 1'1
      Size of SAT problem: 1 cells, 21 variables, 48 clauses
      According to the SAT solver this pair of cells can not be shared.
      Model from SAT solver: $procmux$2398_CMP = 1'1
  Analyzing resource sharing options for $shr$simt_execution_core.sv:59$1904 ($shr):
    Found 1 activation_patterns using ctrl signal $procmux$2397_CMP.
    Found 1 candidates: $shr$simt_execution_core.sv:59$1941
    Analyzing resource sharing with $shr$simt_execution_core.sv:59$1941 ($shr):
      Found 1 activation_patterns using ctrl signal $procmux$2397_CMP.
      Activation pattern for cell $shr$simt_execution_core.sv:59$1904: $procmux$2397_CMP = 1'1
      Activation pattern for cell $shr$simt_execution_core.sv:59$1941: $procmux$2397_CMP = 1'1
      Size of SAT problem: 1 cells, 21 variables, 48 clauses
      According to the SAT solver this pair of cells can not be shared.
      Model from SAT solver: $procmux$2397_CMP = 1'1
  Analyzing resource sharing options for $sshr$simt_execution_core.sv:60$1905 ($sshr):
    Found 1 activation_patterns using ctrl signal $procmux$2396_CMP.
    Found 1 candidates: $sshr$simt_execution_core.sv:60$1942
    Analyzing resource sharing with $sshr$simt_execution_core.sv:60$1942 ($sshr):
      Found 1 activation_patterns using ctrl signal $procmux$2396_CMP.
      Activation pattern for cell $sshr$simt_execution_core.sv:60$1905: $procmux$2396_CMP = 1'1
      Activation pattern for cell $sshr$simt_execution_core.sv:60$1942: $procmux$2396_CMP = 1'1
      Size of SAT problem: 1 cells, 21 variables, 48 clauses
      According to the SAT solver this pair of cells can not be shared.
      Model from SAT solver: $procmux$2396_CMP = 1'1
  Analyzing resource sharing options for $shl$simt_execution_core.sv:58$1940 ($shl):
    Found 1 activation_patterns using ctrl signal $procmux$2398_CMP.
    No candidates found.
  Analyzing resource sharing options for $shr$simt_execution_core.sv:59$1941 ($shr):
    Found 1 activation_patterns using ctrl signal $procmux$2397_CMP.
    No candidates found.
  Analyzing resource sharing options for $sshr$simt_execution_core.sv:60$1942 ($sshr):
    Found 1 activation_patterns using ctrl signal $procmux$2396_CMP.
    No candidates found.

4.14. Executing OPT pass (performing simple optimizations).

4.14.1. Executing OPT_EXPR pass (perform const folding).
Optimizing module $paramod$fd0170a58924e6d7b2131d4623b428d1d1232fac\warp_scheduler.
Optimizing module $paramod$c340cd9ddb594af487b68a1f41f357874e13cce6\simt_execution_core.
<suppressed ~8 debug messages>
Optimizing module $paramod\pc_update_unit\PC_WIDTH=s32'00000000000000000000000000100000.
Optimizing module $paramod$bbdd970d5e9d5db000ca33c4cf0f699d1c916bbb\inst_mem.
Optimizing module $paramod$20f9d1ebf2d220d6d149ed1f156499717425796a\fetch_decode_unit.
Optimizing module $paramod$b2a1694e054de7dfdcdbcd4b1356480af6859439\data_mem.
Optimizing module gpu_top.

4.14.2. Executing OPT_MERGE pass (detect identical cells).
Finding identical cells in module `$paramod$fd0170a58924e6d7b2131d4623b428d1d1232fac\warp_scheduler'.
Computing hashes of 11 cells of `$paramod$fd0170a58924e6d7b2131d4623b428d1d1232fac\warp_scheduler'.
Finding duplicate cells in `$paramod$fd0170a58924e6d7b2131d4623b428d1d1232fac\warp_scheduler'.
Finding identical cells in module `$paramod$c340cd9ddb594af487b68a1f41f357874e13cce6\simt_execution_core'.
Computing hashes of 287 cells of `$paramod$c340cd9ddb594af487b68a1f41f357874e13cce6\simt_execution_core'.
Finding duplicate cells in `$paramod$c340cd9ddb594af487b68a1f41f357874e13cce6\simt_execution_core'.
Finding identical cells in module `$paramod\pc_update_unit\PC_WIDTH=s32'00000000000000000000000000100000'.
Computing hashes of 2 cells of `$paramod\pc_update_unit\PC_WIDTH=s32'00000000000000000000000000100000'.
Finding duplicate cells in `$paramod\pc_update_unit\PC_WIDTH=s32'00000000000000000000000000100000'.
Finding identical cells in module `$paramod$bbdd970d5e9d5db000ca33c4cf0f699d1c916bbb\inst_mem'.
Computing hashes of 3 cells of `$paramod$bbdd970d5e9d5db000ca33c4cf0f699d1c916bbb\inst_mem'.
Finding duplicate cells in `$paramod$bbdd970d5e9d5db000ca33c4cf0f699d1c916bbb\inst_mem'.
Finding identical cells in module `$paramod$20f9d1ebf2d220d6d149ed1f156499717425796a\fetch_decode_unit'.
Computing hashes of 0 cells of `$paramod$20f9d1ebf2d220d6d149ed1f156499717425796a\fetch_decode_unit'.
Finding duplicate cells in `$paramod$20f9d1ebf2d220d6d149ed1f156499717425796a\fetch_decode_unit'.
Finding identical cells in module `$paramod$b2a1694e054de7dfdcdbcd4b1356480af6859439\data_mem'.
Computing hashes of 21 cells of `$paramod$b2a1694e054de7dfdcdbcd4b1356480af6859439\data_mem'.
Finding duplicate cells in `$paramod$b2a1694e054de7dfdcdbcd4b1356480af6859439\data_mem'.
Finding identical cells in module `\gpu_top'.
Computing hashes of 6 cells of `\gpu_top'.
Finding duplicate cells in `\gpu_top'.
Removed a total of 0 cells.

4.14.3. Executing OPT_MUXTREE pass (detect dead branches in mux trees).
Running muxtree optimizer on module $paramod$fd0170a58924e6d7b2131d4623b428d1d1232fac\warp_scheduler..
  Creating internal representation of mux trees.
  Evaluating internal representation of mux trees.
  Analyzing evaluation results.
Running muxtree optimizer on module $paramod$c340cd9ddb594af487b68a1f41f357874e13cce6\simt_execution_core..
  Creating internal representation of mux trees.
  Evaluating internal representation of mux trees.
  Analyzing evaluation results.
Running muxtree optimizer on module $paramod\pc_update_unit\PC_WIDTH=s32'00000000000000000000000000100000..
  Creating internal representation of mux trees.
  Evaluating internal representation of mux trees.
  Analyzing evaluation results.
Running muxtree optimizer on module $paramod$bbdd970d5e9d5db000ca33c4cf0f699d1c916bbb\inst_mem..
  Creating internal representation of mux trees.
  Evaluating internal representation of mux trees.
  Analyzing evaluation results.
Running muxtree optimizer on module $paramod$20f9d1ebf2d220d6d149ed1f156499717425796a\fetch_decode_unit..
  Creating internal representation of mux trees.
  No muxes found in this module.
Running muxtree optimizer on module $paramod$b2a1694e054de7dfdcdbcd4b1356480af6859439\data_mem..
  Creating internal representation of mux trees.
  Evaluating internal representation of mux trees.
  Analyzing evaluation results.
Running muxtree optimizer on module \gpu_top..
  Creating internal representation of mux trees.
  No muxes found in this module.
Removed 0 multiplexer ports.
<suppressed ~66 debug messages>

4.14.4. Executing OPT_REDUCE pass (consolidate $*mux and $reduce_* inputs).
  Optimizing cells in module $paramod$fd0170a58924e6d7b2131d4623b428d1d1232fac\warp_scheduler.
  Optimizing cells in module $paramod$c340cd9ddb594af487b68a1f41f357874e13cce6\simt_execution_core.
  Optimizing cells in module $paramod\pc_update_unit\PC_WIDTH=s32'00000000000000000000000000100000.
  Optimizing cells in module $paramod$bbdd970d5e9d5db000ca33c4cf0f699d1c916bbb\inst_mem.
  Optimizing cells in module $paramod$20f9d1ebf2d220d6d149ed1f156499717425796a\fetch_decode_unit.
  Optimizing cells in module $paramod$b2a1694e054de7dfdcdbcd4b1356480af6859439\data_mem.
  Optimizing cells in module \gpu_top.
Performed a total of 0 changes.

4.14.5. Executing OPT_MERGE pass (detect identical cells).
Finding identical cells in module `$paramod$fd0170a58924e6d7b2131d4623b428d1d1232fac\warp_scheduler'.
Computing hashes of 11 cells of `$paramod$fd0170a58924e6d7b2131d4623b428d1d1232fac\warp_scheduler'.
Finding duplicate cells in `$paramod$fd0170a58924e6d7b2131d4623b428d1d1232fac\warp_scheduler'.
Finding identical cells in module `$paramod$c340cd9ddb594af487b68a1f41f357874e13cce6\simt_execution_core'.
Computing hashes of 287 cells of `$paramod$c340cd9ddb594af487b68a1f41f357874e13cce6\simt_execution_core'.
Finding duplicate cells in `$paramod$c340cd9ddb594af487b68a1f41f357874e13cce6\simt_execution_core'.
Finding identical cells in module `$paramod\pc_update_unit\PC_WIDTH=s32'00000000000000000000000000100000'.
Computing hashes of 2 cells of `$paramod\pc_update_unit\PC_WIDTH=s32'00000000000000000000000000100000'.
Finding duplicate cells in `$paramod\pc_update_unit\PC_WIDTH=s32'00000000000000000000000000100000'.
Finding identical cells in module `$paramod$bbdd970d5e9d5db000ca33c4cf0f699d1c916bbb\inst_mem'.
Computing hashes of 3 cells of `$paramod$bbdd970d5e9d5db000ca33c4cf0f699d1c916bbb\inst_mem'.
Finding duplicate cells in `$paramod$bbdd970d5e9d5db000ca33c4cf0f699d1c916bbb\inst_mem'.
Finding identical cells in module `$paramod$20f9d1ebf2d220d6d149ed1f156499717425796a\fetch_decode_unit'.
Computing hashes of 0 cells of `$paramod$20f9d1ebf2d220d6d149ed1f156499717425796a\fetch_decode_unit'.
Finding duplicate cells in `$paramod$20f9d1ebf2d220d6d149ed1f156499717425796a\fetch_decode_unit'.
Finding identical cells in module `$paramod$b2a1694e054de7dfdcdbcd4b1356480af6859439\data_mem'.
Computing hashes of 21 cells of `$paramod$b2a1694e054de7dfdcdbcd4b1356480af6859439\data_mem'.
Finding duplicate cells in `$paramod$b2a1694e054de7dfdcdbcd4b1356480af6859439\data_mem'.
Finding identical cells in module `\gpu_top'.
Computing hashes of 6 cells of `\gpu_top'.
Finding duplicate cells in `\gpu_top'.
Removed a total of 0 cells.

4.14.6. Executing OPT_DFF pass (perform DFF optimizations).

4.14.7. Executing OPT_CLEAN pass (remove unused cells and wires).
Finding unused cells or wires in module $paramod$fd0170a58924e6d7b2131d4623b428d1d1232fac\warp_scheduler..
Finding unused cells or wires in module $paramod$c340cd9ddb594af487b68a1f41f357874e13cce6\simt_execution_core..
Finding unused cells or wires in module $paramod\pc_update_unit\PC_WIDTH=s32'00000000000000000000000000100000..
Finding unused cells or wires in module $paramod$bbdd970d5e9d5db000ca33c4cf0f699d1c916bbb\inst_mem..
Finding unused cells or wires in module $paramod$20f9d1ebf2d220d6d149ed1f156499717425796a\fetch_decode_unit..
Finding unused cells or wires in module $paramod$b2a1694e054de7dfdcdbcd4b1356480af6859439\data_mem..
Finding unused cells or wires in module \gpu_top..
Removed 8 unused cells and 24 unused wires.
<suppressed ~9 debug messages>

4.14.8. Executing OPT_EXPR pass (perform const folding).
Optimizing module $paramod$fd0170a58924e6d7b2131d4623b428d1d1232fac\warp_scheduler.
Optimizing module $paramod$c340cd9ddb594af487b68a1f41f357874e13cce6\simt_execution_core.
Optimizing module $paramod\pc_update_unit\PC_WIDTH=s32'00000000000000000000000000100000.
Optimizing module $paramod$bbdd970d5e9d5db000ca33c4cf0f699d1c916bbb\inst_mem.
Optimizing module $paramod$20f9d1ebf2d220d6d149ed1f156499717425796a\fetch_decode_unit.
Optimizing module $paramod$b2a1694e054de7dfdcdbcd4b1356480af6859439\data_mem.
Optimizing module gpu_top.

4.14.9. Rerunning OPT passes. (Maybe there is more to do..)

4.14.10. Executing OPT_MUXTREE pass (detect dead branches in mux trees).
Running muxtree optimizer on module $paramod$fd0170a58924e6d7b2131d4623b428d1d1232fac\warp_scheduler..
  Creating internal representation of mux trees.
  Evaluating internal representation of mux trees.
  Analyzing evaluation results.
Running muxtree optimizer on module $paramod$c340cd9ddb594af487b68a1f41f357874e13cce6\simt_execution_core..
  Creating internal representation of mux trees.
  Evaluating internal representation of mux trees.
  Analyzing evaluation results.
Running muxtree optimizer on module $paramod\pc_update_unit\PC_WIDTH=s32'00000000000000000000000000100000..
  Creating internal representation of mux trees.
  Evaluating internal representation of mux trees.
  Analyzing evaluation results.
Running muxtree optimizer on module $paramod$bbdd970d5e9d5db000ca33c4cf0f699d1c916bbb\inst_mem..
  Creating internal representation of mux trees.
  Evaluating internal representation of mux trees.
  Analyzing evaluation results.
Running muxtree optimizer on module $paramod$20f9d1ebf2d220d6d149ed1f156499717425796a\fetch_decode_unit..
  Creating internal representation of mux trees.
  No muxes found in this module.
Running muxtree optimizer on module $paramod$b2a1694e054de7dfdcdbcd4b1356480af6859439\data_mem..
  Creating internal representation of mux trees.
  Evaluating internal representation of mux trees.
  Analyzing evaluation results.
Running muxtree optimizer on module \gpu_top..
  Creating internal representation of mux trees.
  No muxes found in this module.
Removed 0 multiplexer ports.
<suppressed ~66 debug messages>

4.14.11. Executing OPT_REDUCE pass (consolidate $*mux and $reduce_* inputs).
  Optimizing cells in module $paramod$fd0170a58924e6d7b2131d4623b428d1d1232fac\warp_scheduler.
  Optimizing cells in module $paramod$c340cd9ddb594af487b68a1f41f357874e13cce6\simt_execution_core.
  Optimizing cells in module $paramod\pc_update_unit\PC_WIDTH=s32'00000000000000000000000000100000.
  Optimizing cells in module $paramod$bbdd970d5e9d5db000ca33c4cf0f699d1c916bbb\inst_mem.
  Optimizing cells in module $paramod$20f9d1ebf2d220d6d149ed1f156499717425796a\fetch_decode_unit.
  Optimizing cells in module $paramod$b2a1694e054de7dfdcdbcd4b1356480af6859439\data_mem.
  Optimizing cells in module \gpu_top.
Performed a total of 0 changes.

4.14.12. Executing OPT_MERGE pass (detect identical cells).
Finding identical cells in module `$paramod$fd0170a58924e6d7b2131d4623b428d1d1232fac\warp_scheduler'.
Computing hashes of 11 cells of `$paramod$fd0170a58924e6d7b2131d4623b428d1d1232fac\warp_scheduler'.
Finding duplicate cells in `$paramod$fd0170a58924e6d7b2131d4623b428d1d1232fac\warp_scheduler'.
Finding identical cells in module `$paramod$c340cd9ddb594af487b68a1f41f357874e13cce6\simt_execution_core'.
Computing hashes of 279 cells of `$paramod$c340cd9ddb594af487b68a1f41f357874e13cce6\simt_execution_core'.
Finding duplicate cells in `$paramod$c340cd9ddb594af487b68a1f41f357874e13cce6\simt_execution_core'.
Finding identical cells in module `$paramod\pc_update_unit\PC_WIDTH=s32'00000000000000000000000000100000'.
Computing hashes of 2 cells of `$paramod\pc_update_unit\PC_WIDTH=s32'00000000000000000000000000100000'.
Finding duplicate cells in `$paramod\pc_update_unit\PC_WIDTH=s32'00000000000000000000000000100000'.
Finding identical cells in module `$paramod$bbdd970d5e9d5db000ca33c4cf0f699d1c916bbb\inst_mem'.
Computing hashes of 3 cells of `$paramod$bbdd970d5e9d5db000ca33c4cf0f699d1c916bbb\inst_mem'.
Finding duplicate cells in `$paramod$bbdd970d5e9d5db000ca33c4cf0f699d1c916bbb\inst_mem'.
Finding identical cells in module `$paramod$20f9d1ebf2d220d6d149ed1f156499717425796a\fetch_decode_unit'.
Computing hashes of 0 cells of `$paramod$20f9d1ebf2d220d6d149ed1f156499717425796a\fetch_decode_unit'.
Finding duplicate cells in `$paramod$20f9d1ebf2d220d6d149ed1f156499717425796a\fetch_decode_unit'.
Finding identical cells in module `$paramod$b2a1694e054de7dfdcdbcd4b1356480af6859439\data_mem'.
Computing hashes of 21 cells of `$paramod$b2a1694e054de7dfdcdbcd4b1356480af6859439\data_mem'.
Finding duplicate cells in `$paramod$b2a1694e054de7dfdcdbcd4b1356480af6859439\data_mem'.
Finding identical cells in module `\gpu_top'.
Computing hashes of 6 cells of `\gpu_top'.
Finding duplicate cells in `\gpu_top'.
Removed a total of 0 cells.

4.14.13. Executing OPT_DFF pass (perform DFF optimizations).

4.14.14. Executing OPT_CLEAN pass (remove unused cells and wires).
Finding unused cells or wires in module $paramod$fd0170a58924e6d7b2131d4623b428d1d1232fac\warp_scheduler..
Finding unused cells or wires in module $paramod$c340cd9ddb594af487b68a1f41f357874e13cce6\simt_execution_core..
Finding unused cells or wires in module $paramod\pc_update_unit\PC_WIDTH=s32'00000000000000000000000000100000..
Finding unused cells or wires in module $paramod$bbdd970d5e9d5db000ca33c4cf0f699d1c916bbb\inst_mem..
Finding unused cells or wires in module $paramod$20f9d1ebf2d220d6d149ed1f156499717425796a\fetch_decode_unit..
Finding unused cells or wires in module $paramod$b2a1694e054de7dfdcdbcd4b1356480af6859439\data_mem..
Finding unused cells or wires in module \gpu_top..

4.14.15. Executing OPT_EXPR pass (perform const folding).
Optimizing module $paramod$fd0170a58924e6d7b2131d4623b428d1d1232fac\warp_scheduler.
Optimizing module $paramod$c340cd9ddb594af487b68a1f41f357874e13cce6\simt_execution_core.
Optimizing module $paramod\pc_update_unit\PC_WIDTH=s32'00000000000000000000000000100000.
Optimizing module $paramod$bbdd970d5e9d5db000ca33c4cf0f699d1c916bbb\inst_mem.
Optimizing module $paramod$20f9d1ebf2d220d6d149ed1f156499717425796a\fetch_decode_unit.
Optimizing module $paramod$b2a1694e054de7dfdcdbcd4b1356480af6859439\data_mem.
Optimizing module gpu_top.

4.14.16. Finished fast OPT passes. (There is nothing left to do.)

4.15. Executing MEMORY pass.

4.15.1. Executing OPT_MEM pass (optimize memories).
$paramod$bbdd970d5e9d5db000ca33c4cf0f699d1c916bbb\inst_mem.$auto$proc_rom.cc:155:do_switch$2022: removing const-0 lane 0
$paramod$bbdd970d5e9d5db000ca33c4cf0f699d1c916bbb\inst_mem.$auto$proc_rom.cc:155:do_switch$2022: removing const-0 lane 1
$paramod$bbdd970d5e9d5db000ca33c4cf0f699d1c916bbb\inst_mem.$auto$proc_rom.cc:155:do_switch$2022: removing const-0 lane 2
$paramod$bbdd970d5e9d5db000ca33c4cf0f699d1c916bbb\inst_mem.$auto$proc_rom.cc:155:do_switch$2022: removing const-0 lane 3
$paramod$bbdd970d5e9d5db000ca33c4cf0f699d1c916bbb\inst_mem.$auto$proc_rom.cc:155:do_switch$2022: removing const-0 lane 4
$paramod$bbdd970d5e9d5db000ca33c4cf0f699d1c916bbb\inst_mem.$auto$proc_rom.cc:155:do_switch$2022: removing const-0 lane 5
$paramod$bbdd970d5e9d5db000ca33c4cf0f699d1c916bbb\inst_mem.$auto$proc_rom.cc:155:do_switch$2022: removing const-0 lane 6
$paramod$bbdd970d5e9d5db000ca33c4cf0f699d1c916bbb\inst_mem.$auto$proc_rom.cc:155:do_switch$2022: removing const-0 lane 7
$paramod$bbdd970d5e9d5db000ca33c4cf0f699d1c916bbb\inst_mem.$auto$proc_rom.cc:155:do_switch$2022: removing const-0 lane 8
$paramod$bbdd970d5e9d5db000ca33c4cf0f699d1c916bbb\inst_mem.$auto$proc_rom.cc:155:do_switch$2022: removing const-0 lane 9
$paramod$bbdd970d5e9d5db000ca33c4cf0f699d1c916bbb\inst_mem.$auto$proc_rom.cc:155:do_switch$2022: removing const-0 lane 10
$paramod$bbdd970d5e9d5db000ca33c4cf0f699d1c916bbb\inst_mem.$auto$proc_rom.cc:155:do_switch$2022: removing const-0 lane 11
$paramod$bbdd970d5e9d5db000ca33c4cf0f699d1c916bbb\inst_mem.$auto$proc_rom.cc:155:do_switch$2022: removing const-0 lane 12
$paramod$bbdd970d5e9d5db000ca33c4cf0f699d1c916bbb\inst_mem.$auto$proc_rom.cc:155:do_switch$2022: removing const-1 lane 13
$paramod$bbdd970d5e9d5db000ca33c4cf0f699d1c916bbb\inst_mem.$auto$proc_rom.cc:155:do_switch$2022: removing const-1 lane 14
$paramod$bbdd970d5e9d5db000ca33c4cf0f699d1c916bbb\inst_mem.$auto$proc_rom.cc:155:do_switch$2022: removing const-0 lane 15
$paramod$bbdd970d5e9d5db000ca33c4cf0f699d1c916bbb\inst_mem.$auto$proc_rom.cc:155:do_switch$2022: removing const-0 lane 16
$paramod$bbdd970d5e9d5db000ca33c4cf0f699d1c916bbb\inst_mem.$auto$proc_rom.cc:155:do_switch$2022: removing const-0 lane 17
$paramod$bbdd970d5e9d5db000ca33c4cf0f699d1c916bbb\inst_mem.$auto$proc_rom.cc:155:do_switch$2022: removing const-0 lane 18
$paramod$bbdd970d5e9d5db000ca33c4cf0f699d1c916bbb\inst_mem.$auto$proc_rom.cc:155:do_switch$2022: removing const-1 lane 19
$paramod$bbdd970d5e9d5db000ca33c4cf0f699d1c916bbb\inst_mem.$auto$proc_rom.cc:155:do_switch$2022: removing const-0 lane 20
$paramod$bbdd970d5e9d5db000ca33c4cf0f699d1c916bbb\inst_mem.$auto$proc_rom.cc:155:do_switch$2022: removing const-0 lane 21
$paramod$bbdd970d5e9d5db000ca33c4cf0f699d1c916bbb\inst_mem.$auto$proc_rom.cc:155:do_switch$2022: removing const-0 lane 22
$paramod$bbdd970d5e9d5db000ca33c4cf0f699d1c916bbb\inst_mem.$auto$proc_rom.cc:155:do_switch$2022: removing const-0 lane 27
Performed a total of 1 transformations.

4.15.2. Executing OPT_MEM_PRIORITY pass (removing unnecessary memory write priority relations).
Performed a total of 0 transformations.

4.15.3. Executing OPT_MEM_FEEDBACK pass (finding memory read-to-write feedback paths).
  Analyzing $paramod$b2a1694e054de7dfdcdbcd4b1356480af6859439\data_mem.mem_lanes[3].mem_file write port 0.
  Analyzing $paramod$b2a1694e054de7dfdcdbcd4b1356480af6859439\data_mem.mem_lanes[2].mem_file write port 0.
  Analyzing $paramod$b2a1694e054de7dfdcdbcd4b1356480af6859439\data_mem.mem_lanes[1].mem_file write port 0.
  Analyzing $paramod$b2a1694e054de7dfdcdbcd4b1356480af6859439\data_mem.mem_lanes[0].mem_file write port 0.

4.15.4. Executing MEMORY_BMUX2ROM pass (converting muxes to ROMs).

4.15.5. Executing MEMORY_DFF pass (merging $dff cells to $memrd).
Checking read port `$auto$proc_rom.cc:155:do_switch$2022'[0] in module `$paramod$bbdd970d5e9d5db000ca33c4cf0f699d1c916bbb\inst_mem': no output FF found.
Checking read port address `$auto$proc_rom.cc:155:do_switch$2022'[0] in module `$paramod$bbdd970d5e9d5db000ca33c4cf0f699d1c916bbb\inst_mem': no address FF found.
Checking read port `\mem_lanes[3].mem_file'[0] in module `$paramod$b2a1694e054de7dfdcdbcd4b1356480af6859439\data_mem': merging output FF to cell.
    Write port 0: don't care on collision.
Checking read port `\mem_lanes[2].mem_file'[0] in module `$paramod$b2a1694e054de7dfdcdbcd4b1356480af6859439\data_mem': merging output FF to cell.
    Write port 0: don't care on collision.
Checking read port `\mem_lanes[1].mem_file'[0] in module `$paramod$b2a1694e054de7dfdcdbcd4b1356480af6859439\data_mem': merging output FF to cell.
    Write port 0: don't care on collision.
Checking read port `\mem_lanes[0].mem_file'[0] in module `$paramod$b2a1694e054de7dfdcdbcd4b1356480af6859439\data_mem': merging output FF to cell.
    Write port 0: don't care on collision.

4.15.6. Executing OPT_CLEAN pass (remove unused cells and wires).
Finding unused cells or wires in module $paramod$fd0170a58924e6d7b2131d4623b428d1d1232fac\warp_scheduler..
Finding unused cells or wires in module $paramod$c340cd9ddb594af487b68a1f41f357874e13cce6\simt_execution_core..
Finding unused cells or wires in module $paramod\pc_update_unit\PC_WIDTH=s32'00000000000000000000000000100000..
Finding unused cells or wires in module $paramod$bbdd970d5e9d5db000ca33c4cf0f699d1c916bbb\inst_mem..
Finding unused cells or wires in module $paramod$20f9d1ebf2d220d6d149ed1f156499717425796a\fetch_decode_unit..
Finding unused cells or wires in module $paramod$b2a1694e054de7dfdcdbcd4b1356480af6859439\data_mem..
Finding unused cells or wires in module \gpu_top..
Removed 4 unused cells and 132 unused wires.
<suppressed ~5 debug messages>

4.15.7. Executing MEMORY_SHARE pass (consolidating $memrd/$memwr cells).

4.15.8. Executing OPT_MEM_WIDEN pass (optimize memories where all ports are wide).
Performed a total of 0 transformations.

4.15.9. Executing OPT_CLEAN pass (remove unused cells and wires).
Finding unused cells or wires in module $paramod$fd0170a58924e6d7b2131d4623b428d1d1232fac\warp_scheduler..
Finding unused cells or wires in module $paramod$c340cd9ddb594af487b68a1f41f357874e13cce6\simt_execution_core..
Finding unused cells or wires in module $paramod\pc_update_unit\PC_WIDTH=s32'00000000000000000000000000100000..
Finding unused cells or wires in module $paramod$bbdd970d5e9d5db000ca33c4cf0f699d1c916bbb\inst_mem..
Finding unused cells or wires in module $paramod$20f9d1ebf2d220d6d149ed1f156499717425796a\fetch_decode_unit..
Finding unused cells or wires in module $paramod$b2a1694e054de7dfdcdbcd4b1356480af6859439\data_mem..
Finding unused cells or wires in module \gpu_top..

4.15.10. Executing MEMORY_COLLECT pass (generating $mem cells).

4.16. Executing OPT_CLEAN pass (remove unused cells and wires).
Finding unused cells or wires in module $paramod$fd0170a58924e6d7b2131d4623b428d1d1232fac\warp_scheduler..
Finding unused cells or wires in module $paramod$c340cd9ddb594af487b68a1f41f357874e13cce6\simt_execution_core..
Finding unused cells or wires in module $paramod\pc_update_unit\PC_WIDTH=s32'00000000000000000000000000100000..
Finding unused cells or wires in module $paramod$bbdd970d5e9d5db000ca33c4cf0f699d1c916bbb\inst_mem..
Finding unused cells or wires in module $paramod$20f9d1ebf2d220d6d149ed1f156499717425796a\fetch_decode_unit..
Finding unused cells or wires in module $paramod$b2a1694e054de7dfdcdbcd4b1356480af6859439\data_mem..
Finding unused cells or wires in module \gpu_top..

4.17. Executing OPT pass (performing simple optimizations).

4.17.1. Executing OPT_EXPR pass (perform const folding).
Optimizing module $paramod$fd0170a58924e6d7b2131d4623b428d1d1232fac\warp_scheduler.
<suppressed ~1 debug messages>
Optimizing module $paramod$c340cd9ddb594af487b68a1f41f357874e13cce6\simt_execution_core.
<suppressed ~31 debug messages>
Optimizing module $paramod\pc_update_unit\PC_WIDTH=s32'00000000000000000000000000100000.
<suppressed ~1 debug messages>
Optimizing module $paramod$bbdd970d5e9d5db000ca33c4cf0f699d1c916bbb\inst_mem.
Optimizing module $paramod$20f9d1ebf2d220d6d149ed1f156499717425796a\fetch_decode_unit.
Optimizing module $paramod$b2a1694e054de7dfdcdbcd4b1356480af6859439\data_mem.
<suppressed ~9 debug messages>
Optimizing module gpu_top.

4.17.2. Executing OPT_MERGE pass (detect identical cells).
Finding identical cells in module `$paramod$fd0170a58924e6d7b2131d4623b428d1d1232fac\warp_scheduler'.
Computing hashes of 11 cells of `$paramod$fd0170a58924e6d7b2131d4623b428d1d1232fac\warp_scheduler'.
Finding duplicate cells in `$paramod$fd0170a58924e6d7b2131d4623b428d1d1232fac\warp_scheduler'.
Finding identical cells in module `$paramod$c340cd9ddb594af487b68a1f41f357874e13cce6\simt_execution_core'.
Computing hashes of 271 cells of `$paramod$c340cd9ddb594af487b68a1f41f357874e13cce6\simt_execution_core'.
Finding duplicate cells in `$paramod$c340cd9ddb594af487b68a1f41f357874e13cce6\simt_execution_core'.
Finding identical cells in module `$paramod\pc_update_unit\PC_WIDTH=s32'00000000000000000000000000100000'.
Computing hashes of 2 cells of `$paramod\pc_update_unit\PC_WIDTH=s32'00000000000000000000000000100000'.
Finding duplicate cells in `$paramod\pc_update_unit\PC_WIDTH=s32'00000000000000000000000000100000'.
Finding identical cells in module `$paramod$bbdd970d5e9d5db000ca33c4cf0f699d1c916bbb\inst_mem'.
Computing hashes of 2 cells of `$paramod$bbdd970d5e9d5db000ca33c4cf0f699d1c916bbb\inst_mem'.
Finding duplicate cells in `$paramod$bbdd970d5e9d5db000ca33c4cf0f699d1c916bbb\inst_mem'.
Finding identical cells in module `$paramod$20f9d1ebf2d220d6d149ed1f156499717425796a\fetch_decode_unit'.
Computing hashes of 0 cells of `$paramod$20f9d1ebf2d220d6d149ed1f156499717425796a\fetch_decode_unit'.
Finding duplicate cells in `$paramod$20f9d1ebf2d220d6d149ed1f156499717425796a\fetch_decode_unit'.
Finding identical cells in module `$paramod$b2a1694e054de7dfdcdbcd4b1356480af6859439\data_mem'.
Computing hashes of 8 cells of `$paramod$b2a1694e054de7dfdcdbcd4b1356480af6859439\data_mem'.
Finding duplicate cells in `$paramod$b2a1694e054de7dfdcdbcd4b1356480af6859439\data_mem'.
Computing hashes of 5 cells of `$paramod$b2a1694e054de7dfdcdbcd4b1356480af6859439\data_mem'.
Finding duplicate cells in `$paramod$b2a1694e054de7dfdcdbcd4b1356480af6859439\data_mem'.
<suppressed ~9 debug messages>
Finding identical cells in module `\gpu_top'.
Computing hashes of 6 cells of `\gpu_top'.
Finding duplicate cells in `\gpu_top'.
Removed a total of 3 cells.

4.17.3. Executing OPT_DFF pass (perform DFF optimizations).

4.17.4. Executing OPT_CLEAN pass (remove unused cells and wires).
Finding unused cells or wires in module $paramod$fd0170a58924e6d7b2131d4623b428d1d1232fac\warp_scheduler..
Finding unused cells or wires in module $paramod$c340cd9ddb594af487b68a1f41f357874e13cce6\simt_execution_core..
Finding unused cells or wires in module $paramod\pc_update_unit\PC_WIDTH=s32'00000000000000000000000000100000..
Finding unused cells or wires in module $paramod$bbdd970d5e9d5db000ca33c4cf0f699d1c916bbb\inst_mem..
Finding unused cells or wires in module $paramod$20f9d1ebf2d220d6d149ed1f156499717425796a\fetch_decode_unit..
Finding unused cells or wires in module $paramod$b2a1694e054de7dfdcdbcd4b1356480af6859439\data_mem..
Finding unused cells or wires in module \gpu_top..
Removed 4 unused cells and 24 unused wires.
<suppressed ~7 debug messages>

4.17.5. Finished fast OPT passes.

4.18. Executing MEMORY_MAP pass (converting memories to logic and flip-flops).
Mapping memory $auto$proc_rom.cc:155:do_switch$2022 in module $paramod$bbdd970d5e9d5db000ca33c4cf0f699d1c916bbb\inst_mem:
  created 16 $dff cells and 0 static cells of width 8.
  read interface: 0 $dff and 15 $mux cells.
  write interface: 0 write mux blocks.
Mapping memory \mem_lanes[3].mem_file in module $paramod$b2a1694e054de7dfdcdbcd4b1356480af6859439\data_mem:
  created 32 $dff cells and 0 static cells of width 32.
Extracted data FF from read port 0 of $paramod$b2a1694e054de7dfdcdbcd4b1356480af6859439\data_mem.mem_lanes[3].mem_file: $\mem_lanes[3].mem_file$rdreg[0]
  read interface: 1 $dff and 31 $mux cells.
  write interface: 32 write mux blocks.
Mapping memory \mem_lanes[2].mem_file in module $paramod$b2a1694e054de7dfdcdbcd4b1356480af6859439\data_mem:
  created 32 $dff cells and 0 static cells of width 32.
Extracted data FF from read port 0 of $paramod$b2a1694e054de7dfdcdbcd4b1356480af6859439\data_mem.mem_lanes[2].mem_file: $\mem_lanes[2].mem_file$rdreg[0]
  read interface: 1 $dff and 31 $mux cells.
  write interface: 32 write mux blocks.
Mapping memory \mem_lanes[1].mem_file in module $paramod$b2a1694e054de7dfdcdbcd4b1356480af6859439\data_mem:
  created 32 $dff cells and 0 static cells of width 32.
Extracted data FF from read port 0 of $paramod$b2a1694e054de7dfdcdbcd4b1356480af6859439\data_mem.mem_lanes[1].mem_file: $\mem_lanes[1].mem_file$rdreg[0]
  read interface: 1 $dff and 31 $mux cells.
  write interface: 32 write mux blocks.
Mapping memory \mem_lanes[0].mem_file in module $paramod$b2a1694e054de7dfdcdbcd4b1356480af6859439\data_mem:
  created 32 $dff cells and 0 static cells of width 32.
Extracted data FF from read port 0 of $paramod$b2a1694e054de7dfdcdbcd4b1356480af6859439\data_mem.mem_lanes[0].mem_file: $\mem_lanes[0].mem_file$rdreg[0]
  read interface: 1 $dff and 31 $mux cells.
  write interface: 32 write mux blocks.

4.19. Executing OPT pass (performing simple optimizations).

4.19.1. Executing OPT_EXPR pass (perform const folding).
Optimizing module $paramod$fd0170a58924e6d7b2131d4623b428d1d1232fac\warp_scheduler.
Optimizing module $paramod$c340cd9ddb594af487b68a1f41f357874e13cce6\simt_execution_core.
Optimizing module $paramod\pc_update_unit\PC_WIDTH=s32'00000000000000000000000000100000.
Optimizing module $paramod$bbdd970d5e9d5db000ca33c4cf0f699d1c916bbb\inst_mem.
Optimizing module $paramod$20f9d1ebf2d220d6d149ed1f156499717425796a\fetch_decode_unit.
Optimizing module $paramod$b2a1694e054de7dfdcdbcd4b1356480af6859439\data_mem.
<suppressed ~48 debug messages>
Optimizing module gpu_top.

4.19.2. Executing OPT_MERGE pass (detect identical cells).
Finding identical cells in module `$paramod$fd0170a58924e6d7b2131d4623b428d1d1232fac\warp_scheduler'.
Computing hashes of 10 cells of `$paramod$fd0170a58924e6d7b2131d4623b428d1d1232fac\warp_scheduler'.
Finding duplicate cells in `$paramod$fd0170a58924e6d7b2131d4623b428d1d1232fac\warp_scheduler'.
Finding identical cells in module `$paramod$c340cd9ddb594af487b68a1f41f357874e13cce6\simt_execution_core'.
Computing hashes of 268 cells of `$paramod$c340cd9ddb594af487b68a1f41f357874e13cce6\simt_execution_core'.
Finding duplicate cells in `$paramod$c340cd9ddb594af487b68a1f41f357874e13cce6\simt_execution_core'.
Finding identical cells in module `$paramod\pc_update_unit\PC_WIDTH=s32'00000000000000000000000000100000'.
Computing hashes of 2 cells of `$paramod\pc_update_unit\PC_WIDTH=s32'00000000000000000000000000100000'.
Finding duplicate cells in `$paramod\pc_update_unit\PC_WIDTH=s32'00000000000000000000000000100000'.
Finding identical cells in module `$paramod$bbdd970d5e9d5db000ca33c4cf0f699d1c916bbb\inst_mem'.
Computing hashes of 16 cells of `$paramod$bbdd970d5e9d5db000ca33c4cf0f699d1c916bbb\inst_mem'.
Finding duplicate cells in `$paramod$bbdd970d5e9d5db000ca33c4cf0f699d1c916bbb\inst_mem'.
Finding identical cells in module `$paramod$20f9d1ebf2d220d6d149ed1f156499717425796a\fetch_decode_unit'.
Computing hashes of 0 cells of `$paramod$20f9d1ebf2d220d6d149ed1f156499717425796a\fetch_decode_unit'.
Finding duplicate cells in `$paramod$20f9d1ebf2d220d6d149ed1f156499717425796a\fetch_decode_unit'.
Finding identical cells in module `$paramod$b2a1694e054de7dfdcdbcd4b1356480af6859439\data_mem'.
Computing hashes of 725 cells of `$paramod$b2a1694e054de7dfdcdbcd4b1356480af6859439\data_mem'.
Finding duplicate cells in `$paramod$b2a1694e054de7dfdcdbcd4b1356480af6859439\data_mem'.
Finding identical cells in module `\gpu_top'.
Computing hashes of 6 cells of `\gpu_top'.
Finding duplicate cells in `\gpu_top'.
Removed a total of 0 cells.

4.19.3. Executing OPT_MUXTREE pass (detect dead branches in mux trees).
Running muxtree optimizer on module $paramod$fd0170a58924e6d7b2131d4623b428d1d1232fac\warp_scheduler..
  Creating internal representation of mux trees.
  Evaluating internal representation of mux trees.
  Analyzing evaluation results.
Running muxtree optimizer on module $paramod$c340cd9ddb594af487b68a1f41f357874e13cce6\simt_execution_core..
  Creating internal representation of mux trees.
  Evaluating internal representation of mux trees.
  Analyzing evaluation results.
Running muxtree optimizer on module $paramod\pc_update_unit\PC_WIDTH=s32'00000000000000000000000000100000..
  Creating internal representation of mux trees.
  Evaluating internal representation of mux trees.
  Analyzing evaluation results.
Running muxtree optimizer on module $paramod$bbdd970d5e9d5db000ca33c4cf0f699d1c916bbb\inst_mem..
  Creating internal representation of mux trees.
  Evaluating internal representation of mux trees.
  Analyzing evaluation results.
Running muxtree optimizer on module $paramod$20f9d1ebf2d220d6d149ed1f156499717425796a\fetch_decode_unit..
  Creating internal representation of mux trees.
  No muxes found in this module.
Running muxtree optimizer on module $paramod$b2a1694e054de7dfdcdbcd4b1356480af6859439\data_mem..
  Creating internal representation of mux trees.
  Evaluating internal representation of mux trees.
  Analyzing evaluation results.
Running muxtree optimizer on module \gpu_top..
  Creating internal representation of mux trees.
  No muxes found in this module.
Removed 0 multiplexer ports.
<suppressed ~431 debug messages>

4.19.4. Executing OPT_REDUCE pass (consolidate $*mux and $reduce_* inputs).
  Optimizing cells in module $paramod$fd0170a58924e6d7b2131d4623b428d1d1232fac\warp_scheduler.
  Optimizing cells in module $paramod$c340cd9ddb594af487b68a1f41f357874e13cce6\simt_execution_core.
  Optimizing cells in module $paramod\pc_update_unit\PC_WIDTH=s32'00000000000000000000000000100000.
  Optimizing cells in module $paramod$bbdd970d5e9d5db000ca33c4cf0f699d1c916bbb\inst_mem.
    Consolidated identical input bits for $mux cell $memory$auto$proc_rom.cc:155:do_switch$2022$rdmux[0][3][6]$4080:
      Old ports: A=8'11001100, B=8'11011101, Y=$memory$auto$proc_rom.cc:155:do_switch$2022$rdmux[0][2][3]$a$4060
      New ports: A=1'0, B=1'1, Y=$memory$auto$proc_rom.cc:155:do_switch$2022$rdmux[0][2][3]$a$4060 [0]
      New connections: $memory$auto$proc_rom.cc:155:do_switch$2022$rdmux[0][2][3]$a$4060 [7:1] = { 3'110 $memory$auto$proc_rom.cc:155:do_switch$2022$rdmux[0][2][3]$a$4060 [0] 3'110 }
    Consolidated identical input bits for $mux cell $memory$auto$proc_rom.cc:155:do_switch$2022$rdmux[0][3][5]$4077:
      Old ports: A=8'10101010, B=8'10111011, Y=$memory$auto$proc_rom.cc:155:do_switch$2022$rdmux[0][2][2]$b$4058
      New ports: A=1'0, B=1'1, Y=$memory$auto$proc_rom.cc:155:do_switch$2022$rdmux[0][2][2]$b$4058 [0]
      New connections: $memory$auto$proc_rom.cc:155:do_switch$2022$rdmux[0][2][2]$b$4058 [7:1] = { 3'101 $memory$auto$proc_rom.cc:155:do_switch$2022$rdmux[0][2][2]$b$4058 [0] 3'101 }
    Consolidated identical input bits for $mux cell $memory$auto$proc_rom.cc:155:do_switch$2022$rdmux[0][3][4]$4074:
      Old ports: A=8'10001000, B=8'10011001, Y=$memory$auto$proc_rom.cc:155:do_switch$2022$rdmux[0][2][2]$a$4057
      New ports: A=1'0, B=1'1, Y=$memory$auto$proc_rom.cc:155:do_switch$2022$rdmux[0][2][2]$a$4057 [0]
      New connections: $memory$auto$proc_rom.cc:155:do_switch$2022$rdmux[0][2][2]$a$4057 [7:1] = { 3'100 $memory$auto$proc_rom.cc:155:do_switch$2022$rdmux[0][2][2]$a$4057 [0] 3'100 }
    Consolidated identical input bits for $mux cell $memory$auto$proc_rom.cc:155:do_switch$2022$rdmux[0][3][3]$4071:
      Old ports: A=8'01100110, B=8'01110111, Y=$memory$auto$proc_rom.cc:155:do_switch$2022$rdmux[0][2][1]$b$4055
      New ports: A=1'0, B=1'1, Y=$memory$auto$proc_rom.cc:155:do_switch$2022$rdmux[0][2][1]$b$4055 [0]
      New connections: $memory$auto$proc_rom.cc:155:do_switch$2022$rdmux[0][2][1]$b$4055 [7:1] = { 3'011 $memory$auto$proc_rom.cc:155:do_switch$2022$rdmux[0][2][1]$b$4055 [0] 3'011 }
    Consolidated identical input bits for $mux cell $memory$auto$proc_rom.cc:155:do_switch$2022$rdmux[0][3][2]$4068:
      Old ports: A=8'01000100, B=8'01010101, Y=$memory$auto$proc_rom.cc:155:do_switch$2022$rdmux[0][2][1]$a$4054
      New ports: A=1'0, B=1'1, Y=$memory$auto$proc_rom.cc:155:do_switch$2022$rdmux[0][2][1]$a$4054 [0]
      New connections: $memory$auto$proc_rom.cc:155:do_switch$2022$rdmux[0][2][1]$a$4054 [7:1] = { 3'010 $memory$auto$proc_rom.cc:155:do_switch$2022$rdmux[0][2][1]$a$4054 [0] 3'010 }
    Consolidated identical input bits for $mux cell $memory$auto$proc_rom.cc:155:do_switch$2022$rdmux[0][3][1]$4065:
      Old ports: A=8'00100010, B=8'00110011, Y=$memory$auto$proc_rom.cc:155:do_switch$2022$rdmux[0][2][0]$b$4052
      New ports: A=1'0, B=1'1, Y=$memory$auto$proc_rom.cc:155:do_switch$2022$rdmux[0][2][0]$b$4052 [0]
      New connections: $memory$auto$proc_rom.cc:155:do_switch$2022$rdmux[0][2][0]$b$4052 [7:1] = { 3'001 $memory$auto$proc_rom.cc:155:do_switch$2022$rdmux[0][2][0]$b$4052 [0] 3'001 }
    Consolidated identical input bits for $mux cell $memory$auto$proc_rom.cc:155:do_switch$2022$rdmux[0][3][0]$4062:
      Old ports: A=8'00000000, B=8'00010001, Y=$memory$auto$proc_rom.cc:155:do_switch$2022$rdmux[0][2][0]$a$4051
      New ports: A=1'0, B=1'1, Y=$memory$auto$proc_rom.cc:155:do_switch$2022$rdmux[0][2][0]$a$4051 [0]
      New connections: $memory$auto$proc_rom.cc:155:do_switch$2022$rdmux[0][2][0]$a$4051 [7:1] = { 3'000 $memory$auto$proc_rom.cc:155:do_switch$2022$rdmux[0][2][0]$a$4051 [0] 3'000 }
    Consolidated identical input bits for $mux cell $procmux$3077:
      Old ports: A={ $auto$proc_rom.cc:154:do_switch$2021 [31:28] 1'0 $auto$proc_rom.cc:154:do_switch$2021 [26:23] 23'00010000110000000000000 }, B=0, Y=\instruction
      New ports: A={ $auto$proc_rom.cc:154:do_switch$2021 [31:28] $auto$proc_rom.cc:154:do_switch$2021 [26:23] 1'1 }, B=9'000000000, Y={ \instruction [31:28] \instruction [26:23] \instruction [13] }
      New connections: { \instruction [27] \instruction [22:14] \instruction [12:0] } = { 4'0000 \instruction [13] 4'0000 \instruction [13] 13'0000000000000 }
    Consolidated identical input bits for $mux cell $memory$auto$proc_rom.cc:155:do_switch$2022$rdmux[0][3][7]$4083:
      Old ports: A=8'11101110, B=8'11111111, Y=$memory$auto$proc_rom.cc:155:do_switch$2022$rdmux[0][2][3]$b$4061
      New ports: A=1'0, B=1'1, Y=$memory$auto$proc_rom.cc:155:do_switch$2022$rdmux[0][2][3]$b$4061 [0]
      New connections: $memory$auto$proc_rom.cc:155:do_switch$2022$rdmux[0][2][3]$b$4061 [7:1] = { 3'111 $memory$auto$proc_rom.cc:155:do_switch$2022$rdmux[0][2][3]$b$4061 [0] 3'111 }
  Optimizing cells in module $paramod$bbdd970d5e9d5db000ca33c4cf0f699d1c916bbb\inst_mem.
    Consolidated identical input bits for $mux cell $memory$auto$proc_rom.cc:155:do_switch$2022$rdmux[0][2][3]$4059:
      Old ports: A=$memory$auto$proc_rom.cc:155:do_switch$2022$rdmux[0][2][3]$a$4060, B=$memory$auto$proc_rom.cc:155:do_switch$2022$rdmux[0][2][3]$b$4061, Y=$memory$auto$proc_rom.cc:155:do_switch$2022$rdmux[0][1][1]$b$4049
      New ports: A={ 1'0 $memory$auto$proc_rom.cc:155:do_switch$2022$rdmux[0][2][3]$a$4060 [0] }, B={ 1'1 $memory$auto$proc_rom.cc:155:do_switch$2022$rdmux[0][2][3]$b$4061 [0] }, Y=$memory$auto$proc_rom.cc:155:do_switch$2022$rdmux[0][1][1]$b$4049 [1:0]
      New connections: $memory$auto$proc_rom.cc:155:do_switch$2022$rdmux[0][1][1]$b$4049 [7:2] = { 2'11 $memory$auto$proc_rom.cc:155:do_switch$2022$rdmux[0][1][1]$b$4049 [1:0] 2'11 }
    Consolidated identical input bits for $mux cell $memory$auto$proc_rom.cc:155:do_switch$2022$rdmux[0][2][2]$4056:
      Old ports: A=$memory$auto$proc_rom.cc:155:do_switch$2022$rdmux[0][2][2]$a$4057, B=$memory$auto$proc_rom.cc:155:do_switch$2022$rdmux[0][2][2]$b$4058, Y=$memory$auto$proc_rom.cc:155:do_switch$2022$rdmux[0][1][1]$a$4048
      New ports: A={ 1'0 $memory$auto$proc_rom.cc:155:do_switch$2022$rdmux[0][2][2]$a$4057 [0] }, B={ 1'1 $memory$auto$proc_rom.cc:155:do_switch$2022$rdmux[0][2][2]$b$4058 [0] }, Y=$memory$auto$proc_rom.cc:155:do_switch$2022$rdmux[0][1][1]$a$4048 [1:0]
      New connections: $memory$auto$proc_rom.cc:155:do_switch$2022$rdmux[0][1][1]$a$4048 [7:2] = { 2'10 $memory$auto$proc_rom.cc:155:do_switch$2022$rdmux[0][1][1]$a$4048 [1:0] 2'10 }
    Consolidated identical input bits for $mux cell $memory$auto$proc_rom.cc:155:do_switch$2022$rdmux[0][2][1]$4053:
      Old ports: A=$memory$auto$proc_rom.cc:155:do_switch$2022$rdmux[0][2][1]$a$4054, B=$memory$auto$proc_rom.cc:155:do_switch$2022$rdmux[0][2][1]$b$4055, Y=$memory$auto$proc_rom.cc:155:do_switch$2022$rdmux[0][1][0]$b$4046
      New ports: A={ 1'0 $memory$auto$proc_rom.cc:155:do_switch$2022$rdmux[0][2][1]$a$4054 [0] }, B={ 1'1 $memory$auto$proc_rom.cc:155:do_switch$2022$rdmux[0][2][1]$b$4055 [0] }, Y=$memory$auto$proc_rom.cc:155:do_switch$2022$rdmux[0][1][0]$b$4046 [1:0]
      New connections: $memory$auto$proc_rom.cc:155:do_switch$2022$rdmux[0][1][0]$b$4046 [7:2] = { 2'01 $memory$auto$proc_rom.cc:155:do_switch$2022$rdmux[0][1][0]$b$4046 [1:0] 2'01 }
    Consolidated identical input bits for $mux cell $memory$auto$proc_rom.cc:155:do_switch$2022$rdmux[0][2][0]$4050:
      Old ports: A=$memory$auto$proc_rom.cc:155:do_switch$2022$rdmux[0][2][0]$a$4051, B=$memory$auto$proc_rom.cc:155:do_switch$2022$rdmux[0][2][0]$b$4052, Y=$memory$auto$proc_rom.cc:155:do_switch$2022$rdmux[0][1][0]$a$4045
      New ports: A={ 1'0 $memory$auto$proc_rom.cc:155:do_switch$2022$rdmux[0][2][0]$a$4051 [0] }, B={ 1'1 $memory$auto$proc_rom.cc:155:do_switch$2022$rdmux[0][2][0]$b$4052 [0] }, Y=$memory$auto$proc_rom.cc:155:do_switch$2022$rdmux[0][1][0]$a$4045 [1:0]
      New connections: $memory$auto$proc_rom.cc:155:do_switch$2022$rdmux[0][1][0]$a$4045 [7:2] = { 2'00 $memory$auto$proc_rom.cc:155:do_switch$2022$rdmux[0][1][0]$a$4045 [1:0] 2'00 }
  Optimizing cells in module $paramod$bbdd970d5e9d5db000ca33c4cf0f699d1c916bbb\inst_mem.
    Consolidated identical input bits for $mux cell $memory$auto$proc_rom.cc:155:do_switch$2022$rdmux[0][1][1]$4047:
      Old ports: A=$memory$auto$proc_rom.cc:155:do_switch$2022$rdmux[0][1][1]$a$4048, B=$memory$auto$proc_rom.cc:155:do_switch$2022$rdmux[0][1][1]$b$4049, Y=$memory$auto$proc_rom.cc:155:do_switch$2022$rdmux[0][0][0]$b$4043
      New ports: A={ 1'0 $memory$auto$proc_rom.cc:155:do_switch$2022$rdmux[0][1][1]$a$4048 [1:0] }, B={ 1'1 $memory$auto$proc_rom.cc:155:do_switch$2022$rdmux[0][1][1]$b$4049 [1:0] }, Y=$memory$auto$proc_rom.cc:155:do_switch$2022$rdmux[0][0][0]$b$4043 [2:0]
      New connections: $memory$auto$proc_rom.cc:155:do_switch$2022$rdmux[0][0][0]$b$4043 [7:3] = { 1'1 $memory$auto$proc_rom.cc:155:do_switch$2022$rdmux[0][0][0]$b$4043 [2:0] 1'1 }
    Consolidated identical input bits for $mux cell $memory$auto$proc_rom.cc:155:do_switch$2022$rdmux[0][1][0]$4044:
      Old ports: A=$memory$auto$proc_rom.cc:155:do_switch$2022$rdmux[0][1][0]$a$4045, B=$memory$auto$proc_rom.cc:155:do_switch$2022$rdmux[0][1][0]$b$4046, Y=$memory$auto$proc_rom.cc:155:do_switch$2022$rdmux[0][0][0]$a$4042
      New ports: A={ 1'0 $memory$auto$proc_rom.cc:155:do_switch$2022$rdmux[0][1][0]$a$4045 [1:0] }, B={ 1'1 $memory$auto$proc_rom.cc:155:do_switch$2022$rdmux[0][1][0]$b$4046 [1:0] }, Y=$memory$auto$proc_rom.cc:155:do_switch$2022$rdmux[0][0][0]$a$4042 [2:0]
      New connections: $memory$auto$proc_rom.cc:155:do_switch$2022$rdmux[0][0][0]$a$4042 [7:3] = { 1'0 $memory$auto$proc_rom.cc:155:do_switch$2022$rdmux[0][0][0]$a$4042 [2:0] 1'0 }
  Optimizing cells in module $paramod$bbdd970d5e9d5db000ca33c4cf0f699d1c916bbb\inst_mem.
    Consolidated identical input bits for $mux cell $memory$auto$proc_rom.cc:155:do_switch$2022$rdmux[0][0][0]$4041:
      Old ports: A=$memory$auto$proc_rom.cc:155:do_switch$2022$rdmux[0][0][0]$a$4042, B=$memory$auto$proc_rom.cc:155:do_switch$2022$rdmux[0][0][0]$b$4043, Y={ $auto$proc_rom.cc:154:do_switch$2021 [31:28] $auto$proc_rom.cc:154:do_switch$2021 [26:23] }
      New ports: A={ 1'0 $memory$auto$proc_rom.cc:155:do_switch$2022$rdmux[0][0][0]$a$4042 [2:0] }, B={ 1'1 $memory$auto$proc_rom.cc:155:do_switch$2022$rdmux[0][0][0]$b$4043 [2:0] }, Y=$auto$proc_rom.cc:154:do_switch$2021 [26:23]
      New connections: $auto$proc_rom.cc:154:do_switch$2021 [31:28] = $auto$proc_rom.cc:154:do_switch$2021 [26:23]
  Optimizing cells in module $paramod$bbdd970d5e9d5db000ca33c4cf0f699d1c916bbb\inst_mem.
    Consolidated identical input bits for $mux cell $procmux$3077:
      Old ports: A={ $auto$proc_rom.cc:154:do_switch$2021 [31:28] $auto$proc_rom.cc:154:do_switch$2021 [26:23] 1'1 }, B=9'000000000, Y={ \instruction [31:28] \instruction [26:23] \instruction [13] }
      New ports: A={ $auto$proc_rom.cc:154:do_switch$2021 [26:23] 1'1 }, B=5'00000, Y={ \instruction [26:23] \instruction [13] }
      New connections: \instruction [31:28] = \instruction [26:23]
  Optimizing cells in module $paramod$bbdd970d5e9d5db000ca33c4cf0f699d1c916bbb\inst_mem.
  Optimizing cells in module $paramod$20f9d1ebf2d220d6d149ed1f156499717425796a\fetch_decode_unit.
  Optimizing cells in module $paramod$b2a1694e054de7dfdcdbcd4b1356480af6859439\data_mem.
  Optimizing cells in module \gpu_top.
Performed a total of 17 changes.

4.19.5. Executing OPT_MERGE pass (detect identical cells).
Finding identical cells in module `$paramod$fd0170a58924e6d7b2131d4623b428d1d1232fac\warp_scheduler'.
Computing hashes of 10 cells of `$paramod$fd0170a58924e6d7b2131d4623b428d1d1232fac\warp_scheduler'.
Finding duplicate cells in `$paramod$fd0170a58924e6d7b2131d4623b428d1d1232fac\warp_scheduler'.
Finding identical cells in module `$paramod$c340cd9ddb594af487b68a1f41f357874e13cce6\simt_execution_core'.
Computing hashes of 268 cells of `$paramod$c340cd9ddb594af487b68a1f41f357874e13cce6\simt_execution_core'.
Finding duplicate cells in `$paramod$c340cd9ddb594af487b68a1f41f357874e13cce6\simt_execution_core'.
Finding identical cells in module `$paramod\pc_update_unit\PC_WIDTH=s32'00000000000000000000000000100000'.
Computing hashes of 2 cells of `$paramod\pc_update_unit\PC_WIDTH=s32'00000000000000000000000000100000'.
Finding duplicate cells in `$paramod\pc_update_unit\PC_WIDTH=s32'00000000000000000000000000100000'.
Finding identical cells in module `$paramod$bbdd970d5e9d5db000ca33c4cf0f699d1c916bbb\inst_mem'.
Computing hashes of 16 cells of `$paramod$bbdd970d5e9d5db000ca33c4cf0f699d1c916bbb\inst_mem'.
Finding duplicate cells in `$paramod$bbdd970d5e9d5db000ca33c4cf0f699d1c916bbb\inst_mem'.
Computing hashes of 9 cells of `$paramod$bbdd970d5e9d5db000ca33c4cf0f699d1c916bbb\inst_mem'.
Finding duplicate cells in `$paramod$bbdd970d5e9d5db000ca33c4cf0f699d1c916bbb\inst_mem'.
Computing hashes of 6 cells of `$paramod$bbdd970d5e9d5db000ca33c4cf0f699d1c916bbb\inst_mem'.
Finding duplicate cells in `$paramod$bbdd970d5e9d5db000ca33c4cf0f699d1c916bbb\inst_mem'.
Computing hashes of 5 cells of `$paramod$bbdd970d5e9d5db000ca33c4cf0f699d1c916bbb\inst_mem'.
Finding duplicate cells in `$paramod$bbdd970d5e9d5db000ca33c4cf0f699d1c916bbb\inst_mem'.
<suppressed ~33 debug messages>
Finding identical cells in module `$paramod$20f9d1ebf2d220d6d149ed1f156499717425796a\fetch_decode_unit'.
Computing hashes of 0 cells of `$paramod$20f9d1ebf2d220d6d149ed1f156499717425796a\fetch_decode_unit'.
Finding duplicate cells in `$paramod$20f9d1ebf2d220d6d149ed1f156499717425796a\fetch_decode_unit'.
Finding identical cells in module `$paramod$b2a1694e054de7dfdcdbcd4b1356480af6859439\data_mem'.
Computing hashes of 725 cells of `$paramod$b2a1694e054de7dfdcdbcd4b1356480af6859439\data_mem'.
Finding duplicate cells in `$paramod$b2a1694e054de7dfdcdbcd4b1356480af6859439\data_mem'.
Finding identical cells in module `\gpu_top'.
Computing hashes of 6 cells of `\gpu_top'.
Finding duplicate cells in `\gpu_top'.
Removed a total of 11 cells.

4.19.6. Executing OPT_SHARE pass.

4.19.7. Executing OPT_DFF pass (perform DFF optimizations).

4.19.8. Executing OPT_CLEAN pass (remove unused cells and wires).
Finding unused cells or wires in module $paramod$fd0170a58924e6d7b2131d4623b428d1d1232fac\warp_scheduler..
Finding unused cells or wires in module $paramod$c340cd9ddb594af487b68a1f41f357874e13cce6\simt_execution_core..
Finding unused cells or wires in module $paramod\pc_update_unit\PC_WIDTH=s32'00000000000000000000000000100000..
Finding unused cells or wires in module $paramod$bbdd970d5e9d5db000ca33c4cf0f699d1c916bbb\inst_mem..
Finding unused cells or wires in module $paramod$20f9d1ebf2d220d6d149ed1f156499717425796a\fetch_decode_unit..
Finding unused cells or wires in module $paramod$b2a1694e054de7dfdcdbcd4b1356480af6859439\data_mem..
Finding unused cells or wires in module \gpu_top..
Removed 1 unused cells and 308 unused wires.
<suppressed ~3 debug messages>

4.19.9. Executing OPT_EXPR pass (perform const folding).
Optimizing module $paramod$fd0170a58924e6d7b2131d4623b428d1d1232fac\warp_scheduler.
Optimizing module $paramod$c340cd9ddb594af487b68a1f41f357874e13cce6\simt_execution_core.
Optimizing module $paramod\pc_update_unit\PC_WIDTH=s32'00000000000000000000000000100000.
Optimizing module $paramod$bbdd970d5e9d5db000ca33c4cf0f699d1c916bbb\inst_mem.
<suppressed ~1 debug messages>
Optimizing module $paramod$20f9d1ebf2d220d6d149ed1f156499717425796a\fetch_decode_unit.
Optimizing module $paramod$b2a1694e054de7dfdcdbcd4b1356480af6859439\data_mem.
Optimizing module gpu_top.

4.19.10. Rerunning OPT passes. (Maybe there is more to do..)

4.19.11. Executing OPT_MUXTREE pass (detect dead branches in mux trees).
Running muxtree optimizer on module $paramod$fd0170a58924e6d7b2131d4623b428d1d1232fac\warp_scheduler..
  Creating internal representation of mux trees.
  Evaluating internal representation of mux trees.
  Analyzing evaluation results.
Running muxtree optimizer on module $paramod$c340cd9ddb594af487b68a1f41f357874e13cce6\simt_execution_core..
  Creating internal representation of mux trees.
  Evaluating internal representation of mux trees.
  Analyzing evaluation results.
Running muxtree optimizer on module $paramod\pc_update_unit\PC_WIDTH=s32'00000000000000000000000000100000..
  Creating internal representation of mux trees.
  Evaluating internal representation of mux trees.
  Analyzing evaluation results.
Running muxtree optimizer on module $paramod$bbdd970d5e9d5db000ca33c4cf0f699d1c916bbb\inst_mem..
  Creating internal representation of mux trees.
  Evaluating internal representation of mux trees.
  Analyzing evaluation results.
Running muxtree optimizer on module $paramod$20f9d1ebf2d220d6d149ed1f156499717425796a\fetch_decode_unit..
  Creating internal representation of mux trees.
  No muxes found in this module.
Running muxtree optimizer on module $paramod$b2a1694e054de7dfdcdbcd4b1356480af6859439\data_mem..
  Creating internal representation of mux trees.
  Evaluating internal representation of mux trees.
  Analyzing evaluation results.
Running muxtree optimizer on module \gpu_top..
  Creating internal representation of mux trees.
  No muxes found in this module.
Removed 0 multiplexer ports.
<suppressed ~429 debug messages>

4.19.12. Executing OPT_REDUCE pass (consolidate $*mux and $reduce_* inputs).
  Optimizing cells in module $paramod$fd0170a58924e6d7b2131d4623b428d1d1232fac\warp_scheduler.
  Optimizing cells in module $paramod$c340cd9ddb594af487b68a1f41f357874e13cce6\simt_execution_core.
  Optimizing cells in module $paramod\pc_update_unit\PC_WIDTH=s32'00000000000000000000000000100000.
  Optimizing cells in module $paramod$bbdd970d5e9d5db000ca33c4cf0f699d1c916bbb\inst_mem.
    Consolidated identical input bits for $mux cell $memory$auto$proc_rom.cc:155:do_switch$2022$rdmux[0][2][3]$4059:
      Old ports: A={ 1'0 $memory$auto$proc_rom.cc:155:do_switch$2022$rdmux[0][2][0]$a$4051 [0] }, B={ 1'1 $memory$auto$proc_rom.cc:155:do_switch$2022$rdmux[0][2][0]$a$4051 [0] }, Y=$memory$auto$proc_rom.cc:155:do_switch$2022$rdmux[0][1][0]$a$4045 [1:0]
      New ports: A=1'0, B=1'1, Y=$memory$auto$proc_rom.cc:155:do_switch$2022$rdmux[0][1][0]$a$4045 [1]
      New connections: $memory$auto$proc_rom.cc:155:do_switch$2022$rdmux[0][1][0]$a$4045 [0] = \addr [2]
    Consolidated identical input bits for $mux cell $memory$auto$proc_rom.cc:155:do_switch$2022$rdmux[0][0][0]$4041:
      Old ports: A={ 1'0 $memory$auto$proc_rom.cc:155:do_switch$2022$rdmux[0][0][0]$a$4042 [2:0] }, B={ 1'1 $memory$auto$proc_rom.cc:155:do_switch$2022$rdmux[0][0][0]$a$4042 [2:0] }, Y=$auto$proc_rom.cc:154:do_switch$2021 [26:23]
      New ports: A=1'0, B=1'1, Y=$auto$proc_rom.cc:154:do_switch$2021 [26]
      New connections: $auto$proc_rom.cc:154:do_switch$2021 [25:23] = $memory$auto$proc_rom.cc:155:do_switch$2022$rdmux[0][0][0]$a$4042 [2:0]
    Consolidated identical input bits for $mux cell $memory$auto$proc_rom.cc:155:do_switch$2022$rdmux[0][1][1]$4047:
      Old ports: A={ 1'0 $memory$auto$proc_rom.cc:155:do_switch$2022$rdmux[0][1][0]$a$4045 [1:0] }, B={ 1'1 $memory$auto$proc_rom.cc:155:do_switch$2022$rdmux[0][1][0]$a$4045 [1:0] }, Y=$memory$auto$proc_rom.cc:155:do_switch$2022$rdmux[0][0][0]$a$4042 [2:0]
      New ports: A=1'0, B=1'1, Y=$memory$auto$proc_rom.cc:155:do_switch$2022$rdmux[0][0][0]$a$4042 [2]
      New connections: $memory$auto$proc_rom.cc:155:do_switch$2022$rdmux[0][0][0]$a$4042 [1:0] = $memory$auto$proc_rom.cc:155:do_switch$2022$rdmux[0][1][0]$a$4045 [1:0]
  Optimizing cells in module $paramod$bbdd970d5e9d5db000ca33c4cf0f699d1c916bbb\inst_mem.
  Optimizing cells in module $paramod$20f9d1ebf2d220d6d149ed1f156499717425796a\fetch_decode_unit.
  Optimizing cells in module $paramod$b2a1694e054de7dfdcdbcd4b1356480af6859439\data_mem.
  Optimizing cells in module \gpu_top.
Performed a total of 3 changes.

4.19.13. Executing OPT_MERGE pass (detect identical cells).
Finding identical cells in module `$paramod$fd0170a58924e6d7b2131d4623b428d1d1232fac\warp_scheduler'.
Computing hashes of 10 cells of `$paramod$fd0170a58924e6d7b2131d4623b428d1d1232fac\warp_scheduler'.
Finding duplicate cells in `$paramod$fd0170a58924e6d7b2131d4623b428d1d1232fac\warp_scheduler'.
Finding identical cells in module `$paramod$c340cd9ddb594af487b68a1f41f357874e13cce6\simt_execution_core'.
Computing hashes of 268 cells of `$paramod$c340cd9ddb594af487b68a1f41f357874e13cce6\simt_execution_core'.
Finding duplicate cells in `$paramod$c340cd9ddb594af487b68a1f41f357874e13cce6\simt_execution_core'.
Finding identical cells in module `$paramod\pc_update_unit\PC_WIDTH=s32'00000000000000000000000000100000'.
Computing hashes of 2 cells of `$paramod\pc_update_unit\PC_WIDTH=s32'00000000000000000000000000100000'.
Finding duplicate cells in `$paramod\pc_update_unit\PC_WIDTH=s32'00000000000000000000000000100000'.
Finding identical cells in module `$paramod$bbdd970d5e9d5db000ca33c4cf0f699d1c916bbb\inst_mem'.
Computing hashes of 4 cells of `$paramod$bbdd970d5e9d5db000ca33c4cf0f699d1c916bbb\inst_mem'.
Finding duplicate cells in `$paramod$bbdd970d5e9d5db000ca33c4cf0f699d1c916bbb\inst_mem'.
Finding identical cells in module `$paramod$20f9d1ebf2d220d6d149ed1f156499717425796a\fetch_decode_unit'.
Computing hashes of 0 cells of `$paramod$20f9d1ebf2d220d6d149ed1f156499717425796a\fetch_decode_unit'.
Finding duplicate cells in `$paramod$20f9d1ebf2d220d6d149ed1f156499717425796a\fetch_decode_unit'.
Finding identical cells in module `$paramod$b2a1694e054de7dfdcdbcd4b1356480af6859439\data_mem'.
Computing hashes of 724 cells of `$paramod$b2a1694e054de7dfdcdbcd4b1356480af6859439\data_mem'.
Finding duplicate cells in `$paramod$b2a1694e054de7dfdcdbcd4b1356480af6859439\data_mem'.
Finding identical cells in module `\gpu_top'.
Computing hashes of 6 cells of `\gpu_top'.
Finding duplicate cells in `\gpu_top'.
Removed a total of 0 cells.

4.19.14. Executing OPT_SHARE pass.

4.19.15. Executing OPT_DFF pass (perform DFF optimizations).
Adding EN signal on $memory\mem_lanes[3].mem_file[0]$4086 ($dff) from module $paramod$b2a1694e054de7dfdcdbcd4b1356480af6859439\data_mem (D = \lane_store_data [127:96], Q = \mem_lanes[3].mem_file[0]).
Adding EN signal on $memory\mem_lanes[3].mem_file[1]$4088 ($dff) from module $paramod$b2a1694e054de7dfdcdbcd4b1356480af6859439\data_mem (D = \lane_store_data [127:96], Q = \mem_lanes[3].mem_file[1]).
Adding EN signal on $memory\mem_lanes[3].mem_file[2]$4090 ($dff) from module $paramod$b2a1694e054de7dfdcdbcd4b1356480af6859439\data_mem (D = \lane_store_data [127:96], Q = \mem_lanes[3].mem_file[2]).
Adding EN signal on $memory\mem_lanes[3].mem_file[3]$4092 ($dff) from module $paramod$b2a1694e054de7dfdcdbcd4b1356480af6859439\data_mem (D = \lane_store_data [127:96], Q = \mem_lanes[3].mem_file[3]).
Adding EN signal on $memory\mem_lanes[3].mem_file[4]$4094 ($dff) from module $paramod$b2a1694e054de7dfdcdbcd4b1356480af6859439\data_mem (D = \lane_store_data [127:96], Q = \mem_lanes[3].mem_file[4]).
Adding EN signal on $memory\mem_lanes[3].mem_file[5]$4096 ($dff) from module $paramod$b2a1694e054de7dfdcdbcd4b1356480af6859439\data_mem (D = \lane_store_data [127:96], Q = \mem_lanes[3].mem_file[5]).
Adding EN signal on $memory\mem_lanes[3].mem_file[6]$4098 ($dff) from module $paramod$b2a1694e054de7dfdcdbcd4b1356480af6859439\data_mem (D = \lane_store_data [127:96], Q = \mem_lanes[3].mem_file[6]).
Adding EN signal on $memory\mem_lanes[3].mem_file[7]$4100 ($dff) from module $paramod$b2a1694e054de7dfdcdbcd4b1356480af6859439\data_mem (D = \lane_store_data [127:96], Q = \mem_lanes[3].mem_file[7]).
Adding EN signal on $memory\mem_lanes[3].mem_file[8]$4102 ($dff) from module $paramod$b2a1694e054de7dfdcdbcd4b1356480af6859439\data_mem (D = \lane_store_data [127:96], Q = \mem_lanes[3].mem_file[8]).
Adding EN signal on $memory\mem_lanes[3].mem_file[9]$4104 ($dff) from module $paramod$b2a1694e054de7dfdcdbcd4b1356480af6859439\data_mem (D = \lane_store_data [127:96], Q = \mem_lanes[3].mem_file[9]).
Adding EN signal on $memory\mem_lanes[3].mem_file[10]$4106 ($dff) from module $paramod$b2a1694e054de7dfdcdbcd4b1356480af6859439\data_mem (D = \lane_store_data [127:96], Q = \mem_lanes[3].mem_file[10]).
Adding EN signal on $memory\mem_lanes[3].mem_file[11]$4108 ($dff) from module $paramod$b2a1694e054de7dfdcdbcd4b1356480af6859439\data_mem (D = \lane_store_data [127:96], Q = \mem_lanes[3].mem_file[11]).
Adding EN signal on $memory\mem_lanes[3].mem_file[12]$4110 ($dff) from module $paramod$b2a1694e054de7dfdcdbcd4b1356480af6859439\data_mem (D = \lane_store_data [127:96], Q = \mem_lanes[3].mem_file[12]).
Adding EN signal on $memory\mem_lanes[3].mem_file[13]$4112 ($dff) from module $paramod$b2a1694e054de7dfdcdbcd4b1356480af6859439\data_mem (D = \lane_store_data [127:96], Q = \mem_lanes[3].mem_file[13]).
Adding EN signal on $memory\mem_lanes[3].mem_file[14]$4114 ($dff) from module $paramod$b2a1694e054de7dfdcdbcd4b1356480af6859439\data_mem (D = \lane_store_data [127:96], Q = \mem_lanes[3].mem_file[14]).
Adding EN signal on $memory\mem_lanes[3].mem_file[15]$4116 ($dff) from module $paramod$b2a1694e054de7dfdcdbcd4b1356480af6859439\data_mem (D = \lane_store_data [127:96], Q = \mem_lanes[3].mem_file[15]).
Adding EN signal on $memory\mem_lanes[3].mem_file[16]$4118 ($dff) from module $paramod$b2a1694e054de7dfdcdbcd4b1356480af6859439\data_mem (D = \lane_store_data [127:96], Q = \mem_lanes[3].mem_file[16]).
Adding EN signal on $memory\mem_lanes[3].mem_file[17]$4120 ($dff) from module $paramod$b2a1694e054de7dfdcdbcd4b1356480af6859439\data_mem (D = \lane_store_data [127:96], Q = \mem_lanes[3].mem_file[17]).
Adding EN signal on $memory\mem_lanes[3].mem_file[18]$4122 ($dff) from module $paramod$b2a1694e054de7dfdcdbcd4b1356480af6859439\data_mem (D = \lane_store_data [127:96], Q = \mem_lanes[3].mem_file[18]).
Adding EN signal on $memory\mem_lanes[3].mem_file[19]$4124 ($dff) from module $paramod$b2a1694e054de7dfdcdbcd4b1356480af6859439\data_mem (D = \lane_store_data [127:96], Q = \mem_lanes[3].mem_file[19]).
Adding EN signal on $memory\mem_lanes[3].mem_file[20]$4126 ($dff) from module $paramod$b2a1694e054de7dfdcdbcd4b1356480af6859439\data_mem (D = \lane_store_data [127:96], Q = \mem_lanes[3].mem_file[20]).
Adding EN signal on $memory\mem_lanes[3].mem_file[21]$4128 ($dff) from module $paramod$b2a1694e054de7dfdcdbcd4b1356480af6859439\data_mem (D = \lane_store_data [127:96], Q = \mem_lanes[3].mem_file[21]).
Adding EN signal on $memory\mem_lanes[3].mem_file[22]$4130 ($dff) from module $paramod$b2a1694e054de7dfdcdbcd4b1356480af6859439\data_mem (D = \lane_store_data [127:96], Q = \mem_lanes[3].mem_file[22]).
Adding EN signal on $memory\mem_lanes[3].mem_file[23]$4132 ($dff) from module $paramod$b2a1694e054de7dfdcdbcd4b1356480af6859439\data_mem (D = \lane_store_data [127:96], Q = \mem_lanes[3].mem_file[23]).
Adding EN signal on $memory\mem_lanes[3].mem_file[24]$4134 ($dff) from module $paramod$b2a1694e054de7dfdcdbcd4b1356480af6859439\data_mem (D = \lane_store_data [127:96], Q = \mem_lanes[3].mem_file[24]).
Adding EN signal on $memory\mem_lanes[3].mem_file[25]$4136 ($dff) from module $paramod$b2a1694e054de7dfdcdbcd4b1356480af6859439\data_mem (D = \lane_store_data [127:96], Q = \mem_lanes[3].mem_file[25]).
Adding EN signal on $memory\mem_lanes[3].mem_file[26]$4138 ($dff) from module $paramod$b2a1694e054de7dfdcdbcd4b1356480af6859439\data_mem (D = \lane_store_data [127:96], Q = \mem_lanes[3].mem_file[26]).
Adding EN signal on $memory\mem_lanes[3].mem_file[27]$4140 ($dff) from module $paramod$b2a1694e054de7dfdcdbcd4b1356480af6859439\data_mem (D = \lane_store_data [127:96], Q = \mem_lanes[3].mem_file[27]).
Adding EN signal on $memory\mem_lanes[3].mem_file[28]$4142 ($dff) from module $paramod$b2a1694e054de7dfdcdbcd4b1356480af6859439\data_mem (D = \lane_store_data [127:96], Q = \mem_lanes[3].mem_file[28]).
Adding EN signal on $memory\mem_lanes[3].mem_file[29]$4144 ($dff) from module $paramod$b2a1694e054de7dfdcdbcd4b1356480af6859439\data_mem (D = \lane_store_data [127:96], Q = \mem_lanes[3].mem_file[29]).
Adding EN signal on $memory\mem_lanes[3].mem_file[30]$4146 ($dff) from module $paramod$b2a1694e054de7dfdcdbcd4b1356480af6859439\data_mem (D = \lane_store_data [127:96], Q = \mem_lanes[3].mem_file[30]).
Adding EN signal on $memory\mem_lanes[3].mem_file[31]$4148 ($dff) from module $paramod$b2a1694e054de7dfdcdbcd4b1356480af6859439\data_mem (D = \lane_store_data [127:96], Q = \mem_lanes[3].mem_file[31]).
Adding EN signal on $memory\mem_lanes[2].mem_file[0]$4488 ($dff) from module $paramod$b2a1694e054de7dfdcdbcd4b1356480af6859439\data_mem (D = \lane_store_data [95:64], Q = \mem_lanes[2].mem_file[0]).
Adding EN signal on $memory\mem_lanes[2].mem_file[1]$4490 ($dff) from module $paramod$b2a1694e054de7dfdcdbcd4b1356480af6859439\data_mem (D = \lane_store_data [95:64], Q = \mem_lanes[2].mem_file[1]).
Adding EN signal on $memory\mem_lanes[2].mem_file[2]$4492 ($dff) from module $paramod$b2a1694e054de7dfdcdbcd4b1356480af6859439\data_mem (D = \lane_store_data [95:64], Q = \mem_lanes[2].mem_file[2]).
Adding EN signal on $memory\mem_lanes[2].mem_file[3]$4494 ($dff) from module $paramod$b2a1694e054de7dfdcdbcd4b1356480af6859439\data_mem (D = \lane_store_data [95:64], Q = \mem_lanes[2].mem_file[3]).
Adding EN signal on $memory\mem_lanes[2].mem_file[4]$4496 ($dff) from module $paramod$b2a1694e054de7dfdcdbcd4b1356480af6859439\data_mem (D = \lane_store_data [95:64], Q = \mem_lanes[2].mem_file[4]).
Adding EN signal on $memory\mem_lanes[2].mem_file[5]$4498 ($dff) from module $paramod$b2a1694e054de7dfdcdbcd4b1356480af6859439\data_mem (D = \lane_store_data [95:64], Q = \mem_lanes[2].mem_file[5]).
Adding EN signal on $memory\mem_lanes[2].mem_file[6]$4500 ($dff) from module $paramod$b2a1694e054de7dfdcdbcd4b1356480af6859439\data_mem (D = \lane_store_data [95:64], Q = \mem_lanes[2].mem_file[6]).
Adding EN signal on $memory\mem_lanes[2].mem_file[7]$4502 ($dff) from module $paramod$b2a1694e054de7dfdcdbcd4b1356480af6859439\data_mem (D = \lane_store_data [95:64], Q = \mem_lanes[2].mem_file[7]).
Adding EN signal on $memory\mem_lanes[2].mem_file[8]$4504 ($dff) from module $paramod$b2a1694e054de7dfdcdbcd4b1356480af6859439\data_mem (D = \lane_store_data [95:64], Q = \mem_lanes[2].mem_file[8]).
Adding EN signal on $memory\mem_lanes[2].mem_file[9]$4506 ($dff) from module $paramod$b2a1694e054de7dfdcdbcd4b1356480af6859439\data_mem (D = \lane_store_data [95:64], Q = \mem_lanes[2].mem_file[9]).
Adding EN signal on $memory\mem_lanes[2].mem_file[10]$4508 ($dff) from module $paramod$b2a1694e054de7dfdcdbcd4b1356480af6859439\data_mem (D = \lane_store_data [95:64], Q = \mem_lanes[2].mem_file[10]).
Adding EN signal on $memory\mem_lanes[2].mem_file[11]$4510 ($dff) from module $paramod$b2a1694e054de7dfdcdbcd4b1356480af6859439\data_mem (D = \lane_store_data [95:64], Q = \mem_lanes[2].mem_file[11]).
Adding EN signal on $memory\mem_lanes[2].mem_file[12]$4512 ($dff) from module $paramod$b2a1694e054de7dfdcdbcd4b1356480af6859439\data_mem (D = \lane_store_data [95:64], Q = \mem_lanes[2].mem_file[12]).
Adding EN signal on $memory\mem_lanes[2].mem_file[13]$4514 ($dff) from module $paramod$b2a1694e054de7dfdcdbcd4b1356480af6859439\data_mem (D = \lane_store_data [95:64], Q = \mem_lanes[2].mem_file[13]).
Adding EN signal on $memory\mem_lanes[2].mem_file[14]$4516 ($dff) from module $paramod$b2a1694e054de7dfdcdbcd4b1356480af6859439\data_mem (D = \lane_store_data [95:64], Q = \mem_lanes[2].mem_file[14]).
Adding EN signal on $memory\mem_lanes[2].mem_file[15]$4518 ($dff) from module $paramod$b2a1694e054de7dfdcdbcd4b1356480af6859439\data_mem (D = \lane_store_data [95:64], Q = \mem_lanes[2].mem_file[15]).
Adding EN signal on $memory\mem_lanes[2].mem_file[16]$4520 ($dff) from module $paramod$b2a1694e054de7dfdcdbcd4b1356480af6859439\data_mem (D = \lane_store_data [95:64], Q = \mem_lanes[2].mem_file[16]).
Adding EN signal on $memory\mem_lanes[2].mem_file[17]$4522 ($dff) from module $paramod$b2a1694e054de7dfdcdbcd4b1356480af6859439\data_mem (D = \lane_store_data [95:64], Q = \mem_lanes[2].mem_file[17]).
Adding EN signal on $memory\mem_lanes[2].mem_file[18]$4524 ($dff) from module $paramod$b2a1694e054de7dfdcdbcd4b1356480af6859439\data_mem (D = \lane_store_data [95:64], Q = \mem_lanes[2].mem_file[18]).
Adding EN signal on $memory\mem_lanes[2].mem_file[19]$4526 ($dff) from module $paramod$b2a1694e054de7dfdcdbcd4b1356480af6859439\data_mem (D = \lane_store_data [95:64], Q = \mem_lanes[2].mem_file[19]).
Adding EN signal on $memory\mem_lanes[2].mem_file[20]$4528 ($dff) from module $paramod$b2a1694e054de7dfdcdbcd4b1356480af6859439\data_mem (D = \lane_store_data [95:64], Q = \mem_lanes[2].mem_file[20]).
Adding EN signal on $memory\mem_lanes[2].mem_file[21]$4530 ($dff) from module $paramod$b2a1694e054de7dfdcdbcd4b1356480af6859439\data_mem (D = \lane_store_data [95:64], Q = \mem_lanes[2].mem_file[21]).
Adding EN signal on $memory\mem_lanes[2].mem_file[22]$4532 ($dff) from module $paramod$b2a1694e054de7dfdcdbcd4b1356480af6859439\data_mem (D = \lane_store_data [95:64], Q = \mem_lanes[2].mem_file[22]).
Adding EN signal on $memory\mem_lanes[2].mem_file[23]$4534 ($dff) from module $paramod$b2a1694e054de7dfdcdbcd4b1356480af6859439\data_mem (D = \lane_store_data [95:64], Q = \mem_lanes[2].mem_file[23]).
Adding EN signal on $memory\mem_lanes[2].mem_file[24]$4536 ($dff) from module $paramod$b2a1694e054de7dfdcdbcd4b1356480af6859439\data_mem (D = \lane_store_data [95:64], Q = \mem_lanes[2].mem_file[24]).
Adding EN signal on $memory\mem_lanes[2].mem_file[25]$4538 ($dff) from module $paramod$b2a1694e054de7dfdcdbcd4b1356480af6859439\data_mem (D = \lane_store_data [95:64], Q = \mem_lanes[2].mem_file[25]).
Adding EN signal on $memory\mem_lanes[2].mem_file[26]$4540 ($dff) from module $paramod$b2a1694e054de7dfdcdbcd4b1356480af6859439\data_mem (D = \lane_store_data [95:64], Q = \mem_lanes[2].mem_file[26]).
Adding EN signal on $memory\mem_lanes[2].mem_file[27]$4542 ($dff) from module $paramod$b2a1694e054de7dfdcdbcd4b1356480af6859439\data_mem (D = \lane_store_data [95:64], Q = \mem_lanes[2].mem_file[27]).
Adding EN signal on $memory\mem_lanes[2].mem_file[28]$4544 ($dff) from module $paramod$b2a1694e054de7dfdcdbcd4b1356480af6859439\data_mem (D = \lane_store_data [95:64], Q = \mem_lanes[2].mem_file[28]).
Adding EN signal on $memory\mem_lanes[2].mem_file[29]$4546 ($dff) from module $paramod$b2a1694e054de7dfdcdbcd4b1356480af6859439\data_mem (D = \lane_store_data [95:64], Q = \mem_lanes[2].mem_file[29]).
Adding EN signal on $memory\mem_lanes[2].mem_file[30]$4548 ($dff) from module $paramod$b2a1694e054de7dfdcdbcd4b1356480af6859439\data_mem (D = \lane_store_data [95:64], Q = \mem_lanes[2].mem_file[30]).
Adding EN signal on $memory\mem_lanes[2].mem_file[31]$4550 ($dff) from module $paramod$b2a1694e054de7dfdcdbcd4b1356480af6859439\data_mem (D = \lane_store_data [95:64], Q = \mem_lanes[2].mem_file[31]).
Adding EN signal on $memory\mem_lanes[1].mem_file[0]$4890 ($dff) from module $paramod$b2a1694e054de7dfdcdbcd4b1356480af6859439\data_mem (D = \lane_store_data [63:32], Q = \mem_lanes[1].mem_file[0]).
Adding EN signal on $memory\mem_lanes[1].mem_file[1]$4892 ($dff) from module $paramod$b2a1694e054de7dfdcdbcd4b1356480af6859439\data_mem (D = \lane_store_data [63:32], Q = \mem_lanes[1].mem_file[1]).
Adding EN signal on $memory\mem_lanes[1].mem_file[2]$4894 ($dff) from module $paramod$b2a1694e054de7dfdcdbcd4b1356480af6859439\data_mem (D = \lane_store_data [63:32], Q = \mem_lanes[1].mem_file[2]).
Adding EN signal on $memory\mem_lanes[1].mem_file[3]$4896 ($dff) from module $paramod$b2a1694e054de7dfdcdbcd4b1356480af6859439\data_mem (D = \lane_store_data [63:32], Q = \mem_lanes[1].mem_file[3]).
Adding EN signal on $memory\mem_lanes[1].mem_file[4]$4898 ($dff) from module $paramod$b2a1694e054de7dfdcdbcd4b1356480af6859439\data_mem (D = \lane_store_data [63:32], Q = \mem_lanes[1].mem_file[4]).
Adding EN signal on $memory\mem_lanes[1].mem_file[5]$4900 ($dff) from module $paramod$b2a1694e054de7dfdcdbcd4b1356480af6859439\data_mem (D = \lane_store_data [63:32], Q = \mem_lanes[1].mem_file[5]).
Adding EN signal on $memory\mem_lanes[1].mem_file[6]$4902 ($dff) from module $paramod$b2a1694e054de7dfdcdbcd4b1356480af6859439\data_mem (D = \lane_store_data [63:32], Q = \mem_lanes[1].mem_file[6]).
Adding EN signal on $memory\mem_lanes[1].mem_file[7]$4904 ($dff) from module $paramod$b2a1694e054de7dfdcdbcd4b1356480af6859439\data_mem (D = \lane_store_data [63:32], Q = \mem_lanes[1].mem_file[7]).
Adding EN signal on $memory\mem_lanes[1].mem_file[8]$4906 ($dff) from module $paramod$b2a1694e054de7dfdcdbcd4b1356480af6859439\data_mem (D = \lane_store_data [63:32], Q = \mem_lanes[1].mem_file[8]).
Adding EN signal on $memory\mem_lanes[1].mem_file[9]$4908 ($dff) from module $paramod$b2a1694e054de7dfdcdbcd4b1356480af6859439\data_mem (D = \lane_store_data [63:32], Q = \mem_lanes[1].mem_file[9]).
Adding EN signal on $memory\mem_lanes[1].mem_file[10]$4910 ($dff) from module $paramod$b2a1694e054de7dfdcdbcd4b1356480af6859439\data_mem (D = \lane_store_data [63:32], Q = \mem_lanes[1].mem_file[10]).
Adding EN signal on $memory\mem_lanes[1].mem_file[11]$4912 ($dff) from module $paramod$b2a1694e054de7dfdcdbcd4b1356480af6859439\data_mem (D = \lane_store_data [63:32], Q = \mem_lanes[1].mem_file[11]).
Adding EN signal on $memory\mem_lanes[1].mem_file[12]$4914 ($dff) from module $paramod$b2a1694e054de7dfdcdbcd4b1356480af6859439\data_mem (D = \lane_store_data [63:32], Q = \mem_lanes[1].mem_file[12]).
Adding EN signal on $memory\mem_lanes[1].mem_file[13]$4916 ($dff) from module $paramod$b2a1694e054de7dfdcdbcd4b1356480af6859439\data_mem (D = \lane_store_data [63:32], Q = \mem_lanes[1].mem_file[13]).
Adding EN signal on $memory\mem_lanes[1].mem_file[14]$4918 ($dff) from module $paramod$b2a1694e054de7dfdcdbcd4b1356480af6859439\data_mem (D = \lane_store_data [63:32], Q = \mem_lanes[1].mem_file[14]).
Adding EN signal on $memory\mem_lanes[1].mem_file[15]$4920 ($dff) from module $paramod$b2a1694e054de7dfdcdbcd4b1356480af6859439\data_mem (D = \lane_store_data [63:32], Q = \mem_lanes[1].mem_file[15]).
Adding EN signal on $memory\mem_lanes[1].mem_file[16]$4922 ($dff) from module $paramod$b2a1694e054de7dfdcdbcd4b1356480af6859439\data_mem (D = \lane_store_data [63:32], Q = \mem_lanes[1].mem_file[16]).
Adding EN signal on $memory\mem_lanes[1].mem_file[17]$4924 ($dff) from module $paramod$b2a1694e054de7dfdcdbcd4b1356480af6859439\data_mem (D = \lane_store_data [63:32], Q = \mem_lanes[1].mem_file[17]).
Adding EN signal on $memory\mem_lanes[1].mem_file[18]$4926 ($dff) from module $paramod$b2a1694e054de7dfdcdbcd4b1356480af6859439\data_mem (D = \lane_store_data [63:32], Q = \mem_lanes[1].mem_file[18]).
Adding EN signal on $memory\mem_lanes[1].mem_file[19]$4928 ($dff) from module $paramod$b2a1694e054de7dfdcdbcd4b1356480af6859439\data_mem (D = \lane_store_data [63:32], Q = \mem_lanes[1].mem_file[19]).
Adding EN signal on $memory\mem_lanes[1].mem_file[20]$4930 ($dff) from module $paramod$b2a1694e054de7dfdcdbcd4b1356480af6859439\data_mem (D = \lane_store_data [63:32], Q = \mem_lanes[1].mem_file[20]).
Adding EN signal on $memory\mem_lanes[1].mem_file[21]$4932 ($dff) from module $paramod$b2a1694e054de7dfdcdbcd4b1356480af6859439\data_mem (D = \lane_store_data [63:32], Q = \mem_lanes[1].mem_file[21]).
Adding EN signal on $memory\mem_lanes[1].mem_file[22]$4934 ($dff) from module $paramod$b2a1694e054de7dfdcdbcd4b1356480af6859439\data_mem (D = \lane_store_data [63:32], Q = \mem_lanes[1].mem_file[22]).
Adding EN signal on $memory\mem_lanes[1].mem_file[23]$4936 ($dff) from module $paramod$b2a1694e054de7dfdcdbcd4b1356480af6859439\data_mem (D = \lane_store_data [63:32], Q = \mem_lanes[1].mem_file[23]).
Adding EN signal on $memory\mem_lanes[1].mem_file[24]$4938 ($dff) from module $paramod$b2a1694e054de7dfdcdbcd4b1356480af6859439\data_mem (D = \lane_store_data [63:32], Q = \mem_lanes[1].mem_file[24]).
Adding EN signal on $memory\mem_lanes[1].mem_file[25]$4940 ($dff) from module $paramod$b2a1694e054de7dfdcdbcd4b1356480af6859439\data_mem (D = \lane_store_data [63:32], Q = \mem_lanes[1].mem_file[25]).
Adding EN signal on $memory\mem_lanes[1].mem_file[26]$4942 ($dff) from module $paramod$b2a1694e054de7dfdcdbcd4b1356480af6859439\data_mem (D = \lane_store_data [63:32], Q = \mem_lanes[1].mem_file[26]).
Adding EN signal on $memory\mem_lanes[1].mem_file[27]$4944 ($dff) from module $paramod$b2a1694e054de7dfdcdbcd4b1356480af6859439\data_mem (D = \lane_store_data [63:32], Q = \mem_lanes[1].mem_file[27]).
Adding EN signal on $memory\mem_lanes[1].mem_file[28]$4946 ($dff) from module $paramod$b2a1694e054de7dfdcdbcd4b1356480af6859439\data_mem (D = \lane_store_data [63:32], Q = \mem_lanes[1].mem_file[28]).
Adding EN signal on $memory\mem_lanes[1].mem_file[29]$4948 ($dff) from module $paramod$b2a1694e054de7dfdcdbcd4b1356480af6859439\data_mem (D = \lane_store_data [63:32], Q = \mem_lanes[1].mem_file[29]).
Adding EN signal on $memory\mem_lanes[1].mem_file[30]$4950 ($dff) from module $paramod$b2a1694e054de7dfdcdbcd4b1356480af6859439\data_mem (D = \lane_store_data [63:32], Q = \mem_lanes[1].mem_file[30]).
Adding EN signal on $memory\mem_lanes[1].mem_file[31]$4952 ($dff) from module $paramod$b2a1694e054de7dfdcdbcd4b1356480af6859439\data_mem (D = \lane_store_data [63:32], Q = \mem_lanes[1].mem_file[31]).
Adding EN signal on $memory\mem_lanes[0].mem_file[0]$5292 ($dff) from module $paramod$b2a1694e054de7dfdcdbcd4b1356480af6859439\data_mem (D = \lane_store_data [31:0], Q = \mem_lanes[0].mem_file[0]).
Adding EN signal on $memory\mem_lanes[0].mem_file[1]$5294 ($dff) from module $paramod$b2a1694e054de7dfdcdbcd4b1356480af6859439\data_mem (D = \lane_store_data [31:0], Q = \mem_lanes[0].mem_file[1]).
Adding EN signal on $memory\mem_lanes[0].mem_file[2]$5296 ($dff) from module $paramod$b2a1694e054de7dfdcdbcd4b1356480af6859439\data_mem (D = \lane_store_data [31:0], Q = \mem_lanes[0].mem_file[2]).
Adding EN signal on $memory\mem_lanes[0].mem_file[3]$5298 ($dff) from module $paramod$b2a1694e054de7dfdcdbcd4b1356480af6859439\data_mem (D = \lane_store_data [31:0], Q = \mem_lanes[0].mem_file[3]).
Adding EN signal on $memory\mem_lanes[0].mem_file[4]$5300 ($dff) from module $paramod$b2a1694e054de7dfdcdbcd4b1356480af6859439\data_mem (D = \lane_store_data [31:0], Q = \mem_lanes[0].mem_file[4]).
Adding EN signal on $memory\mem_lanes[0].mem_file[5]$5302 ($dff) from module $paramod$b2a1694e054de7dfdcdbcd4b1356480af6859439\data_mem (D = \lane_store_data [31:0], Q = \mem_lanes[0].mem_file[5]).
Adding EN signal on $memory\mem_lanes[0].mem_file[6]$5304 ($dff) from module $paramod$b2a1694e054de7dfdcdbcd4b1356480af6859439\data_mem (D = \lane_store_data [31:0], Q = \mem_lanes[0].mem_file[6]).
Adding EN signal on $memory\mem_lanes[0].mem_file[7]$5306 ($dff) from module $paramod$b2a1694e054de7dfdcdbcd4b1356480af6859439\data_mem (D = \lane_store_data [31:0], Q = \mem_lanes[0].mem_file[7]).
Adding EN signal on $memory\mem_lanes[0].mem_file[8]$5308 ($dff) from module $paramod$b2a1694e054de7dfdcdbcd4b1356480af6859439\data_mem (D = \lane_store_data [31:0], Q = \mem_lanes[0].mem_file[8]).
Adding EN signal on $memory\mem_lanes[0].mem_file[9]$5310 ($dff) from module $paramod$b2a1694e054de7dfdcdbcd4b1356480af6859439\data_mem (D = \lane_store_data [31:0], Q = \mem_lanes[0].mem_file[9]).
Adding EN signal on $memory\mem_lanes[0].mem_file[10]$5312 ($dff) from module $paramod$b2a1694e054de7dfdcdbcd4b1356480af6859439\data_mem (D = \lane_store_data [31:0], Q = \mem_lanes[0].mem_file[10]).
Adding EN signal on $memory\mem_lanes[0].mem_file[11]$5314 ($dff) from module $paramod$b2a1694e054de7dfdcdbcd4b1356480af6859439\data_mem (D = \lane_store_data [31:0], Q = \mem_lanes[0].mem_file[11]).
Adding EN signal on $memory\mem_lanes[0].mem_file[12]$5316 ($dff) from module $paramod$b2a1694e054de7dfdcdbcd4b1356480af6859439\data_mem (D = \lane_store_data [31:0], Q = \mem_lanes[0].mem_file[12]).
Adding EN signal on $memory\mem_lanes[0].mem_file[13]$5318 ($dff) from module $paramod$b2a1694e054de7dfdcdbcd4b1356480af6859439\data_mem (D = \lane_store_data [31:0], Q = \mem_lanes[0].mem_file[13]).
Adding EN signal on $memory\mem_lanes[0].mem_file[14]$5320 ($dff) from module $paramod$b2a1694e054de7dfdcdbcd4b1356480af6859439\data_mem (D = \lane_store_data [31:0], Q = \mem_lanes[0].mem_file[14]).
Adding EN signal on $memory\mem_lanes[0].mem_file[15]$5322 ($dff) from module $paramod$b2a1694e054de7dfdcdbcd4b1356480af6859439\data_mem (D = \lane_store_data [31:0], Q = \mem_lanes[0].mem_file[15]).
Adding EN signal on $memory\mem_lanes[0].mem_file[16]$5324 ($dff) from module $paramod$b2a1694e054de7dfdcdbcd4b1356480af6859439\data_mem (D = \lane_store_data [31:0], Q = \mem_lanes[0].mem_file[16]).
Adding EN signal on $memory\mem_lanes[0].mem_file[17]$5326 ($dff) from module $paramod$b2a1694e054de7dfdcdbcd4b1356480af6859439\data_mem (D = \lane_store_data [31:0], Q = \mem_lanes[0].mem_file[17]).
Adding EN signal on $memory\mem_lanes[0].mem_file[18]$5328 ($dff) from module $paramod$b2a1694e054de7dfdcdbcd4b1356480af6859439\data_mem (D = \lane_store_data [31:0], Q = \mem_lanes[0].mem_file[18]).
Adding EN signal on $memory\mem_lanes[0].mem_file[19]$5330 ($dff) from module $paramod$b2a1694e054de7dfdcdbcd4b1356480af6859439\data_mem (D = \lane_store_data [31:0], Q = \mem_lanes[0].mem_file[19]).
Adding EN signal on $memory\mem_lanes[0].mem_file[20]$5332 ($dff) from module $paramod$b2a1694e054de7dfdcdbcd4b1356480af6859439\data_mem (D = \lane_store_data [31:0], Q = \mem_lanes[0].mem_file[20]).
Adding EN signal on $memory\mem_lanes[0].mem_file[21]$5334 ($dff) from module $paramod$b2a1694e054de7dfdcdbcd4b1356480af6859439\data_mem (D = \lane_store_data [31:0], Q = \mem_lanes[0].mem_file[21]).
Adding EN signal on $memory\mem_lanes[0].mem_file[22]$5336 ($dff) from module $paramod$b2a1694e054de7dfdcdbcd4b1356480af6859439\data_mem (D = \lane_store_data [31:0], Q = \mem_lanes[0].mem_file[22]).
Adding EN signal on $memory\mem_lanes[0].mem_file[23]$5338 ($dff) from module $paramod$b2a1694e054de7dfdcdbcd4b1356480af6859439\data_mem (D = \lane_store_data [31:0], Q = \mem_lanes[0].mem_file[23]).
Adding EN signal on $memory\mem_lanes[0].mem_file[24]$5340 ($dff) from module $paramod$b2a1694e054de7dfdcdbcd4b1356480af6859439\data_mem (D = \lane_store_data [31:0], Q = \mem_lanes[0].mem_file[24]).
Adding EN signal on $memory\mem_lanes[0].mem_file[25]$5342 ($dff) from module $paramod$b2a1694e054de7dfdcdbcd4b1356480af6859439\data_mem (D = \lane_store_data [31:0], Q = \mem_lanes[0].mem_file[25]).
Adding EN signal on $memory\mem_lanes[0].mem_file[26]$5344 ($dff) from module $paramod$b2a1694e054de7dfdcdbcd4b1356480af6859439\data_mem (D = \lane_store_data [31:0], Q = \mem_lanes[0].mem_file[26]).
Adding EN signal on $memory\mem_lanes[0].mem_file[27]$5346 ($dff) from module $paramod$b2a1694e054de7dfdcdbcd4b1356480af6859439\data_mem (D = \lane_store_data [31:0], Q = \mem_lanes[0].mem_file[27]).
Adding EN signal on $memory\mem_lanes[0].mem_file[28]$5348 ($dff) from module $paramod$b2a1694e054de7dfdcdbcd4b1356480af6859439\data_mem (D = \lane_store_data [31:0], Q = \mem_lanes[0].mem_file[28]).
Adding EN signal on $memory\mem_lanes[0].mem_file[29]$5350 ($dff) from module $paramod$b2a1694e054de7dfdcdbcd4b1356480af6859439\data_mem (D = \lane_store_data [31:0], Q = \mem_lanes[0].mem_file[29]).
Adding EN signal on $memory\mem_lanes[0].mem_file[30]$5352 ($dff) from module $paramod$b2a1694e054de7dfdcdbcd4b1356480af6859439\data_mem (D = \lane_store_data [31:0], Q = \mem_lanes[0].mem_file[30]).
Adding EN signal on $memory\mem_lanes[0].mem_file[31]$5354 ($dff) from module $paramod$b2a1694e054de7dfdcdbcd4b1356480af6859439\data_mem (D = \lane_store_data [31:0], Q = \mem_lanes[0].mem_file[31]).

4.19.16. Executing OPT_CLEAN pass (remove unused cells and wires).
Finding unused cells or wires in module $paramod$fd0170a58924e6d7b2131d4623b428d1d1232fac\warp_scheduler..
Finding unused cells or wires in module $paramod$c340cd9ddb594af487b68a1f41f357874e13cce6\simt_execution_core..
Finding unused cells or wires in module $paramod\pc_update_unit\PC_WIDTH=s32'00000000000000000000000000100000..
Finding unused cells or wires in module $paramod$bbdd970d5e9d5db000ca33c4cf0f699d1c916bbb\inst_mem..
Finding unused cells or wires in module $paramod$20f9d1ebf2d220d6d149ed1f156499717425796a\fetch_decode_unit..
Finding unused cells or wires in module $paramod$b2a1694e054de7dfdcdbcd4b1356480af6859439\data_mem..
Finding unused cells or wires in module \gpu_top..
Removed 128 unused cells and 131 unused wires.
<suppressed ~130 debug messages>

4.19.17. Executing OPT_EXPR pass (perform const folding).
Optimizing module $paramod$fd0170a58924e6d7b2131d4623b428d1d1232fac\warp_scheduler.
Optimizing module $paramod$c340cd9ddb594af487b68a1f41f357874e13cce6\simt_execution_core.
Optimizing module $paramod\pc_update_unit\PC_WIDTH=s32'00000000000000000000000000100000.
Optimizing module $paramod$bbdd970d5e9d5db000ca33c4cf0f699d1c916bbb\inst_mem.
<suppressed ~3 debug messages>
Optimizing module $paramod$20f9d1ebf2d220d6d149ed1f156499717425796a\fetch_decode_unit.
Optimizing module $paramod$b2a1694e054de7dfdcdbcd4b1356480af6859439\data_mem.
Optimizing module gpu_top.

4.19.18. Rerunning OPT passes. (Maybe there is more to do..)

4.19.19. Executing OPT_MUXTREE pass (detect dead branches in mux trees).
Running muxtree optimizer on module $paramod$fd0170a58924e6d7b2131d4623b428d1d1232fac\warp_scheduler..
  Creating internal representation of mux trees.
  Evaluating internal representation of mux trees.
  Analyzing evaluation results.
Running muxtree optimizer on module $paramod$c340cd9ddb594af487b68a1f41f357874e13cce6\simt_execution_core..
  Creating internal representation of mux trees.
  Evaluating internal representation of mux trees.
  Analyzing evaluation results.
Running muxtree optimizer on module $paramod\pc_update_unit\PC_WIDTH=s32'00000000000000000000000000100000..
  Creating internal representation of mux trees.
  Evaluating internal representation of mux trees.
  Analyzing evaluation results.
Running muxtree optimizer on module $paramod$bbdd970d5e9d5db000ca33c4cf0f699d1c916bbb\inst_mem..
  Creating internal representation of mux trees.
  Evaluating internal representation of mux trees.
  Analyzing evaluation results.
Running muxtree optimizer on module $paramod$20f9d1ebf2d220d6d149ed1f156499717425796a\fetch_decode_unit..
  Creating internal representation of mux trees.
  No muxes found in this module.
Running muxtree optimizer on module $paramod$b2a1694e054de7dfdcdbcd4b1356480af6859439\data_mem..
  Creating internal representation of mux trees.
  Evaluating internal representation of mux trees.
  Analyzing evaluation results.
Running muxtree optimizer on module \gpu_top..
  Creating internal representation of mux trees.
  No muxes found in this module.
Removed 0 multiplexer ports.
<suppressed ~160 debug messages>

4.19.20. Executing OPT_REDUCE pass (consolidate $*mux and $reduce_* inputs).
  Optimizing cells in module $paramod$fd0170a58924e6d7b2131d4623b428d1d1232fac\warp_scheduler.
  Optimizing cells in module $paramod$c340cd9ddb594af487b68a1f41f357874e13cce6\simt_execution_core.
  Optimizing cells in module $paramod\pc_update_unit\PC_WIDTH=s32'00000000000000000000000000100000.
  Optimizing cells in module $paramod$bbdd970d5e9d5db000ca33c4cf0f699d1c916bbb\inst_mem.
  Optimizing cells in module $paramod$20f9d1ebf2d220d6d149ed1f156499717425796a\fetch_decode_unit.
  Optimizing cells in module $paramod$b2a1694e054de7dfdcdbcd4b1356480af6859439\data_mem.
  Optimizing cells in module \gpu_top.
Performed a total of 0 changes.

4.19.21. Executing OPT_MERGE pass (detect identical cells).
Finding identical cells in module `$paramod$fd0170a58924e6d7b2131d4623b428d1d1232fac\warp_scheduler'.
Computing hashes of 10 cells of `$paramod$fd0170a58924e6d7b2131d4623b428d1d1232fac\warp_scheduler'.
Finding duplicate cells in `$paramod$fd0170a58924e6d7b2131d4623b428d1d1232fac\warp_scheduler'.
Finding identical cells in module `$paramod$c340cd9ddb594af487b68a1f41f357874e13cce6\simt_execution_core'.
Computing hashes of 268 cells of `$paramod$c340cd9ddb594af487b68a1f41f357874e13cce6\simt_execution_core'.
Finding duplicate cells in `$paramod$c340cd9ddb594af487b68a1f41f357874e13cce6\simt_execution_core'.
Finding identical cells in module `$paramod\pc_update_unit\PC_WIDTH=s32'00000000000000000000000000100000'.
Computing hashes of 2 cells of `$paramod\pc_update_unit\PC_WIDTH=s32'00000000000000000000000000100000'.
Finding duplicate cells in `$paramod\pc_update_unit\PC_WIDTH=s32'00000000000000000000000000100000'.
Finding identical cells in module `$paramod$bbdd970d5e9d5db000ca33c4cf0f699d1c916bbb\inst_mem'.
Computing hashes of 1 cells of `$paramod$bbdd970d5e9d5db000ca33c4cf0f699d1c916bbb\inst_mem'.
Finding duplicate cells in `$paramod$bbdd970d5e9d5db000ca33c4cf0f699d1c916bbb\inst_mem'.
Finding identical cells in module `$paramod$20f9d1ebf2d220d6d149ed1f156499717425796a\fetch_decode_unit'.
Computing hashes of 0 cells of `$paramod$20f9d1ebf2d220d6d149ed1f156499717425796a\fetch_decode_unit'.
Finding duplicate cells in `$paramod$20f9d1ebf2d220d6d149ed1f156499717425796a\fetch_decode_unit'.
Finding identical cells in module `$paramod$b2a1694e054de7dfdcdbcd4b1356480af6859439\data_mem'.
Computing hashes of 596 cells of `$paramod$b2a1694e054de7dfdcdbcd4b1356480af6859439\data_mem'.
Finding duplicate cells in `$paramod$b2a1694e054de7dfdcdbcd4b1356480af6859439\data_mem'.
Finding identical cells in module `\gpu_top'.
Computing hashes of 6 cells of `\gpu_top'.
Finding duplicate cells in `\gpu_top'.
Removed a total of 0 cells.

4.19.22. Executing OPT_SHARE pass.

4.19.23. Executing OPT_DFF pass (perform DFF optimizations).

4.19.24. Executing OPT_CLEAN pass (remove unused cells and wires).
Finding unused cells or wires in module $paramod$fd0170a58924e6d7b2131d4623b428d1d1232fac\warp_scheduler..
Finding unused cells or wires in module $paramod$c340cd9ddb594af487b68a1f41f357874e13cce6\simt_execution_core..
Finding unused cells or wires in module $paramod\pc_update_unit\PC_WIDTH=s32'00000000000000000000000000100000..
Finding unused cells or wires in module $paramod$bbdd970d5e9d5db000ca33c4cf0f699d1c916bbb\inst_mem..
Finding unused cells or wires in module $paramod$20f9d1ebf2d220d6d149ed1f156499717425796a\fetch_decode_unit..
Finding unused cells or wires in module $paramod$b2a1694e054de7dfdcdbcd4b1356480af6859439\data_mem..
Finding unused cells or wires in module \gpu_top..
Removed 0 unused cells and 1 unused wires.
<suppressed ~1 debug messages>

4.19.25. Executing OPT_EXPR pass (perform const folding).
Optimizing module $paramod$fd0170a58924e6d7b2131d4623b428d1d1232fac\warp_scheduler.
Optimizing module $paramod$c340cd9ddb594af487b68a1f41f357874e13cce6\simt_execution_core.
Optimizing module $paramod\pc_update_unit\PC_WIDTH=s32'00000000000000000000000000100000.
Optimizing module $paramod$bbdd970d5e9d5db000ca33c4cf0f699d1c916bbb\inst_mem.
Optimizing module $paramod$20f9d1ebf2d220d6d149ed1f156499717425796a\fetch_decode_unit.
Optimizing module $paramod$b2a1694e054de7dfdcdbcd4b1356480af6859439\data_mem.
Optimizing module gpu_top.

4.19.26. Rerunning OPT passes. (Maybe there is more to do..)

4.19.27. Executing OPT_MUXTREE pass (detect dead branches in mux trees).
Running muxtree optimizer on module $paramod$fd0170a58924e6d7b2131d4623b428d1d1232fac\warp_scheduler..
  Creating internal representation of mux trees.
  Evaluating internal representation of mux trees.
  Analyzing evaluation results.
Running muxtree optimizer on module $paramod$c340cd9ddb594af487b68a1f41f357874e13cce6\simt_execution_core..
  Creating internal representation of mux trees.
  Evaluating internal representation of mux trees.
  Analyzing evaluation results.
Running muxtree optimizer on module $paramod\pc_update_unit\PC_WIDTH=s32'00000000000000000000000000100000..
  Creating internal representation of mux trees.
  Evaluating internal representation of mux trees.
  Analyzing evaluation results.
Running muxtree optimizer on module $paramod$bbdd970d5e9d5db000ca33c4cf0f699d1c916bbb\inst_mem..
  Creating internal representation of mux trees.
  Evaluating internal representation of mux trees.
  Analyzing evaluation results.
Running muxtree optimizer on module $paramod$20f9d1ebf2d220d6d149ed1f156499717425796a\fetch_decode_unit..
  Creating internal representation of mux trees.
  No muxes found in this module.
Running muxtree optimizer on module $paramod$b2a1694e054de7dfdcdbcd4b1356480af6859439\data_mem..
  Creating internal representation of mux trees.
  Evaluating internal representation of mux trees.
  Analyzing evaluation results.
Running muxtree optimizer on module \gpu_top..
  Creating internal representation of mux trees.
  No muxes found in this module.
Removed 0 multiplexer ports.
<suppressed ~160 debug messages>

4.19.28. Executing OPT_REDUCE pass (consolidate $*mux and $reduce_* inputs).
  Optimizing cells in module $paramod$fd0170a58924e6d7b2131d4623b428d1d1232fac\warp_scheduler.
  Optimizing cells in module $paramod$c340cd9ddb594af487b68a1f41f357874e13cce6\simt_execution_core.
  Optimizing cells in module $paramod\pc_update_unit\PC_WIDTH=s32'00000000000000000000000000100000.
  Optimizing cells in module $paramod$bbdd970d5e9d5db000ca33c4cf0f699d1c916bbb\inst_mem.
  Optimizing cells in module $paramod$20f9d1ebf2d220d6d149ed1f156499717425796a\fetch_decode_unit.
  Optimizing cells in module $paramod$b2a1694e054de7dfdcdbcd4b1356480af6859439\data_mem.
  Optimizing cells in module \gpu_top.
Performed a total of 0 changes.

4.19.29. Executing OPT_MERGE pass (detect identical cells).
Finding identical cells in module `$paramod$fd0170a58924e6d7b2131d4623b428d1d1232fac\warp_scheduler'.
Computing hashes of 10 cells of `$paramod$fd0170a58924e6d7b2131d4623b428d1d1232fac\warp_scheduler'.
Finding duplicate cells in `$paramod$fd0170a58924e6d7b2131d4623b428d1d1232fac\warp_scheduler'.
Finding identical cells in module `$paramod$c340cd9ddb594af487b68a1f41f357874e13cce6\simt_execution_core'.
Computing hashes of 268 cells of `$paramod$c340cd9ddb594af487b68a1f41f357874e13cce6\simt_execution_core'.
Finding duplicate cells in `$paramod$c340cd9ddb594af487b68a1f41f357874e13cce6\simt_execution_core'.
Finding identical cells in module `$paramod\pc_update_unit\PC_WIDTH=s32'00000000000000000000000000100000'.
Computing hashes of 2 cells of `$paramod\pc_update_unit\PC_WIDTH=s32'00000000000000000000000000100000'.
Finding duplicate cells in `$paramod\pc_update_unit\PC_WIDTH=s32'00000000000000000000000000100000'.
Finding identical cells in module `$paramod$bbdd970d5e9d5db000ca33c4cf0f699d1c916bbb\inst_mem'.
Computing hashes of 1 cells of `$paramod$bbdd970d5e9d5db000ca33c4cf0f699d1c916bbb\inst_mem'.
Finding duplicate cells in `$paramod$bbdd970d5e9d5db000ca33c4cf0f699d1c916bbb\inst_mem'.
Finding identical cells in module `$paramod$20f9d1ebf2d220d6d149ed1f156499717425796a\fetch_decode_unit'.
Computing hashes of 0 cells of `$paramod$20f9d1ebf2d220d6d149ed1f156499717425796a\fetch_decode_unit'.
Finding duplicate cells in `$paramod$20f9d1ebf2d220d6d149ed1f156499717425796a\fetch_decode_unit'.
Finding identical cells in module `$paramod$b2a1694e054de7dfdcdbcd4b1356480af6859439\data_mem'.
Computing hashes of 596 cells of `$paramod$b2a1694e054de7dfdcdbcd4b1356480af6859439\data_mem'.
Finding duplicate cells in `$paramod$b2a1694e054de7dfdcdbcd4b1356480af6859439\data_mem'.
Finding identical cells in module `\gpu_top'.
Computing hashes of 6 cells of `\gpu_top'.
Finding duplicate cells in `\gpu_top'.
Removed a total of 0 cells.

4.19.30. Executing OPT_SHARE pass.

4.19.31. Executing OPT_DFF pass (perform DFF optimizations).

4.19.32. Executing OPT_CLEAN pass (remove unused cells and wires).
Finding unused cells or wires in module $paramod$fd0170a58924e6d7b2131d4623b428d1d1232fac\warp_scheduler..
Finding unused cells or wires in module $paramod$c340cd9ddb594af487b68a1f41f357874e13cce6\simt_execution_core..
Finding unused cells or wires in module $paramod\pc_update_unit\PC_WIDTH=s32'00000000000000000000000000100000..
Finding unused cells or wires in module $paramod$bbdd970d5e9d5db000ca33c4cf0f699d1c916bbb\inst_mem..
Finding unused cells or wires in module $paramod$20f9d1ebf2d220d6d149ed1f156499717425796a\fetch_decode_unit..
Finding unused cells or wires in module $paramod$b2a1694e054de7dfdcdbcd4b1356480af6859439\data_mem..
Finding unused cells or wires in module \gpu_top..

4.19.33. Executing OPT_EXPR pass (perform const folding).
Optimizing module $paramod$fd0170a58924e6d7b2131d4623b428d1d1232fac\warp_scheduler.
Optimizing module $paramod$c340cd9ddb594af487b68a1f41f357874e13cce6\simt_execution_core.
Optimizing module $paramod\pc_update_unit\PC_WIDTH=s32'00000000000000000000000000100000.
Optimizing module $paramod$bbdd970d5e9d5db000ca33c4cf0f699d1c916bbb\inst_mem.
Optimizing module $paramod$20f9d1ebf2d220d6d149ed1f156499717425796a\fetch_decode_unit.
Optimizing module $paramod$b2a1694e054de7dfdcdbcd4b1356480af6859439\data_mem.
Optimizing module gpu_top.

4.19.34. Finished fast OPT passes. (There is nothing left to do.)

4.20. Executing TECHMAP pass (map to technology primitives).

4.20.1. Executing Verilog-2005 frontend: /opt/homebrew/bin/../share/yosys/techmap.v
Parsing Verilog input from `/opt/homebrew/bin/../share/yosys/techmap.v' to AST representation.
Generating RTLIL representation for module `\_90_simplemap_bool_ops'.
Generating RTLIL representation for module `\_90_simplemap_reduce_ops'.
Generating RTLIL representation for module `\_90_simplemap_logic_ops'.
Generating RTLIL representation for module `\_90_simplemap_compare_ops'.
Generating RTLIL representation for module `\_90_simplemap_various'.
Generating RTLIL representation for module `\_90_simplemap_registers'.
Generating RTLIL representation for module `\_90_shift_ops_shr_shl_sshl_sshr'.
Generating RTLIL representation for module `\_90_shift_shiftx'.
Generating RTLIL representation for module `\_90_fa'.
Generating RTLIL representation for module `\_90_lcu_brent_kung'.
Generating RTLIL representation for module `\_90_alu'.
Generating RTLIL representation for module `\_90_macc'.
Generating RTLIL representation for module `\_90_alumacc'.
Generating RTLIL representation for module `$__div_mod_u'.
Generating RTLIL representation for module `$__div_mod_trunc'.
Generating RTLIL representation for module `\_90_div'.
Generating RTLIL representation for module `\_90_mod'.
Generating RTLIL representation for module `$__div_mod_floor'.
Generating RTLIL representation for module `\_90_divfloor'.
Generating RTLIL representation for module `\_90_modfloor'.
Generating RTLIL representation for module `\_90_pow'.
Generating RTLIL representation for module `\_90_demux'.
Generating RTLIL representation for module `\_90_lut'.
Generating RTLIL representation for module `$connect'.
Generating RTLIL representation for module `$input_port'.
Successfully finished Verilog frontend.

4.20.2. Continuing TECHMAP pass.
Using extmapper simplemap for cells of type $dffe.
Using extmapper simplemap for cells of type $and.
Using extmapper simplemap for cells of type $not.
Using extmapper simplemap for cells of type $mux.
Using template $paramod$44a13d10af618e7fbe7b9aad2f6151ffcee1e2fa\_90_alu for cells of type $alu.
Using extmapper simplemap for cells of type $pos.
Using template $paramod\_90_fa\WIDTH=32'00000000000000000000000000011110 for cells of type $fa.
Using template $paramod\_90_lcu_brent_kung\WIDTH=32'00000000000000000000000000011110 for cells of type $lcu.
Using extmapper simplemap for cells of type $xor.
Using extmapper simplemap for cells of type $or.
Using template $paramod$fbc7873bff55778c0b3173955b7e4bce1d9d6834\_90_alu for cells of type $alu.
Using extmapper simplemap for cells of type $reduce_and.
Using template $paramod$fc972a7a46956c1788f3cb5257b53c8f1df2d0cc\_90_alu for cells of type $alu.
Using extmapper simplemap for cells of type $adffe.
Using template $paramod$constmap:6111415c3ecfd9bb520e2072bfee38e7d8bfb139$paramod$335cfd09f1afa8139c4aafcbbe5f361887b79c5e\_90_shift_ops_shr_shl_sshl_sshr for cells of type $shl.
Using template $paramod$constmap:6111415c3ecfd9bb520e2072bfee38e7d8bfb139$paramod$feecc7a0dbd012970970f2858f15e786e251f677\_90_shift_ops_shr_shl_sshl_sshr for cells of type $shr.
Using template $paramod$constmap:6111415c3ecfd9bb520e2072bfee38e7d8bfb139$paramod$e765c459d3029c22a22a27989e94858fd9ebfa9c\_90_shift_ops_shr_shl_sshl_sshr for cells of type $sshr.
Using extmapper simplemap for cells of type $logic_and.
Using extmapper simplemap for cells of type $pmux.
Using extmapper simplemap for cells of type $eq.
Using extmapper simplemap for cells of type $logic_not.
Using template $paramod\_90_fa\WIDTH=32'00000000000000000000000000000001 for cells of type $fa.
Using template $paramod\_90_lcu_brent_kung\WIDTH=32'00000000000000000000000000000001 for cells of type $lcu.
Using template $paramod\_90_fa\WIDTH=32'00000000000000000000000000100000 for cells of type $fa.
Using template $paramod\_90_lcu_brent_kung\WIDTH=32'00000000000000000000000000100000 for cells of type $lcu.
Using template $paramod$175e67c02b86e96b1288b9dc100122520d7240d8\_90_alu for cells of type $alu.
Using extmapper simplemap for cells of type $adff.
Using template $paramod\_90_fa\WIDTH=32'00000000000000000000000000000010 for cells of type $fa.
Using template $paramod\_90_lcu_brent_kung\WIDTH=32'00000000000000000000000000000010 for cells of type $lcu.
No more expansions possible.
<suppressed ~4059 debug messages>

4.21. Executing OPT pass (performing simple optimizations).

4.21.1. Executing OPT_EXPR pass (perform const folding).
Optimizing module $paramod$fd0170a58924e6d7b2131d4623b428d1d1232fac\warp_scheduler.
<suppressed ~21 debug messages>
Optimizing module $paramod$c340cd9ddb594af487b68a1f41f357874e13cce6\simt_execution_core.
<suppressed ~2564 debug messages>
Optimizing module $paramod\pc_update_unit\PC_WIDTH=s32'00000000000000000000000000100000.
<suppressed ~257 debug messages>
Optimizing module $paramod$bbdd970d5e9d5db000ca33c4cf0f699d1c916bbb\inst_mem.
Optimizing module $paramod$20f9d1ebf2d220d6d149ed1f156499717425796a\fetch_decode_unit.
Optimizing module $paramod$b2a1694e054de7dfdcdbcd4b1356480af6859439\data_mem.
Optimizing module gpu_top.

4.21.2. Executing OPT_MERGE pass (detect identical cells).
Finding identical cells in module `$paramod$fd0170a58924e6d7b2131d4623b428d1d1232fac\warp_scheduler'.
Computing hashes of 111 cells of `$paramod$fd0170a58924e6d7b2131d4623b428d1d1232fac\warp_scheduler'.
Finding duplicate cells in `$paramod$fd0170a58924e6d7b2131d4623b428d1d1232fac\warp_scheduler'.
Computing hashes of 109 cells of `$paramod$fd0170a58924e6d7b2131d4623b428d1d1232fac\warp_scheduler'.
Finding duplicate cells in `$paramod$fd0170a58924e6d7b2131d4623b428d1d1232fac\warp_scheduler'.
<suppressed ~6 debug messages>
Finding identical cells in module `$paramod$c340cd9ddb594af487b68a1f41f357874e13cce6\simt_execution_core'.
Computing hashes of 17761 cells of `$paramod$c340cd9ddb594af487b68a1f41f357874e13cce6\simt_execution_core'.
Finding duplicate cells in `$paramod$c340cd9ddb594af487b68a1f41f357874e13cce6\simt_execution_core'.
Computing hashes of 17000 cells of `$paramod$c340cd9ddb594af487b68a1f41f357874e13cce6\simt_execution_core'.
Finding duplicate cells in `$paramod$c340cd9ddb594af487b68a1f41f357874e13cce6\simt_execution_core'.
Computing hashes of 16748 cells of `$paramod$c340cd9ddb594af487b68a1f41f357874e13cce6\simt_execution_core'.
Finding duplicate cells in `$paramod$c340cd9ddb594af487b68a1f41f357874e13cce6\simt_execution_core'.
Computing hashes of 16618 cells of `$paramod$c340cd9ddb594af487b68a1f41f357874e13cce6\simt_execution_core'.
Finding duplicate cells in `$paramod$c340cd9ddb594af487b68a1f41f357874e13cce6\simt_execution_core'.
Computing hashes of 16537 cells of `$paramod$c340cd9ddb594af487b68a1f41f357874e13cce6\simt_execution_core'.
Finding duplicate cells in `$paramod$c340cd9ddb594af487b68a1f41f357874e13cce6\simt_execution_core'.
Computing hashes of 16533 cells of `$paramod$c340cd9ddb594af487b68a1f41f357874e13cce6\simt_execution_core'.
Finding duplicate cells in `$paramod$c340cd9ddb594af487b68a1f41f357874e13cce6\simt_execution_core'.
<suppressed ~3684 debug messages>
Finding identical cells in module `$paramod\pc_update_unit\PC_WIDTH=s32'00000000000000000000000000100000'.
Computing hashes of 143 cells of `$paramod\pc_update_unit\PC_WIDTH=s32'00000000000000000000000000100000'.
Finding duplicate cells in `$paramod\pc_update_unit\PC_WIDTH=s32'00000000000000000000000000100000'.
Computing hashes of 142 cells of `$paramod\pc_update_unit\PC_WIDTH=s32'00000000000000000000000000100000'.
Finding duplicate cells in `$paramod\pc_update_unit\PC_WIDTH=s32'00000000000000000000000000100000'.
<suppressed ~3 debug messages>
Finding identical cells in module `$paramod$bbdd970d5e9d5db000ca33c4cf0f699d1c916bbb\inst_mem'.
Computing hashes of 5 cells of `$paramod$bbdd970d5e9d5db000ca33c4cf0f699d1c916bbb\inst_mem'.
Finding duplicate cells in `$paramod$bbdd970d5e9d5db000ca33c4cf0f699d1c916bbb\inst_mem'.
Finding identical cells in module `$paramod$20f9d1ebf2d220d6d149ed1f156499717425796a\fetch_decode_unit'.
Computing hashes of 0 cells of `$paramod$20f9d1ebf2d220d6d149ed1f156499717425796a\fetch_decode_unit'.
Finding duplicate cells in `$paramod$20f9d1ebf2d220d6d149ed1f156499717425796a\fetch_decode_unit'.
Finding identical cells in module `$paramod$b2a1694e054de7dfdcdbcd4b1356480af6859439\data_mem'.
Computing hashes of 8532 cells of `$paramod$b2a1694e054de7dfdcdbcd4b1356480af6859439\data_mem'.
Finding duplicate cells in `$paramod$b2a1694e054de7dfdcdbcd4b1356480af6859439\data_mem'.
Finding identical cells in module `\gpu_top'.
Computing hashes of 6 cells of `\gpu_top'.
Finding duplicate cells in `\gpu_top'.
Removed a total of 1231 cells.

4.21.3. Executing OPT_DFF pass (perform DFF optimizations).

4.21.4. Executing OPT_CLEAN pass (remove unused cells and wires).
Finding unused cells or wires in module $paramod$fd0170a58924e6d7b2131d4623b428d1d1232fac\warp_scheduler..
Finding unused cells or wires in module $paramod$c340cd9ddb594af487b68a1f41f357874e13cce6\simt_execution_core..
Finding unused cells or wires in module $paramod\pc_update_unit\PC_WIDTH=s32'00000000000000000000000000100000..
Finding unused cells or wires in module $paramod$bbdd970d5e9d5db000ca33c4cf0f699d1c916bbb\inst_mem..
Finding unused cells or wires in module $paramod$20f9d1ebf2d220d6d149ed1f156499717425796a\fetch_decode_unit..
Finding unused cells or wires in module $paramod$b2a1694e054de7dfdcdbcd4b1356480af6859439\data_mem..
Finding unused cells or wires in module \gpu_top..
Removed 96 unused cells and 2325 unused wires.
<suppressed ~99 debug messages>

4.21.5. Finished fast OPT passes.

4.22. Executing ABC pass (technology mapping using ABC).

4.22.1. Extracting gate netlist of module `$paramod$fd0170a58924e6d7b2131d4623b428d1d1232fac\warp_scheduler' to `<abc-temp-dir>/input.blif'..

4.22.1.1. Executed ABC.
Extracted 40 gates and 109 wires to a netlist network with 68 inputs and 36 outputs.
Running ABC script: <abc-temp-dir>/abc.script
ABC: ======== ABC command line "source <abc-temp-dir>/abc.script"
ABC: + read_blif <abc-temp-dir>/input.blif 
ABC: + read_library <abc-temp-dir>/stdcells.genlib 
ABC: + strash 
ABC: + &get -n 
ABC: + &fraig -x 
ABC: + &put 
ABC: + scorr 
ABC: Warning: The network is combinational (run "fraig" or "fraig_sweep").
ABC: + dc2 
ABC: + dretime 
ABC: + strash 
ABC: + &get -n 
ABC: + &dch -f 
ABC: + &nf 
ABC: + &put 
ABC: + write_blif <abc-temp-dir>/output.blif 

4.22.1.2. Re-integrating ABC results.
ABC RESULTS:               AND cells:        1
ABC RESULTS:            ANDNOT cells:        2
ABC RESULTS:               MUX cells:       32
ABC RESULTS:               NOT cells:        1
ABC RESULTS:        internal signals:        5
ABC RESULTS:           input signals:       68
ABC RESULTS:          output signals:       36
Removing temp directory.

4.22.2. Extracting gate netlist of module `$paramod$c340cd9ddb594af487b68a1f41f357874e13cce6\simt_execution_core' to `<abc-temp-dir>/input.blif'..

4.22.2.1. Executed ABC.
Extracted 14423 gates and 16494 wires to a netlist network with 2070 inputs and 448 outputs.
Running ABC script: <abc-temp-dir>/abc.script
ABC: ======== ABC command line "source <abc-temp-dir>/abc.script"
ABC: + read_blif <abc-temp-dir>/input.blif 
ABC: + read_library <abc-temp-dir>/stdcells.genlib 
ABC: + strash 
ABC: + &get -n 
ABC: + &fraig -x 
ABC: + &put 
ABC: + scorr 
ABC: Warning: The network is combinational (run "fraig" or "fraig_sweep").
ABC: + dc2 
ABC: + dretime 
ABC: + strash 
ABC: + &get -n 
ABC: + &dch -f 
ABC: + &nf 
ABC: + &put 
ABC: + write_blif <abc-temp-dir>/output.blif 

4.22.2.2. Re-integrating ABC results.
ABC RESULTS:               AND cells:     5390
ABC RESULTS:            ANDNOT cells:      522
ABC RESULTS:               MUX cells:      899
ABC RESULTS:              NAND cells:     6252
ABC RESULTS:               NOR cells:      100
ABC RESULTS:               NOT cells:      177
ABC RESULTS:                OR cells:      475
ABC RESULTS:             ORNOT cells:      192
ABC RESULTS:              XNOR cells:       95
ABC RESULTS:               XOR cells:       83
ABC RESULTS:        internal signals:    13976
ABC RESULTS:           input signals:     2070
ABC RESULTS:          output signals:      448
Removing temp directory.

4.22.3. Extracting gate netlist of module `$paramod\pc_update_unit\PC_WIDTH=s32'00000000000000000000000000100000' to `<abc-temp-dir>/input.blif'..

4.22.3.1. Executed ABC.
Extracted 111 gates and 176 wires to a netlist network with 65 inputs and 32 outputs.
Running ABC script: <abc-temp-dir>/abc.script
ABC: ======== ABC command line "source <abc-temp-dir>/abc.script"
ABC: + read_blif <abc-temp-dir>/input.blif 
ABC: + read_library <abc-temp-dir>/stdcells.genlib 
ABC: + strash 
ABC: + &get -n 
ABC: + &fraig -x 
ABC: + &put 
ABC: + scorr 
ABC: Warning: The network is combinational (run "fraig" or "fraig_sweep").
ABC: + dc2 
ABC: + dretime 
ABC: + strash 
ABC: + &get -n 
ABC: + &dch -f 
ABC: + &nf 
ABC: + &put 
ABC: + write_blif <abc-temp-dir>/output.blif 

4.22.3.2. Re-integrating ABC results.
ABC RESULTS:               AND cells:       27
ABC RESULTS:               MUX cells:       32
ABC RESULTS:              NAND cells:        1
ABC RESULTS:               NOT cells:        1
ABC RESULTS:              XNOR cells:        1
ABC RESULTS:               XOR cells:       28
ABC RESULTS:        internal signals:       79
ABC RESULTS:           input signals:       65
ABC RESULTS:          output signals:       32
Removing temp directory.

4.22.4. Extracting gate netlist of module `$paramod$bbdd970d5e9d5db000ca33c4cf0f699d1c916bbb\inst_mem' to `<abc-temp-dir>/input.blif'..

4.22.4.1. Executed ABC.
Extracted 5 gates and 11 wires to a netlist network with 5 inputs and 5 outputs.
Running ABC script: <abc-temp-dir>/abc.script
ABC: ======== ABC command line "source <abc-temp-dir>/abc.script"
ABC: + read_blif <abc-temp-dir>/input.blif 
ABC: + read_library <abc-temp-dir>/stdcells.genlib 
ABC: + strash 
ABC: + &get -n 
ABC: + &fraig -x 
ABC: + &put 
ABC: + scorr 
ABC: Warning: The network is combinational (run "fraig" or "fraig_sweep").
ABC: + dc2 
ABC: + dretime 
ABC: + strash 
ABC: + &get -n 
ABC: + &dch -f 
ABC: + &nf 
ABC: + &put 
ABC: + write_blif <abc-temp-dir>/output.blif 

4.22.4.2. Re-integrating ABC results.
ABC RESULTS:            ANDNOT cells:        4
ABC RESULTS:               NOT cells:        1
ABC RESULTS:        internal signals:        1
ABC RESULTS:           input signals:        5
ABC RESULTS:          output signals:        5
Removing temp directory.

4.22.5. Extracting gate netlist of module `$paramod$20f9d1ebf2d220d6d149ed1f156499717425796a\fetch_decode_unit' to `<abc-temp-dir>/input.blif'..

4.22.5.1. Executed ABC.
Extracted 0 gates and 0 wires to a netlist network with 0 inputs and 0 outputs.
Don't call ABC as there is nothing to map.
Removing temp directory.

4.22.6. Extracting gate netlist of module `$paramod$b2a1694e054de7dfdcdbcd4b1356480af6859439\data_mem' to `<abc-temp-dir>/input.blif'..

4.22.6.1. Executed ABC.
Extracted 4308 gates and 8425 wires to a netlist network with 4117 inputs and 256 outputs.
Running ABC script: <abc-temp-dir>/abc.script
ABC: ======== ABC command line "source <abc-temp-dir>/abc.script"
ABC: + read_blif <abc-temp-dir>/input.blif 
ABC: + read_library <abc-temp-dir>/stdcells.genlib 
ABC: + strash 
ABC: + &get -n 
ABC: + &fraig -x 
ABC: + &put 
ABC: + scorr 
ABC: Warning: The network is combinational (run "fraig" or "fraig_sweep").
ABC: + dc2 
ABC: + dretime 
ABC: + strash 
ABC: + &get -n 
ABC: + &dch -f 
ABC: + &nf 
ABC: + &put 
ABC: + write_blif <abc-temp-dir>/output.blif 

4.22.6.2. Re-integrating ABC results.
ABC RESULTS:               AND cells:     2984
ABC RESULTS:            ANDNOT cells:       32
ABC RESULTS:              NAND cells:     6272
ABC RESULTS:               NOR cells:        8
ABC RESULTS:        internal signals:     4052
ABC RESULTS:           input signals:     4117
ABC RESULTS:          output signals:      256
Removing temp directory.

4.22.7. Extracting gate netlist of module `\gpu_top' to `<abc-temp-dir>/input.blif'..

4.22.7.1. Executed ABC.
Extracted 0 gates and 0 wires to a netlist network with 0 inputs and 0 outputs.
Don't call ABC as there is nothing to map.
Removing temp directory.
Removing global temp directory.

4.23. Executing OPT pass (performing simple optimizations).

4.23.1. Executing OPT_EXPR pass (perform const folding).
Optimizing module $paramod$fd0170a58924e6d7b2131d4623b428d1d1232fac\warp_scheduler.
Optimizing module $paramod$c340cd9ddb594af487b68a1f41f357874e13cce6\simt_execution_core.
<suppressed ~266 debug messages>
Optimizing module $paramod\pc_update_unit\PC_WIDTH=s32'00000000000000000000000000100000.
Optimizing module $paramod$bbdd970d5e9d5db000ca33c4cf0f699d1c916bbb\inst_mem.
Optimizing module $paramod$20f9d1ebf2d220d6d149ed1f156499717425796a\fetch_decode_unit.
Optimizing module $paramod$b2a1694e054de7dfdcdbcd4b1356480af6859439\data_mem.
Optimizing module gpu_top.

4.23.2. Executing OPT_MERGE pass (detect identical cells).
Finding identical cells in module `$paramod$fd0170a58924e6d7b2131d4623b428d1d1232fac\warp_scheduler'.
Computing hashes of 102 cells of `$paramod$fd0170a58924e6d7b2131d4623b428d1d1232fac\warp_scheduler'.
Finding duplicate cells in `$paramod$fd0170a58924e6d7b2131d4623b428d1d1232fac\warp_scheduler'.
Finding identical cells in module `$paramod$c340cd9ddb594af487b68a1f41f357874e13cce6\simt_execution_core'.
Computing hashes of 16233 cells of `$paramod$c340cd9ddb594af487b68a1f41f357874e13cce6\simt_execution_core'.
Finding duplicate cells in `$paramod$c340cd9ddb594af487b68a1f41f357874e13cce6\simt_execution_core'.
Finding identical cells in module `$paramod\pc_update_unit\PC_WIDTH=s32'00000000000000000000000000100000'.
Computing hashes of 90 cells of `$paramod\pc_update_unit\PC_WIDTH=s32'00000000000000000000000000100000'.
Finding duplicate cells in `$paramod\pc_update_unit\PC_WIDTH=s32'00000000000000000000000000100000'.
Finding identical cells in module `$paramod$bbdd970d5e9d5db000ca33c4cf0f699d1c916bbb\inst_mem'.
Computing hashes of 5 cells of `$paramod$bbdd970d5e9d5db000ca33c4cf0f699d1c916bbb\inst_mem'.
Finding duplicate cells in `$paramod$bbdd970d5e9d5db000ca33c4cf0f699d1c916bbb\inst_mem'.
Finding identical cells in module `$paramod$20f9d1ebf2d220d6d149ed1f156499717425796a\fetch_decode_unit'.
Computing hashes of 0 cells of `$paramod$20f9d1ebf2d220d6d149ed1f156499717425796a\fetch_decode_unit'.
Finding duplicate cells in `$paramod$20f9d1ebf2d220d6d149ed1f156499717425796a\fetch_decode_unit'.
Finding identical cells in module `$paramod$b2a1694e054de7dfdcdbcd4b1356480af6859439\data_mem'.
Computing hashes of 13520 cells of `$paramod$b2a1694e054de7dfdcdbcd4b1356480af6859439\data_mem'.
Finding duplicate cells in `$paramod$b2a1694e054de7dfdcdbcd4b1356480af6859439\data_mem'.
Finding identical cells in module `\gpu_top'.
Computing hashes of 6 cells of `\gpu_top'.
Finding duplicate cells in `\gpu_top'.
Removed a total of 0 cells.

4.23.3. Executing OPT_DFF pass (perform DFF optimizations).

4.23.4. Executing OPT_CLEAN pass (remove unused cells and wires).
Finding unused cells or wires in module $paramod$fd0170a58924e6d7b2131d4623b428d1d1232fac\warp_scheduler..
Finding unused cells or wires in module $paramod$c340cd9ddb594af487b68a1f41f357874e13cce6\simt_execution_core..
Finding unused cells or wires in module $paramod\pc_update_unit\PC_WIDTH=s32'00000000000000000000000000100000..
Finding unused cells or wires in module $paramod$bbdd970d5e9d5db000ca33c4cf0f699d1c916bbb\inst_mem..
Finding unused cells or wires in module $paramod$20f9d1ebf2d220d6d149ed1f156499717425796a\fetch_decode_unit..
Finding unused cells or wires in module $paramod$b2a1694e054de7dfdcdbcd4b1356480af6859439\data_mem..
Finding unused cells or wires in module \gpu_top..
Removed 0 unused cells and 14681 unused wires.
<suppressed ~5 debug messages>

4.23.5. Finished fast OPT passes.

4.24. Executing HIERARCHY pass (managing design hierarchy).
Attribute `top' found on module `gpu_top'. Setting top module to gpu_top.

4.24.1. Analyzing design hierarchy..
Top module:  \gpu_top
Used module:     $paramod$b2a1694e054de7dfdcdbcd4b1356480af6859439\data_mem
Used module:     $paramod$20f9d1ebf2d220d6d149ed1f156499717425796a\fetch_decode_unit
Used module:     $paramod$bbdd970d5e9d5db000ca33c4cf0f699d1c916bbb\inst_mem
Used module:     $paramod\pc_update_unit\PC_WIDTH=s32'00000000000000000000000000100000
Used module:     $paramod$c340cd9ddb594af487b68a1f41f357874e13cce6\simt_execution_core
Used module:     $paramod$fd0170a58924e6d7b2131d4623b428d1d1232fac\warp_scheduler

4.24.2. Analyzing design hierarchy..
Top module:  \gpu_top
Used module:     $paramod$b2a1694e054de7dfdcdbcd4b1356480af6859439\data_mem
Used module:     $paramod$20f9d1ebf2d220d6d149ed1f156499717425796a\fetch_decode_unit
Used module:     $paramod$bbdd970d5e9d5db000ca33c4cf0f699d1c916bbb\inst_mem
Used module:     $paramod\pc_update_unit\PC_WIDTH=s32'00000000000000000000000000100000
Used module:     $paramod$c340cd9ddb594af487b68a1f41f357874e13cce6\simt_execution_core
Used module:     $paramod$fd0170a58924e6d7b2131d4623b428d1d1232fac\warp_scheduler
Removed 0 unused modules.

4.25. Printing statistics.

=== $paramod$fd0170a58924e6d7b2131d4623b428d1d1232fac\warp_scheduler ===

        +----------Local Count, excluding submodules.
        | 
       13 wires
      141 wire bits
       10 public wires
      137 public wire bits
        7 ports
       71 port bits
      102 cells
        2   $_ANDNOT_
        1   $_AND_
       64   $_DFFE_PN0P_
        2   $_DFF_PN0_
       32   $_MUX_
        1   $_NOT_

=== $paramod$c340cd9ddb594af487b68a1f41f357874e13cce6\simt_execution_core ===

        +----------Local Count, excluding submodules.
        | 
    13890 wires
    16677 wire bits
       89 public wires
     2876 public wire bits
       13 ports
      444 port bits
    16233 cells
      522   $_ANDNOT_
     5390   $_AND_
     2048   $_DFFE_PN0P_
      899   $_MUX_
     6252   $_NAND_
      100   $_NOR_
      177   $_NOT_
      192   $_ORNOT_
      475   $_OR_
       95   $_XNOR_
       83   $_XOR_

=== $paramod\pc_update_unit\PC_WIDTH=s32'00000000000000000000000000100000 ===

        +----------Local Count, excluding submodules.
        | 
       65 wires
      189 wire bits
        7 public wires
      131 public wire bits
        6 ports
       99 port bits
       90 cells
       27   $_AND_
       32   $_MUX_
        1   $_NAND_
        1   $_NOT_
        1   $_XNOR_
       28   $_XOR_

=== $paramod$bbdd970d5e9d5db000ca33c4cf0f699d1c916bbb\inst_mem ===

        +----------Local Count, excluding submodules.
        | 
        3 wires
       69 wire bits
        3 public wires
       69 public wire bits
        2 ports
       64 port bits
        5 cells
        4   $_ANDNOT_
        1   $_NOT_

=== $paramod$20f9d1ebf2d220d6d149ed1f156499717425796a\fetch_decode_unit ===

        +----------Local Count, excluding submodules.
        | 
       12 wires
      122 wire bits
       12 public wires
      122 public wire bits
       12 ports
      122 port bits

=== $paramod$b2a1694e054de7dfdcdbcd4b1356480af6859439\data_mem ===

        +----------Local Count, excluding submodules.
        | 
     9309 wires
    13798 wire bits
      137 public wires
     4502 public wire bits
        5 ports
      386 port bits
    13520 cells
       32   $_ANDNOT_
     2984   $_AND_
      128   $_DFFE_PN_
     4096   $_DFFE_PP_
     6272   $_NAND_
        8   $_NOR_

=== gpu_top ===

        +----------Local Count, excluding submodules.
        | 
       24 wires
      643 wire bits
       24 public wires
      643 public wire bits
        5 ports
       68 port bits
        6 submodules
        1   $paramod$20f9d1ebf2d220d6d149ed1f156499717425796a\fetch_decode_unit
        1   $paramod$b2a1694e054de7dfdcdbcd4b1356480af6859439\data_mem
        1   $paramod$bbdd970d5e9d5db000ca33c4cf0f699d1c916bbb\inst_mem
        1   $paramod$c340cd9ddb594af487b68a1f41f357874e13cce6\simt_execution_core
        1   $paramod$fd0170a58924e6d7b2131d4623b428d1d1232fac\warp_scheduler
        1   $paramod\pc_update_unit\PC_WIDTH=s32'00000000000000000000000000100000

=== design hierarchy ===

        +----------Count including submodules.
        | 
    29950 gpu_top
    13520 $paramod$b2a1694e054de7dfdcdbcd4b1356480af6859439\data_mem
        5 $paramod$bbdd970d5e9d5db000ca33c4cf0f699d1c916bbb\inst_mem
    16233 $paramod$c340cd9ddb594af487b68a1f41f357874e13cce6\simt_execution_core
      102 $paramod$fd0170a58924e6d7b2131d4623b428d1d1232fac\warp_scheduler
       90 $paramod\pc_update_unit\PC_WIDTH=s32'00000000000000000000000000100000

        +----------Count including submodules.
        | 
    23316 wires
    31639 wire bits
      282 public wires
     8480 public wire bits
       50 ports
     1254 port bits
        - memories
        - memory bits
        - processes
    29950 cells
      560   $_ANDNOT_
     8402   $_AND_
     2112   $_DFFE_PN0P_
      128   $_DFFE_PN_
     4096   $_DFFE_PP_
        2   $_DFF_PN0_
      963   $_MUX_
    12525   $_NAND_
      108   $_NOR_
      180   $_NOT_
      192   $_ORNOT_
      475   $_OR_
       96   $_XNOR_
      111   $_XOR_
        6 submodules
        1   $paramod$20f9d1ebf2d220d6d149ed1f156499717425796a\fetch_decode_unit
        1   $paramod$b2a1694e054de7dfdcdbcd4b1356480af6859439\data_mem
        1   $paramod$bbdd970d5e9d5db000ca33c4cf0f699d1c916bbb\inst_mem
        1   $paramod$c340cd9ddb594af487b68a1f41f357874e13cce6\simt_execution_core
        1   $paramod$fd0170a58924e6d7b2131d4623b428d1d1232fac\warp_scheduler
        1   $paramod\pc_update_unit\PC_WIDTH=s32'00000000000000000000000000100000

4.26. Executing CHECK pass (checking for obvious problems).
Checking module $paramod$fd0170a58924e6d7b2131d4623b428d1d1232fac\warp_scheduler...
Checking module $paramod$c340cd9ddb594af487b68a1f41f357874e13cce6\simt_execution_core...
Checking module $paramod\pc_update_unit\PC_WIDTH=s32'00000000000000000000000000100000...
Checking module $paramod$bbdd970d5e9d5db000ca33c4cf0f699d1c916bbb\inst_mem...
Checking module $paramod$20f9d1ebf2d220d6d149ed1f156499717425796a\fetch_decode_unit...
Checking module $paramod$b2a1694e054de7dfdcdbcd4b1356480af6859439\data_mem...
Checking module gpu_top...
Found and reported 0 problems.

5. Executing OPT_CLEAN pass (remove unused cells and wires).
Finding unused cells or wires in module $paramod$fd0170a58924e6d7b2131d4623b428d1d1232fac\warp_scheduler..
Finding unused cells or wires in module $paramod$c340cd9ddb594af487b68a1f41f357874e13cce6\simt_execution_core..
Finding unused cells or wires in module $paramod\pc_update_unit\PC_WIDTH=s32'00000000000000000000000000100000..
Finding unused cells or wires in module $paramod$bbdd970d5e9d5db000ca33c4cf0f699d1c916bbb\inst_mem..
Finding unused cells or wires in module $paramod$20f9d1ebf2d220d6d149ed1f156499717425796a\fetch_decode_unit..
Finding unused cells or wires in module $paramod$b2a1694e054de7dfdcdbcd4b1356480af6859439\data_mem..
Finding unused cells or wires in module \gpu_top..
Removed 0 unused cells and 21 unused wires.
<suppressed ~21 debug messages>

6. Printing statistics.

=== $paramod$fd0170a58924e6d7b2131d4623b428d1d1232fac\warp_scheduler ===

        +----------Local Count, excluding submodules.
        | 
       12 wires
      139 wire bits
        9 public wires
      135 public wire bits
        7 ports
       71 port bits
      102 cells
        2   $_ANDNOT_
        1   $_AND_
       64   $_DFFE_PN0P_
        2   $_DFF_PN0_
       32   $_MUX_
        1   $_NOT_

=== $paramod$c340cd9ddb594af487b68a1f41f357874e13cce6\simt_execution_core ===

        +----------Local Count, excluding submodules.
        | 
    13881 wires
    16389 wire bits
       80 public wires
     2588 public wire bits
       13 ports
      444 port bits
    16233 cells
      522   $_ANDNOT_
     5390   $_AND_
     2048   $_DFFE_PN0P_
      899   $_MUX_
     6252   $_NAND_
      100   $_NOR_
      177   $_NOT_
      192   $_ORNOT_
      475   $_OR_
       95   $_XNOR_
       83   $_XOR_

=== $paramod\pc_update_unit\PC_WIDTH=s32'00000000000000000000000000100000 ===

        +----------Local Count, excluding submodules.
        | 
       64 wires
      157 wire bits
        6 public wires
       99 public wire bits
        6 ports
       99 port bits
       90 cells
       27   $_AND_
       32   $_MUX_
        1   $_NAND_
        1   $_NOT_
        1   $_XNOR_
       28   $_XOR_

=== $paramod$bbdd970d5e9d5db000ca33c4cf0f699d1c916bbb\inst_mem ===

        +----------Local Count, excluding submodules.
        | 
        2 wires
       64 wire bits
        2 public wires
       64 public wire bits
        2 ports
       64 port bits
        5 cells
        4   $_ANDNOT_
        1   $_NOT_

=== $paramod$20f9d1ebf2d220d6d149ed1f156499717425796a\fetch_decode_unit ===

        +----------Local Count, excluding submodules.
        | 
       12 wires
      122 wire bits
       12 public wires
      122 public wire bits
       12 ports
      122 port bits

=== $paramod$b2a1694e054de7dfdcdbcd4b1356480af6859439\data_mem ===

        +----------Local Count, excluding submodules.
        | 
     9305 wires
    13778 wire bits
      133 public wires
     4482 public wire bits
        5 ports
      386 port bits
    13520 cells
       32   $_ANDNOT_
     2984   $_AND_
      128   $_DFFE_PN_
     4096   $_DFFE_PP_
     6272   $_NAND_
        8   $_NOR_

=== gpu_top ===

        +----------Local Count, excluding submodules.
        | 
       19 wires
      572 wire bits
       19 public wires
      572 public wire bits
        5 ports
       68 port bits
        6 submodules
        1   $paramod$20f9d1ebf2d220d6d149ed1f156499717425796a\fetch_decode_unit
        1   $paramod$b2a1694e054de7dfdcdbcd4b1356480af6859439\data_mem
        1   $paramod$bbdd970d5e9d5db000ca33c4cf0f699d1c916bbb\inst_mem
        1   $paramod$c340cd9ddb594af487b68a1f41f357874e13cce6\simt_execution_core
        1   $paramod$fd0170a58924e6d7b2131d4623b428d1d1232fac\warp_scheduler
        1   $paramod\pc_update_unit\PC_WIDTH=s32'00000000000000000000000000100000

=== design hierarchy ===

        +----------Count including submodules.
        | 
    29950 gpu_top
    13520 $paramod$b2a1694e054de7dfdcdbcd4b1356480af6859439\data_mem
        5 $paramod$bbdd970d5e9d5db000ca33c4cf0f699d1c916bbb\inst_mem
    16233 $paramod$c340cd9ddb594af487b68a1f41f357874e13cce6\simt_execution_core
      102 $paramod$fd0170a58924e6d7b2131d4623b428d1d1232fac\warp_scheduler
       90 $paramod\pc_update_unit\PC_WIDTH=s32'00000000000000000000000000100000

        +----------Count including submodules.
        | 
    23295 wires
    31221 wire bits
      261 public wires
     8062 public wire bits
       50 ports
     1254 port bits
        - memories
        - memory bits
        - processes
    29950 cells
      560   $_ANDNOT_
     8402   $_AND_
     2112   $_DFFE_PN0P_
      128   $_DFFE_PN_
     4096   $_DFFE_PP_
        2   $_DFF_PN0_
      963   $_MUX_
    12525   $_NAND_
      108   $_NOR_
      180   $_NOT_
      192   $_ORNOT_
      475   $_OR_
       96   $_XNOR_
      111   $_XOR_
        6 submodules
        1   $paramod$20f9d1ebf2d220d6d149ed1f156499717425796a\fetch_decode_unit
        1   $paramod$b2a1694e054de7dfdcdbcd4b1356480af6859439\data_mem
        1   $paramod$bbdd970d5e9d5db000ca33c4cf0f699d1c916bbb\inst_mem
        1   $paramod$c340cd9ddb594af487b68a1f41f357874e13cce6\simt_execution_core
        1   $paramod$fd0170a58924e6d7b2131d4623b428d1d1232fac\warp_scheduler
        1   $paramod\pc_update_unit\PC_WIDTH=s32'00000000000000000000000000100000

7. Executing Verilog backend.

7.1. Executing BMUXMAP pass.

7.2. Executing DEMUXMAP pass.
Dumping module `$paramod$20f9d1ebf2d220d6d149ed1f156499717425796a\fetch_decode_unit'.
Dumping module `$paramod$b2a1694e054de7dfdcdbcd4b1356480af6859439\data_mem'.
Dumping module `$paramod$bbdd970d5e9d5db000ca33c4cf0f699d1c916bbb\inst_mem'.
Dumping module `$paramod$c340cd9ddb594af487b68a1f41f357874e13cce6\simt_execution_core'.
Dumping module `$paramod$fd0170a58924e6d7b2131d4623b428d1d1232fac\warp_scheduler'.
Dumping module `$paramod\pc_update_unit\PC_WIDTH=s32'00000000000000000000000000100000'.
Dumping module `\gpu_top'.
"Synthesis complete. Netlist: sim_build/gpu_synth_netlist.v"

Warnings: 33 unique messages, 38 total
End of script. Logfile hash: 341b15f834, time: 9.45s, user: 6.40s, system: 0.11s, MEM: 146.77 MB peak
Yosys 0.69+post (git sha1 143eb14f9cc55d6f8927e68523b0c9d2166ed02c, Release, AppleClang clang++ 21.0.0.21000101)
Time spent: 44% 3x read_verilog (4 sec), 37% 1x abc (3 sec), ...
